FlowCSV,1,2,0.00378812
FlowCSV,2,3,0.0035829
FlowCSV,3,4,0.00365128
FlowCSV,4,5,0.0040689
FlowCSV,5,6,0.00458843
FlowCSV,6,7,0.00513022
FlowCSV,7,8,0.00456621
FlowCSV,8,9,0.00513173
FlowCSV,9,10,0.00409968
FlowCSV,10,11,0.00365575
FlowCSV,11,12,0.00442967
FlowCSV,12,13,0.00434099
FlowCSV,13,14,0.00463418
FlowCSV,14,15,0.00464691
FlowCSV,15,16,0.00386197
FlowCSV,16,17,0.00402775
FlowCSV,17,18,0.00455431
FlowCSV,18,19,0.00451148
FlowCSV,19,20,0.00406066
FlowCSV,20,21,0.00465854
FlowCSV,21,22,0.00448892
FlowCSV,22,23,0.00356677
FlowCSV,23,24,0.00341325
FlowCSV,24,25,0.00352527
FlowCSV,25,26,0.00283433
FlowCSV,26,27,0.00354286
FlowCSV,27,28,0.00438283
FlowCSV,28,29,0.00282085
FlowCSV,29,30,0.00252713
FlowCSV,30,31,0.00256868
FlowCSV,31,32,0.00322442
FlowCSV,32,33,0.00271844
FlowCSV,33,34,0.00303667
FlowCSV,34,35,0.00272076
FlowCSV,35,36,0.00275295
FlowCSV,36,37,0.00258006
FlowCSV,37,38,0.00273686
FlowCSV,38,39,0.00266371
FlowCSV,39,40,0.00259349
FlowCSV,40,41,0.00304416
FlowCSV,41,42,0.0027979
FlowCSV,42,43,0.0025317
FlowCSV,43,44,0.00266297
FlowCSV,44,45,0.00240659
FlowCSV,45,46,0.00480471
FlowCSV,46,47,0.00439654
FlowCSV,47,48,0.00398159
FlowCSV,48,49,0.00263742
FlowCSV,49,50,0.00264099
FlowCSV,50,51,0.00274083
FlowCSV,51,52,0.00286212
FlowCSV,52,53,0.00238137
FlowCSV,53,54,0.00384777
FlowCSV,54,55,0.00422575
FlowCSV,55,56,0.00235539
FlowCSV,56,57,0.00233318
FlowCSV,57,58,0.00243866
FlowCSV,58,59,0.00305247
FlowCSV,59,60,0.00283646
FlowCSV,60,61,0.00239322
FlowCSV,61,62,0.00347684
FlowCSV,62,63,0.00342293
FlowCSV,63,64,0.00340323
FlowCSV,64,65,0.00408939
FlowCSV,65,66,0.00356779
FlowCSV,66,67,0.00241947
FlowCSV,67,68,0.00262584
FlowCSV,68,69,0.00356165
FlowCSV,69,70,0.00340425
FlowCSV,70,71,0.00282261
FlowCSV,71,72,0.00260169
FlowCSV,72,73,0.00251369
FlowCSV,73,74,0.0030019
FlowCSV,74,75,0.00259139
FlowCSV,75,76,0.00248084
FlowCSV,76,77,0.00334417
FlowCSV,77,78,0.00344282
FlowCSV,78,79,0.00255999
FlowCSV,79,80,0.00257971
FlowCSV,80,81,0.00248739
FlowCSV,81,82,0.00300164
FlowCSV,82,83,0.00242057
FlowCSV,83,84,0.00251586
FlowCSV,84,85,0.00244354
FlowCSV,85,86,0.00256413
FlowCSV,86,87,0.00262125
FlowCSV,87,88,0.00226506
FlowCSV,88,89,0.00292839
FlowCSV,89,90,0.00256635
FlowCSV,90,91,0.00218828
FlowCSV,91,92,0.00247963
FlowCSV,92,93,0.00274741
FlowCSV,93,94,0.00223151
FlowCSV,94,95,0.00248801
FlowCSV,95,96,0.00290912
FlowCSV,96,97,0.00268194
FlowCSV,97,98,0.00251715
FlowCSV,98,99,0.00263579
FlowCSV,99,100,0.00323656
FlowCSV,100,101,0.00301065
FlowCSV,101,102,0.209184
FlowCSV,102,103,0.00498269
FlowCSV,103,104,0.00490517
FlowCSV,104,105,0.00557506
FlowCSV,105,106,0.00616373
FlowCSV,106,107,0.00546876
FlowCSV,107,108,0.00558097
FlowCSV,108,109,0.00600777
FlowCSV,109,110,0.00645518
FlowCSV,110,111,0.00638552
FlowCSV,111,112,0.00633527
FlowCSV,112,113,0.00702974
FlowCSV,113,114,0.00675451
FlowCSV,114,115,0.00605309
FlowCSV,115,116,0.0062345
FlowCSV,116,117,0.00654422
FlowCSV,117,118,0.0054898
FlowCSV,118,119,0.0052475
FlowCSV,119,120,0.0054281
FlowCSV,120,121,0.00602927
FlowCSV,121,122,0.00555661
FlowCSV,122,123,0.0053226
FlowCSV,123,124,0.00526572
FlowCSV,124,125,0.00491736
FlowCSV,125,126,0.00466296
FlowCSV,126,127,0.00487756
FlowCSV,127,128,0.00451944
FlowCSV,128,129,0.00427013
FlowCSV,129,130,0.00423604
FlowCSV,130,131,0.00423726
FlowCSV,131,132,0.00397886
FlowCSV,132,133,0.00384348
FlowCSV,133,134,0.00402863
FlowCSV,134,135,0.00386889
FlowCSV,135,136,0.0040195
FlowCSV,136,137,0.00387923
FlowCSV,137,138,0.003939
FlowCSV,138,139,0.00399048
FlowCSV,139,140,0.00448817
FlowCSV,140,141,0.00512941
FlowCSV,141,142,0.00472847
FlowCSV,142,143,0.00452456
FlowCSV,143,144,0.00498706
FlowCSV,144,145,0.0049925
FlowCSV,145,146,0.00448824
FlowCSV,146,147,0.00475893
FlowCSV,147,148,0.00539314
FlowCSV,148,149,0.00597869
FlowCSV,149,150,0.00542092
FlowCSV,150,151,0.005204
FlowCSV,151,152,0.00526559
FlowCSV,152,153,0.00532294
FlowCSV,153,154,0.00501401
FlowCSV,154,155,0.00450988
FlowCSV,155,156,0.00444401
FlowCSV,156,157,0.00453722
FlowCSV,157,158,0.00445355
FlowCSV,158,159,0.00494252
FlowCSV,159,160,0.00500541
FlowCSV,160,161,0.00478899
FlowCSV,161,162,0.00472614
FlowCSV,162,163,0.00492608
FlowCSV,163,164,0.00474309
FlowCSV,164,165,0.00484632
FlowCSV,165,166,0.0055531
FlowCSV,166,167,0.00522707
FlowCSV,167,168,0.00478055
FlowCSV,168,169,0.00549159
FlowCSV,169,170,0.00561233
FlowCSV,170,171,0.00530982
FlowCSV,171,172,0.00487303
FlowCSV,172,173,0.005541
FlowCSV,173,174,0.00560301
FlowCSV,174,175,0.00516973
FlowCSV,175,176,0.00494709
FlowCSV,176,177,0.00551369
FlowCSV,177,178,0.00534166
FlowCSV,178,179,0.00480707
FlowCSV,179,180,0.00456973
FlowCSV,180,181,0.00512979
FlowCSV,181,182,0.0044433
FlowCSV,182,183,0.00465031
FlowCSV,183,184,0.00442461
FlowCSV,184,185,0.00488157
FlowCSV,185,186,0.00445114
FlowCSV,186,187,0.00503363
FlowCSV,187,188,0.00543715
FlowCSV,188,189,0.00506536
FlowCSV,189,190,0.00496811
FlowCSV,190,191,0.00529606
FlowCSV,191,192,0.00526386
FlowCSV,192,193,0.00515917
FlowCSV,193,194,0.00561139
FlowCSV,194,195,0.0060441
FlowCSV,195,196,0.00598521
FlowCSV,196,197,0.00539034
FlowCSV,197,198,0.00612623
FlowCSV,198,199,0.00602862
FlowCSV,199,200,0.00681867
FlowCSV,200,201,0.00668385
FlowCSV,201,202,0.00664486
FlowCSV,202,203,0.00663068
FlowCSV,203,204,0.00656961
FlowCSV,204,205,0.00658471
FlowCSV,205,206,0.00693914
FlowCSV,206,207,0.00722082
FlowCSV,207,208,0.00718813
FlowCSV,208,209,0.006834
FlowCSV,209,210,0.0066397
FlowCSV,210,211,0.00667357
FlowCSV,211,212,0.00685747
FlowCSV,212,213,0.00646146
FlowCSV,213,214,0.00603592
FlowCSV,214,215,0.00554515
FlowCSV,215,216,0.00506282
FlowCSV,216,217,0.00521551
FlowCSV,217,218,0.00480839
FlowCSV,218,219,0.00455695
FlowCSV,219,220,0.00443058
FlowCSV,220,221,0.004254
FlowCSV,221,222,0.00430908
FlowCSV,222,223,0.00446901
FlowCSV,223,224,0.0047199
FlowCSV,224,225,0.0046039
FlowCSV,225,226,0.00428649
FlowCSV,226,227,0.00484132
FlowCSV,227,228,0.00488168
FlowCSV,228,229,0.00471126
FlowCSV,229,230,0.00463283
FlowCSV,230,231,0.00463625
FlowCSV,231,232,0.00488437
FlowCSV,232,233,0.00472866
FlowCSV,233,234,0.00504261
FlowCSV,234,235,0.00512446
FlowCSV,235,236,0.00474883
FlowCSV,236,237,0.00556036
FlowCSV,237,238,0.0055706
FlowCSV,238,239,0.00496812
FlowCSV,239,240,0.00502967
FlowCSV,240,241,0.00552225
FlowCSV,241,242,0.00575046
FlowCSV,242,243,0.00532704
FlowCSV,243,244,0.00517563
FlowCSV,244,245,0.00553545
FlowCSV,245,246,0.00510498
FlowCSV,246,247,0.00466459
FlowCSV,247,248,0.00421655
FlowCSV,248,249,0.00413123
FlowCSV,249,250,0.00372424
FlowCSV,250,251,0.00356105
FlowCSV,251,252,0.00338032
FlowCSV,252,253,0.00299152
FlowCSV,253,254,0.00279956
FlowCSV,254,255,0.00291366
FlowCSV,255,256,0.00295455
FlowCSV,256,257,0.00290281
FlowCSV,257,258,0.00298491
FlowCSV,258,259,0.00295898
FlowCSV,259,260,0.00301183
FlowCSV,260,261,0.00340317
FlowCSV,261,262,0.00323891
FlowCSV,262,263,0.00321481
FlowCSV,263,264,0.00369683
FlowCSV,264,265,0.00404425
FlowCSV,265,266,0.00370281
FlowCSV,266,267,0.0037744
FlowCSV,267,268,0.00382127
FlowCSV,268,269,0.00351968
FlowCSV,269,270,0.00325913
FlowCSV,270,271,0.00364723
FlowCSV,271,272,0.00365467
FlowCSV,272,273,0.00318415
FlowCSV,273,274,0.00289083
FlowCSV,274,275,0.00352813
FlowCSV,275,276,0.00326537
FlowCSV,276,277,0.00290091
FlowCSV,277,278,0.00319049
FlowCSV,278,279,0.00336574
FlowCSV,279,280,0.00356052
FlowCSV,280,281,0.00442288
FlowCSV,281,282,0.00397159
FlowCSV,282,283,0.00372439
FlowCSV,283,284,0.00378897
FlowCSV,284,285,0.00447671
FlowCSV,285,286,0.00429833
FlowCSV,286,287,0.00337752
FlowCSV,287,288,0.00358782
FlowCSV,288,289,0.00364274
FlowCSV,289,290,0.00372228
FlowCSV,290,291,0.16693
FlowCSV,291,292,0.0115658
FlowCSV,292,293,0.0107156
FlowCSV,293,294,0.00809722
FlowCSV,294,295,0.0110078
FlowCSV,295,296,0.0135718
FlowCSV,296,297,0.0185179
FlowCSV,297,298,0.023438
FlowCSV,298,299,0.0306603
FlowCSV,299,300,0.0381981
FlowCSV,300,301,0.0433161
FlowCSV,301,302,0.0483594
FlowCSV,302,303,0.0433072
FlowCSV,303,304,0.0445578
FlowCSV,304,305,0.024967
FlowCSV,305,306,0.0209947
FlowCSV,306,307,0.0216363
FlowCSV,307,308,0.0185451
FlowCSV,308,309,0.0158152
FlowCSV,309,310,0.0165298
FlowCSV,310,311,0.0142262
FlowCSV,311,312,0.0148316
FlowCSV,312,313,0.0150761
FlowCSV,313,314,0.0120132
FlowCSV,314,315,0.0185263
FlowCSV,315,316,0.0188418
FlowCSV,316,317,0.00863185
FlowCSV,317,318,0.01333
FlowCSV,318,319,0.0141294
FlowCSV,319,320,0.0128175
FlowCSV,320,321,0.0107398
FlowCSV,321,322,0.0103547
FlowCSV,322,323,0.00752741
FlowCSV,323,324,0.00836356
FlowCSV,324,325,0.00727272
FlowCSV,325,326,0.00837623
FlowCSV,326,327,0.00850618
FlowCSV,327,328,0.00801691
FlowCSV,328,329,0.00961749
FlowCSV,329,330,0.00815155
FlowCSV,330,331,0.006021
FlowCSV,331,332,0.00633911
FlowCSV,332,333,0.00562462
FlowCSV,333,334,0.00680857
FlowCSV,334,335,0.00599625
FlowCSV,335,336,0.00555205
FlowCSV,336,337,0.00665135
FlowCSV,337,338,0.0095625
FlowCSV,338,339,0.00710119
FlowCSV,339,340,0.00729797
FlowCSV,340,341,0.00553503
FlowCSV,341,342,0.00366429
FlowCSV,342,343,0.00312099
FlowCSV,343,344,0.00293982
FlowCSV,344,345,0.0024831
FlowCSV,345,346,0.0022726
FlowCSV,346,347,0.00212267
FlowCSV,347,348,0.00360552
FlowCSV,348,349,0.00442218
FlowCSV,349,350,0.00507012
FlowCSV,350,351,0.00706647
FlowCSV,351,352,0.00880209
FlowCSV,352,353,0.0105874
FlowCSV,353,354,0.0113947
FlowCSV,354,355,0.0109323
FlowCSV,355,356,0.00809774
FlowCSV,356,357,0.00655183
FlowCSV,357,358,0.00579895
FlowCSV,358,359,0.00515475
FlowCSV,359,360,0.00468235
FlowCSV,360,361,0.0039552
FlowCSV,361,362,0.00757723
FlowCSV,362,363,0.00688606
FlowCSV,363,364,0.00595663
FlowCSV,364,365,0.00589234
FlowCSV,365,366,0.00515228
FlowCSV,366,367,0.00711919
FlowCSV,367,368,0.00637645
FlowCSV,368,369,0.00764509
FlowCSV,369,370,0.00750957
FlowCSV,370,371,0.00865258
FlowCSV,371,372,0.00984454
FlowCSV,372,373,0.00813325
FlowCSV,373,374,0.0101332
FlowCSV,374,375,0.00815025
FlowCSV,375,376,0.00848079
FlowCSV,376,377,0.00860719
FlowCSV,377,378,0.147023
FlowCSV,378,379,0.00537925
FlowCSV,379,380,0.00601461
FlowCSV,380,381,0.00522263
FlowCSV,381,382,0.0037219
FlowCSV,382,383,0.00335773
FlowCSV,383,384,0.00545365
FlowCSV,384,385,0.00424026
FlowCSV,385,386,0.00435007
FlowCSV,386,387,0.00618611
FlowCSV,387,388,0.00731673
FlowCSV,388,389,0.00842942
FlowCSV,389,390,0.00859084
FlowCSV,390,391,0.00703731
FlowCSV,391,392,0.00374527
FlowCSV,392,393,0.00384082
FlowCSV,393,394,0.00448697
FlowCSV,394,395,0.00466395
FlowCSV,395,396,0.00471393
FlowCSV,396,397,0.00552309
FlowCSV,397,398,0.00579673
FlowCSV,398,399,0.00530893
FlowCSV,399,400,0.00435239
FlowCSV,400,401,0.00387564
FlowCSV,401,402,0.00363302
FlowCSV,402,403,0.00358841
FlowCSV,403,404,0.00373596
FlowCSV,404,405,0.0036941
FlowCSV,405,406,0.00361832
FlowCSV,406,407,0.00458734
FlowCSV,407,408,0.00460206
FlowCSV,408,409,0.00427798
FlowCSV,409,410,0.00423163
FlowCSV,410,411,0.00698832
FlowCSV,411,412,0.00733595
FlowCSV,412,413,0.00738017
FlowCSV,413,414,0.00793194
FlowCSV,414,415,0.00829918
FlowCSV,415,416,0.00883712
FlowCSV,416,417,0.00798914
FlowCSV,417,418,0.00611461
FlowCSV,418,419,0.00434289
FlowCSV,419,420,0.0033377
FlowCSV,420,421,0.00285553
FlowCSV,421,422,0.00271813
FlowCSV,422,423,0.00207025
FlowCSV,423,424,0.0019196
FlowCSV,424,425,0.00333384
FlowCSV,425,426,0.00429266
FlowCSV,426,427,0.00488361
FlowCSV,427,428,0.00588185
FlowCSV,428,429,0.00778282
FlowCSV,429,430,0.006267
FlowCSV,430,431,0.00227608
FlowCSV,431,432,0.00359815
FlowCSV,432,433,0.00544964
FlowCSV,433,434,0.00662322
FlowCSV,434,435,0.0063319
FlowCSV,435,436,0.00470552
FlowCSV,436,437,0.00546538
FlowCSV,437,438,0.0072347
FlowCSV,438,439,0.0074422
FlowCSV,439,440,0.00874038
FlowCSV,440,441,0.00961407
FlowCSV,441,442,0.0093051
FlowCSV,442,443,0.00807529
FlowCSV,443,444,0.0082965
FlowCSV,444,445,0.00885568
FlowCSV,445,446,0.00990622
FlowCSV,446,447,0.00927205
FlowCSV,447,448,0.00930681
FlowCSV,448,449,0.00314645
FlowCSV,449,450,0.00789124
FlowCSV,450,451,0.00824374
FlowCSV,451,452,0.00846174
FlowCSV,452,453,0.00589864
FlowCSV,453,454,0.00331876
FlowCSV,454,455,0.00475536
FlowCSV,455,456,0.00832552
FlowCSV,456,457,0.00694414
FlowCSV,457,458,0.00369451
FlowCSV,458,459,0.0071634
FlowCSV,459,460,0.0106693
FlowCSV,460,461,0.00953246
FlowCSV,461,462,0.00701634
FlowCSV,462,463,0.00684912
FlowCSV,463,464,0.00531948
FlowCSV,464,465,0.00304576
FlowCSV,465,466,0.00242407
FlowCSV,466,467,0.00326381
FlowCSV,467,468,0.00656852
FlowCSV,468,469,0.00736595
FlowCSV,469,470,0.0073587
FlowCSV,470,471,0.00738172
FlowCSV,471,472,0.00726974
FlowCSV,472,473,0.00544793
FlowCSV,473,474,0.00583284
FlowCSV,474,475,0.00750334
FlowCSV,475,476,0.0113511
FlowCSV,476,477,0.0114624
FlowCSV,477,478,0.149476
FlowCSV,478,479,0.00221761
FlowCSV,479,480,0.000674354
FlowCSV,480,481,0.00164033
FlowCSV,481,482,0.00394054
FlowCSV,482,483,0.00480369
FlowCSV,483,484,0.00440973
FlowCSV,484,485,0.00382346
FlowCSV,485,486,0.00258975
FlowCSV,486,487,0.00199339
FlowCSV,487,488,0.00229892
FlowCSV,488,489,0.00240009
FlowCSV,489,490,0.00229566
FlowCSV,490,491,0.00167599
FlowCSV,491,492,0.00148184
FlowCSV,492,493,0.00138882
FlowCSV,493,494,0.0018972
FlowCSV,494,495,0.00168542
FlowCSV,495,496,0.000820303
FlowCSV,496,497,0.00132831
FlowCSV,497,498,0.00154606
FlowCSV,498,499,0.00131191
FlowCSV,499,500,0.00125078
FlowCSV,500,501,0.000950571
FlowCSV,501,502,0.00097491
FlowCSV,502,503,0.00220114
FlowCSV,503,504,0.00335283
FlowCSV,504,505,0.00358568
FlowCSV,505,506,0.00271818
FlowCSV,506,507,0.00184261
FlowCSV,507,508,0.00142919
FlowCSV,508,509,0.0016362
FlowCSV,509,510,0.00211145
FlowCSV,510,511,0.00240172
FlowCSV,511,512,0.00172449
FlowCSV,512,513,0.00180086
FlowCSV,513,514,0.000782286
FlowCSV,514,515,0.000952007
FlowCSV,515,516,0.00202372
FlowCSV,516,517,0.00269402
FlowCSV,517,518,0.00186336
FlowCSV,518,519,0.000750346
FlowCSV,519,520,0.000739825
FlowCSV,520,521,0.00152318
FlowCSV,521,522,0.00128988
FlowCSV,522,523,0.00148484
FlowCSV,523,524,0.000746701
FlowCSV,524,525,0.000867784
FlowCSV,525,526,0.00176259
FlowCSV,526,527,0.00206081
FlowCSV,527,528,0.00214829
FlowCSV,528,529,0.00173888
FlowCSV,529,530,0.00114664
FlowCSV,530,531,0.000972542
FlowCSV,531,532,0.000602825
FlowCSV,532,533,0.000681926
FlowCSV,533,534,0.00128453
FlowCSV,534,535,0.00311828
FlowCSV,535,536,0.00226334
FlowCSV,536,537,0.00177132
FlowCSV,537,538,0.00189294
FlowCSV,538,539,0.00167524
FlowCSV,539,540,0.000744658
FlowCSV,540,541,0.0010324
FlowCSV,541,542,0.00183548
FlowCSV,542,543,0.00130029
FlowCSV,543,544,0.00148608
FlowCSV,544,545,0.00157654
FlowCSV,545,546,0.00129288
FlowCSV,546,547,0.00173394
FlowCSV,547,548,0.00154679
FlowCSV,548,549,0.000615753
FlowCSV,549,550,0.000354756
FlowCSV,550,551,0.00145255
FlowCSV,551,552,0.00183371
FlowCSV,552,553,0.00080063
FlowCSV,553,554,0.000368175
FlowCSV,554,555,0.00158347
FlowCSV,555,556,0.00185486
FlowCSV,556,557,0.00101179
FlowCSV,557,558,0.00110152
FlowCSV,558,559,0.00128785
FlowCSV,559,560,0.00180285
FlowCSV,560,561,0.00238367
FlowCSV,561,562,0.00219557
FlowCSV,562,563,0.00180922
FlowCSV,563,564,0.00109911
FlowCSV,564,565,0.00105524
FlowCSV,565,566,0.00133808
FlowCSV,566,567,0.000830687
FlowCSV,567,568,0.000561867
FlowCSV,568,569,0.000505502
FlowCSV,569,570,0.000905833
FlowCSV,570,571,0.000501314
FlowCSV,571,572,0.000813708
FlowCSV,572,573,0.00121263
FlowCSV,573,574,0.00123384
FlowCSV,574,575,0.00131061
FlowCSV,575,576,0.00079846
FlowCSV,576,577,0.000590247
FlowCSV,577,578,0.000477513
FlowCSV,578,579,0.000691685
FlowCSV,579,580,0.000538238
FlowCSV,580,581,0.000797424
FlowCSV,581,582,0.000781562
FlowCSV,582,583,0.000449254
FlowCSV,583,584,0.00072964
FlowCSV,584,585,0.000802879
FlowCSV,585,586,0.000807387
FlowCSV,586,587,0.000448386
FlowCSV,587,588,0.000778597
FlowCSV,588,589,0.00143547
FlowCSV,589,590,0.00131642
FlowCSV,590,591,0.00177931
FlowCSV,591,592,0.00217339
FlowCSV,592,593,0.00205824
FlowCSV,593,594,0.00189396
FlowCSV,594,595,0.00122027
FlowCSV,595,596,0.00108327
FlowCSV,596,597,0.00204221
FlowCSV,597,598,0.00200454
FlowCSV,598,599,0.00112139
FlowCSV,599,600,0.000726268
FlowCSV,600,601,0.000703624
FlowCSV,601,602,0.000521084
FlowCSV,602,603,0.00100905
FlowCSV,603,604,0.000980488
FlowCSV,604,605,0.00121131
FlowCSV,605,606,0.00103489
FlowCSV,606,607,0.000866905
FlowCSV,607,608,0.00105413
FlowCSV,608,609,0.000815542
FlowCSV,609,610,0.00029855
FlowCSV,610,611,0.00125964
FlowCSV,611,612,0.00294935
FlowCSV,612,613,0.00431936
FlowCSV,613,614,0.00345523
FlowCSV,614,615,0.00217957
FlowCSV,615,616,0.00103008
FlowCSV,616,617,0.000641517
FlowCSV,617,618,0.00136044
FlowCSV,618,619,0.0017199
FlowCSV,619,620,0.00175476
FlowCSV,620,621,0.00173956
FlowCSV,621,622,0.00211647
FlowCSV,622,623,0.00267219
FlowCSV,623,624,0.00255744
FlowCSV,624,625,0.00269864
FlowCSV,625,626,0.00241521
FlowCSV,626,627,0.00192306
FlowCSV,627,628,0.00113147
FlowCSV,628,629,0.00164855
FlowCSV,629,630,0.00225773
FlowCSV,630,631,0.00269377
FlowCSV,631,632,0.00247057
FlowCSV,632,633,0.00198477
FlowCSV,633,634,0.00164119
FlowCSV,634,635,0.00234741
FlowCSV,635,636,0.00238401
FlowCSV,636,637,0.00211397
FlowCSV,637,638,0.00197995
FlowCSV,638,639,0.00148732
FlowCSV,639,640,0.00127192
FlowCSV,640,641,0.000486383
FlowCSV,641,642,0.00132919
FlowCSV,642,643,0.00180944
FlowCSV,643,644,0.00211972
FlowCSV,644,645,0.00213667
FlowCSV,645,646,0.00173442
FlowCSV,646,647,0.00175865
FlowCSV,647,648,0.00149098
FlowCSV,648,649,0.00113492
FlowCSV,649,650,0.000715078
FlowCSV,650,651,0.00136627
FlowCSV,651,652,0.00142923
FlowCSV,652,653,0.00115112
FlowCSV,653,654,0.00146737
FlowCSV,654,655,0.00120822
FlowCSV,655,656,0.0010775
FlowCSV,656,657,0.00122378
FlowCSV,657,658,0.00108123
FlowCSV,658,659,0.000361773
FlowCSV,659,660,0.000420287
FlowCSV,660,661,0.000398665
FlowCSV,661,662,0.000918355
FlowCSV,662,663,0.000867225
FlowCSV,663,664,0.0006388
FlowCSV,664,665,0.00131898
FlowCSV,665,666,0.0025541
FlowCSV,666,667,0.00432381
FlowCSV,667,668,0.250684
FlowCSV,668,669,0.00230853
FlowCSV,669,670,0.00204734
FlowCSV,670,671,0.00197316
FlowCSV,671,672,0.00204276
FlowCSV,672,673,0.00216517
FlowCSV,673,674,0.00199684
FlowCSV,674,675,0.00210803
FlowCSV,675,676,0.00191792
FlowCSV,676,677,0.00178146
FlowCSV,677,678,0.00202711
FlowCSV,678,679,0.00215708
FlowCSV,679,680,0.00181328
FlowCSV,680,681,0.00197259
FlowCSV,681,682,0.00182954
FlowCSV,682,683,0.0022986
FlowCSV,683,684,0.00231674
FlowCSV,684,685,0.00193066
FlowCSV,685,686,0.00240603
FlowCSV,686,687,0.00197605
FlowCSV,687,688,0.0021647
FlowCSV,688,689,0.00224102
FlowCSV,689,690,0.00236439
FlowCSV,690,691,0.00238837
FlowCSV,691,692,0.00193111
FlowCSV,692,693,0.00194734
FlowCSV,693,694,0.00203257
FlowCSV,694,695,0.00237911
FlowCSV,695,696,0.00202841
FlowCSV,696,697,0.00211758
FlowCSV,697,698,0.00184229
FlowCSV,698,699,0.00204377
FlowCSV,699,700,0.00164267
FlowCSV,700,701,0.00181425
FlowCSV,701,702,0.00187753
FlowCSV,702,703,0.00165125
FlowCSV,703,704,0.0018416
FlowCSV,704,705,0.00184873
FlowCSV,705,706,0.00171023
FlowCSV,706,707,0.00193228
FlowCSV,707,708,0.00215618
FlowCSV,708,709,0.00160432
FlowCSV,709,710,0.00185637
FlowCSV,710,711,0.00201009
FlowCSV,711,712,0.00163037
FlowCSV,712,713,0.00217231
FlowCSV,713,714,0.00172199
FlowCSV,714,715,0.00201485
FlowCSV,715,716,0.0019672
FlowCSV,716,717,0.00196993
FlowCSV,717,718,0.00177747
FlowCSV,718,719,0.0021056
FlowCSV,719,720,0.0019362
FlowCSV,720,721,0.00220834
FlowCSV,721,722,0.00175
FlowCSV,722,723,0.00196117
FlowCSV,723,724,0.00185274
FlowCSV,724,725,0.00208154
FlowCSV,725,726,0.00189518
FlowCSV,726,727,0.00185624
FlowCSV,727,728,0.00200403
FlowCSV,728,729,0.00180828
FlowCSV,729,730,0.00184173
FlowCSV,730,731,0.00189735
FlowCSV,731,732,0.00195866
FlowCSV,732,733,0.00187164
FlowCSV,733,734,0.00201601
FlowCSV,734,735,0.00192859
FlowCSV,735,736,0.00202495
FlowCSV,736,737,0.00211162
FlowCSV,737,738,0.00212854
FlowCSV,738,739,0.00183213
FlowCSV,739,740,0.00189609
FlowCSV,740,741,0.00202708
FlowCSV,741,742,0.0021192
FlowCSV,742,743,0.00195631
FlowCSV,743,744,0.00190936
FlowCSV,744,745,0.00196056
FlowCSV,745,746,0.00210173
FlowCSV,746,747,0.00213867
FlowCSV,747,748,0.00211741
FlowCSV,748,749,0.0025217
FlowCSV,749,750,0.00208471
FlowCSV,750,751,0.00221486
FlowCSV,751,752,0.0021015
FlowCSV,752,753,0.00258811
FlowCSV,753,754,0.00217162
FlowCSV,754,755,0.00246414
FlowCSV,755,756,0.00193482
FlowCSV,756,757,0.00207941
FlowCSV,757,758,0.00211193
FlowCSV,758,759,0.00213568
FlowCSV,759,760,0.00219966
FlowCSV,760,761,0.00247494
FlowCSV,761,762,0.00196802
FlowCSV,762,763,0.00240847
FlowCSV,763,764,0.00216755
FlowCSV,764,765,0.00259066
FlowCSV,765,766,0.00210918
FlowCSV,766,767,0.0020628
FlowCSV,767,768,0.00200015
FlowCSV,768,769,0.00251516
FlowCSV,769,770,0.0022509
FlowCSV,770,771,0.00251103
FlowCSV,771,772,0.00220907
FlowCSV,772,773,0.00202919
FlowCSV,773,774,0.00223092
FlowCSV,774,775,0.001842
FlowCSV,775,776,0.00192934
FlowCSV,776,777,0.00176457
FlowCSV,777,778,0.00184328
FlowCSV,778,779,0.00206659
FlowCSV,779,780,0.00174111
FlowCSV,780,781,0.00195479
FlowCSV,781,782,0.00187259
FlowCSV,782,783,0.00187663
FlowCSV,783,784,0.00162344
FlowCSV,784,785,0.001611
FlowCSV,785,786,0.00166541
FlowCSV,786,787,0.00175207
FlowCSV,787,788,0.00157312
FlowCSV,788,789,0.0016677
FlowCSV,789,790,0.241015
FlowCSV,790,791,0.00331461
FlowCSV,791,792,0.00510843
FlowCSV,792,793,0.00343634
FlowCSV,793,794,0.00316611
FlowCSV,794,795,0.00656028
FlowCSV,795,796,0.00715231
FlowCSV,796,797,0.0061169
FlowCSV,797,798,0.00382422
FlowCSV,798,799,0.00341847
FlowCSV,799,800,0.00341376
FlowCSV,800,801,0.00496935
FlowCSV,801,802,0.00697522
FlowCSV,802,803,0.00757221
FlowCSV,803,804,0.0058709
FlowCSV,804,805,0.00561281
FlowCSV,805,806,0.00694094
FlowCSV,806,807,0.00891023
FlowCSV,807,808,0.00784453
FlowCSV,808,809,0.00813447
FlowCSV,809,810,0.00897141
FlowCSV,810,811,0.0105477
FlowCSV,811,812,0.010686
FlowCSV,812,813,0.012721
FlowCSV,813,814,0.00922167
FlowCSV,814,815,0.0123441
FlowCSV,815,816,0.015611
FlowCSV,816,817,0.00904568
FlowCSV,817,818,0.0166708
FlowCSV,818,819,0.0114915
FlowCSV,819,820,0.0101945
FlowCSV,820,821,0.00947596
FlowCSV,821,822,0.0088025
FlowCSV,822,823,0.00973923
FlowCSV,823,824,0.00566638
FlowCSV,824,825,0.00356828
FlowCSV,825,826,0.00274559
FlowCSV,826,827,0.00960103
FlowCSV,827,828,0.00625695
FlowCSV,828,829,0.00571164
FlowCSV,829,830,0.00689044
FlowCSV,830,831,0.00462043
FlowCSV,831,832,0.00453266
FlowCSV,832,833,0.00764182
FlowCSV,833,834,0.00198628
FlowCSV,834,835,0.00177459
FlowCSV,835,836,0.00184088
FlowCSV,836,837,0.00173958
FlowCSV,837,838,0.00157394
FlowCSV,838,839,0.00135787
FlowCSV,839,840,0.00182626
FlowCSV,840,841,0.00220959
FlowCSV,841,842,0.00216445
FlowCSV,842,843,0.00112539
FlowCSV,843,844,0.00206334
FlowCSV,844,845,0.000743154
FlowCSV,845,846,0.00111544
FlowCSV,846,847,0.00187828
FlowCSV,847,848,0.00210153
FlowCSV,848,849,0.00253994
FlowCSV,849,850,0.00175476
FlowCSV,850,851,0.00225194
FlowCSV,851,852,0.00168829
FlowCSV,852,853,0.00212294
FlowCSV,853,854,0.00226717
FlowCSV,854,855,0.00221963
FlowCSV,855,856,0.0023658
FlowCSV,856,857,0.000938948
FlowCSV,857,858,0.00192404
FlowCSV,858,859,0.00064526
FlowCSV,859,860,0.00152328
FlowCSV,860,861,0.0012969
FlowCSV,861,862,0.000935791
FlowCSV,862,863,0.000617019
FlowCSV,863,864,0.00038178
FlowCSV,864,865,0.000271262
FlowCSV,865,866,0.000427634
FlowCSV,866,867,0.000322631
FlowCSV,867,868,0.000699426
FlowCSV,868,869,0.000935231
FlowCSV,869,870,0.00200121
FlowCSV,870,871,0.00127017
FlowCSV,871,872,0.00134678
FlowCSV,872,873,0.00114514
FlowCSV,873,874,0.000861097
FlowCSV,874,875,0.00140214
FlowCSV,875,876,0.00120671
FlowCSV,876,877,0.000821655
FlowCSV,877,878,0.00534961
FlowCSV,878,879,0.0026842
FlowCSV,879,880,0.0326526
FlowCSV,880,881,0.004214
FlowCSV,881,882,0.00363937
FlowCSV,882,883,0.00177303
FlowCSV,883,884,0.00314949
FlowCSV,884,885,0.00357748
FlowCSV,885,886,0.00472727
FlowCSV,886,887,0.00596927
FlowCSV,887,888,0.00486976
FlowCSV,888,889,0.00288582
FlowCSV,889,890,0.00241624
FlowCSV,890,891,0.00270734
FlowCSV,891,892,0.00350188
FlowCSV,892,893,0.00247484
FlowCSV,893,894,0.00281929
FlowCSV,894,895,0.00453938
FlowCSV,895,896,0.00692702
FlowCSV,896,897,0.00763512
FlowCSV,897,898,0.00672363
FlowCSV,898,899,0.00582306
FlowCSV,899,900,0.0113616
FlowCSV,900,901,0.0242835
FlowCSV,901,902,0.00696434
FlowCSV,902,903,0.00758537
FlowCSV,903,904,0.00888279
FlowCSV,904,905,0.00666768
FlowCSV,905,906,0.00645002
FlowCSV,906,907,0.00657339
FlowCSV,907,908,0.00563895
FlowCSV,908,909,0.00437494
FlowCSV,909,910,0.004943
FlowCSV,910,911,0.00403022
FlowCSV,911,912,0.0042644
FlowCSV,912,913,0.00791449
FlowCSV,913,914,0.00528444
FlowCSV,914,915,0.00356213
FlowCSV,915,916,0.0106455
FlowCSV,916,917,0.0146786
FlowCSV,917,918,0.0143815
FlowCSV,918,919,0.0161785
FlowCSV,919,920,0.0130167
FlowCSV,920,921,0.00972749
FlowCSV,921,922,0.00631806
FlowCSV,922,923,0.00385999
FlowCSV,923,924,0.00483435
FlowCSV,924,925,0.00568435
FlowCSV,925,926,0.00887415
FlowCSV,926,927,0.0112984
FlowCSV,927,928,0.0241667
FlowCSV,928,929,0.0156517
FlowCSV,929,930,0.0120418
FlowCSV,930,931,0.00950085
FlowCSV,931,932,0.00812051
FlowCSV,932,933,0.00696383
FlowCSV,933,934,0.00666713
FlowCSV,934,935,0.00499993
FlowCSV,935,936,0.00552027
FlowCSV,936,937,0.00859906
FlowCSV,937,938,0.00899048
FlowCSV,938,939,0.00775265
FlowCSV,939,940,0.00592391
FlowCSV,940,941,0.0103554
FlowCSV,941,942,0.000615001
FlowCSV,942,943,0.000867993
FlowCSV,943,944,0.000805655
FlowCSV,944,945,0.000743702
FlowCSV,945,946,0.00024437
FlowCSV,946,947,0.000564768
FlowCSV,947,948,0.000575923
FlowCSV,948,949,0.000600897
FlowCSV,949,950,0.000586413
FlowCSV,950,951,0.000203781
FlowCSV,951,952,0.000281053
FlowCSV,952,953,0.000377484
FlowCSV,953,954,0.000571455
FlowCSV,954,955,0.000129437
FlowCSV,955,956,0.00027928
FlowCSV,956,957,0.000132195
FlowCSV,957,958,0.000159579
FlowCSV,958,959,1.31654e-05
FlowCSV,959,960,0.000326953
FlowCSV,960,961,0.000903423
FlowCSV,961,962,0.000928924
FlowCSV,962,963,0.000693567
FlowCSV,963,964,0.000269868
FlowCSV,964,965,0.000519181
FlowCSV,965,966,0.00030767
FlowCSV,966,967,0.00112057
FlowCSV,967,968,0.000527795
FlowCSV,968,969,0.00059631
FlowCSV,969,970,0.000515712
FlowCSV,970,971,0.000666736
FlowCSV,971,972,0.000322471
FlowCSV,972,973,0.000215564
FlowCSV,973,974,0.0006027
FlowCSV,974,975,0.0011925
FlowCSV,975,976,0.00122531
FlowCSV,976,977,0.000905822
FlowCSV,977,978,0.00073965
FlowCSV,978,979,0.00100755
FlowCSV,979,980,0.00105108
FlowCSV,980,981,0.000926134
FlowCSV,981,982,0.00189371
FlowCSV,982,983,0.000893359
FlowCSV,983,984,0.00122766
FlowCSV,984,985,0.000768401
FlowCSV,985,986,0.000531751
FlowCSV,986,987,0.0023201
FlowCSV,987,988,0.000887821
FlowCSV,988,989,0.00119513
FlowCSV,989,990,0.000496643
FlowCSV,990,991,0.00053276
FlowCSV,991,992,0.000729888
FlowCSV,992,993,0.0011229
FlowCSV,993,994,0.00118084
FlowCSV,994,995,0.00153455
FlowCSV,995,996,0.001115
FlowCSV,996,997,0.000609753
FlowCSV,997,998,0.000193437
FlowCSV,998,999,0.000195785
FlowCSV,999,1000,0.00032085
FlowCSV,1000,1001,0.0542783
FlowCSV,1001,1002,0.00977673
FlowCSV,1002,1003,0.00784365
FlowCSV,1003,1004,0.00816231
FlowCSV,1004,1005,0.00661909
FlowCSV,1005,1006,0.00625107
FlowCSV,1006,1007,0.00392452
FlowCSV,1007,1008,0.00317754
FlowCSV,1008,1009,0.00300235
FlowCSV,1009,1010,0.00475781
FlowCSV,1010,1011,0.00499542
FlowCSV,1011,1012,0.0110223
FlowCSV,1012,1013,0.0103501
FlowCSV,1013,1014,0.00799085
FlowCSV,1014,1015,0.00697256
FlowCSV,1015,1016,0.00540355
FlowCSV,1016,1017,0.00386587
FlowCSV,1017,1018,0.0056759
FlowCSV,1018,1019,0.00828188
FlowCSV,1019,1020,0.00658514
FlowCSV,1020,1021,0.00776638
FlowCSV,1021,1022,0.00936139
FlowCSV,1022,1023,0.00994842
FlowCSV,1023,1024,0.0114233
FlowCSV,1024,1025,0.0111136
FlowCSV,1025,1026,0.00934195
FlowCSV,1026,1027,0.006194
FlowCSV,1027,1028,0.00648557
FlowCSV,1028,1029,0.179425
FlowCSV,1029,1030,0.00301308
FlowCSV,1030,1031,0.0017407
FlowCSV,1031,1032,0.00148335
FlowCSV,1032,1033,0.0026383
FlowCSV,1033,1034,0.00371439
FlowCSV,1034,1035,0.00271693
FlowCSV,1035,1036,0.00217185
FlowCSV,1036,1037,0.00185182
FlowCSV,1037,1038,0.00265116
FlowCSV,1038,1039,0.00189648
FlowCSV,1039,1040,0.001483
FlowCSV,1040,1041,0.00143803
FlowCSV,1041,1042,0.00132085
FlowCSV,1042,1043,0.00250589
FlowCSV,1043,1044,0.00353574
FlowCSV,1044,1045,0.00351479
FlowCSV,1045,1046,0.00341485
FlowCSV,1046,1047,0.00400296
FlowCSV,1047,1048,0.00342188
FlowCSV,1048,1049,0.00286003
FlowCSV,1049,1050,0.00181377
FlowCSV,1050,1051,0.00167768
FlowCSV,1051,1052,0.00140201
FlowCSV,1052,1053,0.00153034
FlowCSV,1053,1054,0.00204755
FlowCSV,1054,1055,0.00224811
FlowCSV,1055,1056,0.00167319
FlowCSV,1056,1057,0.00235704
FlowCSV,1057,1058,0.00280554
FlowCSV,1058,1059,0.00260581
FlowCSV,1059,1060,0.0018866
FlowCSV,1060,1061,0.00236499
FlowCSV,1061,1062,0.00251115
FlowCSV,1062,1063,0.00162281
FlowCSV,1063,1064,0.00105026
FlowCSV,1064,1065,0.00162434
FlowCSV,1065,1066,0.00204767
FlowCSV,1066,1067,0.00175532
FlowCSV,1067,1068,0.00154757
FlowCSV,1068,1069,0.00113481
FlowCSV,1069,1070,0.000937219
FlowCSV,1070,1071,0.000796365
FlowCSV,1071,1072,0.00122047
FlowCSV,1072,1073,0.001562
FlowCSV,1073,1074,0.00181156
FlowCSV,1074,1075,0.00178621
FlowCSV,1075,1076,0.00251913
FlowCSV,1076,1077,0.00302877
FlowCSV,1077,1078,0.0023574
FlowCSV,1078,1079,0.00119608
FlowCSV,1079,1080,0.00172828
FlowCSV,1080,1081,0.00334397
FlowCSV,1081,1082,0.00469101
FlowCSV,1082,1083,0.00483411
FlowCSV,1083,1084,0.00366573
FlowCSV,1084,1085,0.00145231
FlowCSV,1085,1086,0.00150652
FlowCSV,1086,1087,0.00257166
FlowCSV,1087,1088,0.00290436
FlowCSV,1088,1089,0.00244321
FlowCSV,1089,1090,0.00222448
FlowCSV,1090,1091,0.00219271
FlowCSV,1091,1092,0.0025194
FlowCSV,1092,1093,0.00280986
FlowCSV,1093,1094,0.00250796
FlowCSV,1094,1095,0.153358
FlowCSV,1095,1096,0.00522684
FlowCSV,1096,1097,0.00563124
FlowCSV,1097,1098,0.00489977
FlowCSV,1098,1099,0.00473481
FlowCSV,1099,1100,0.0038199
FlowCSV,1100,1101,0.00440671
FlowCSV,1101,1102,0.00580822
FlowCSV,1102,1103,0.00802239
FlowCSV,1103,1104,0.00807465
FlowCSV,1104,1105,0.00792235
FlowCSV,1105,1106,0.00732406
FlowCSV,1106,1107,0.00509555
FlowCSV,1107,1108,0.00478522
FlowCSV,1108,1109,0.00694606
FlowCSV,1109,1110,0.00699014
FlowCSV,1110,1111,0.00716962
FlowCSV,1111,1112,0.00721758
FlowCSV,1112,1113,0.00621085
FlowCSV,1113,1114,0.0056137
FlowCSV,1114,1115,0.00538787
FlowCSV,1115,1116,0.00665815
FlowCSV,1116,1117,0.00804286
FlowCSV,1117,1118,0.00963168
FlowCSV,1118,1119,0.00983006
FlowCSV,1119,1120,0.0073943
FlowCSV,1120,1121,0.00556852
FlowCSV,1121,1122,0.00496731
FlowCSV,1122,1123,0.00445967
FlowCSV,1123,1124,0.00394228
FlowCSV,1124,1125,0.00276704
FlowCSV,1125,1126,0.00277319
FlowCSV,1126,1127,0.00340449
FlowCSV,1127,1128,0.00726428
FlowCSV,1128,1129,0.00577457
FlowCSV,1129,1130,0.00828527
FlowCSV,1130,1131,0.00820716
FlowCSV,1131,1132,0.00766302
FlowCSV,1132,1133,0.00491748
FlowCSV,1133,1134,0.002827
FlowCSV,1134,1135,0.00375072
FlowCSV,1135,1136,0.00473646
FlowCSV,1136,1137,0.0056686
FlowCSV,1137,1138,0.0066381
FlowCSV,1138,1139,0.00638494
FlowCSV,1139,1140,0.00681755
FlowCSV,1140,1141,0.00817528
FlowCSV,1141,1142,0.0104099
FlowCSV,1142,1143,0.00631397
FlowCSV,1143,1144,0.0071404
FlowCSV,1144,1145,0.00584017
FlowCSV,1145,1146,0.00580733
FlowCSV,1146,1147,0.00573084
FlowCSV,1147,1148,0.00498055
FlowCSV,1148,1149,0.00450957
FlowCSV,1149,1150,0.00433658
FlowCSV,1150,1151,0.00403128
FlowCSV,1151,1152,0.00389376
FlowCSV,1152,1153,0.00356678
FlowCSV,1153,1154,0.00362522
FlowCSV,1154,1155,0.00393494
FlowCSV,1155,1156,0.00447984
FlowCSV,1156,1157,0.00503175
FlowCSV,1157,1158,0.00523567
FlowCSV,1158,1159,0.00556342
FlowCSV,1159,1160,0.00547659
FlowCSV,1160,1161,0.00405686
FlowCSV,1161,1162,0.00415006
FlowCSV,1162,1163,0.00267253
FlowCSV,1163,1164,0.00319573
FlowCSV,1164,1165,0.00473095
FlowCSV,1165,1166,0.0189998
FlowCSV,1166,1167,0.00585087
FlowCSV,1167,1168,0.00487578
FlowCSV,1168,1169,0.00204767
FlowCSV,1169,1170,0.00222673
FlowCSV,1170,1171,0.00330544
FlowCSV,1171,1172,0.00484165
FlowCSV,1172,1173,0.00742278
FlowCSV,1173,1174,0.00605033
FlowCSV,1174,1175,0.00552758
FlowCSV,1175,1176,0.00377178
FlowCSV,1176,1177,0.001438
FlowCSV,1177,1178,0.00201246
FlowCSV,1178,1179,0.00394787
FlowCSV,1179,1180,0.0049817
FlowCSV,1180,1181,0.00825946
FlowCSV,1181,1182,0.0102836
FlowCSV,1182,1183,0.0113741
FlowCSV,1183,1184,0.0105464
FlowCSV,1184,1185,0.0082929
FlowCSV,1185,1186,0.00505629
FlowCSV,1186,1187,0.00703582
FlowCSV,1187,1188,0.011968
FlowCSV,1188,1189,0.014249
FlowCSV,1189,1190,0.0122753
FlowCSV,1190,1191,0.0106165
FlowCSV,1191,1192,0.010737
FlowCSV,1192,1193,0.0097237
FlowCSV,1193,1194,0.0120741
FlowCSV,1194,1195,0.01252
FlowCSV,1195,1196,0.00854995
FlowCSV,1196,1197,0.00768101
FlowCSV,1197,1198,0.00636049
FlowCSV,1198,1199,0.00528323
FlowCSV,1199,1200,0.00521378
FlowCSV,1200,1201,0.00563601
FlowCSV,1201,1202,0.00578873
FlowCSV,1202,1203,0.0055835
FlowCSV,1203,1204,0.0053162
FlowCSV,1204,1205,0.00652936
FlowCSV,1205,1206,0.0087041
FlowCSV,1206,1207,0.0105316
FlowCSV,1207,1208,0.00945699
FlowCSV,1208,1209,0.00723916
FlowCSV,1209,1210,0.00667919
FlowCSV,1210,1211,0.00552867
FlowCSV,1211,1212,0.00391274
FlowCSV,1212,1213,0.00377833
FlowCSV,1213,1214,0.00372809
FlowCSV,1214,1215,0.118229
FlowCSV,1215,1216,0.00294955
FlowCSV,1216,1217,0.00174193
FlowCSV,1217,1218,0.00152157
FlowCSV,1218,1219,0.00106733
FlowCSV,1219,1220,0.00195405
FlowCSV,1220,1221,0.000613968
FlowCSV,1221,1222,0.000403953
FlowCSV,1222,1223,0.00040032
FlowCSV,1223,1224,0.000296344
FlowCSV,1224,1225,0.000426132
FlowCSV,1225,1226,0.000804534
FlowCSV,1226,1227,0.000984413
FlowCSV,1227,1228,0.000958329
FlowCSV,1228,1229,0.00110189
FlowCSV,1229,1230,0.00104332
FlowCSV,1230,1231,0.00107799
FlowCSV,1231,1232,0.00044791
FlowCSV,1232,1233,0.000576521
FlowCSV,1233,1234,0.000362436
FlowCSV,1234,1235,0.000427306
FlowCSV,1235,1236,0.000682303
FlowCSV,1236,1237,0.00112657
FlowCSV,1237,1238,0.0012293
FlowCSV,1238,1239,0.00083752
FlowCSV,1239,1240,0.000920107
FlowCSV,1240,1241,0.000566968
FlowCSV,1241,1242,0.000797573
FlowCSV,1242,1243,0.000667927
FlowCSV,1243,1244,0.000939241
FlowCSV,1244,1245,0.000980161
FlowCSV,1245,1246,0.0011309
FlowCSV,1246,1247,0.000516183
FlowCSV,1247,1248,0.000701197
FlowCSV,1248,1249,0.000626386
FlowCSV,1249,1250,0.000949393
FlowCSV,1250,1251,0.00119147
FlowCSV,1251,1252,0.000685297
FlowCSV,1252,1253,0.00108048
FlowCSV,1253,1254,0.000851118
FlowCSV,1254,1255,0.000762504
FlowCSV,1255,1256,0.000482832
FlowCSV,1256,1257,0.000428221
FlowCSV,1257,1258,0.000588212
FlowCSV,1258,1259,0.000611522
FlowCSV,1259,1260,0.00063376
FlowCSV,1260,1261,0.000948312
FlowCSV,1261,1262,0.0550656
FlowCSV,1262,1263,0.000719228
FlowCSV,1263,1264,0.00098647
FlowCSV,1264,1265,0.00183138
FlowCSV,1265,1266,0.00162529
FlowCSV,1266,1267,0.00154871
FlowCSV,1267,1268,0.00133866
FlowCSV,1268,1269,0.00079824
FlowCSV,1269,1270,0.00180666
FlowCSV,1270,1271,0.00240902
FlowCSV,1271,1272,0.00198661
FlowCSV,1272,1273,0.00155663
FlowCSV,1273,1274,0.00188035
FlowCSV,1274,1275,0.000881282
FlowCSV,1275,1276,0.000495448
FlowCSV,1276,1277,0.000908389
FlowCSV,1277,1278,0.00106569
FlowCSV,1278,1279,0.00182317
FlowCSV,1279,1280,0.00171497
FlowCSV,1280,1281,0.00139085
FlowCSV,1281,1282,0.00097451
FlowCSV,1282,1283,0.00133083
FlowCSV,1283,1284,0.0008372
FlowCSV,1284,1285,0.00097847
FlowCSV,1285,1286,0.00057009
FlowCSV,1286,1287,0.00049992
FlowCSV,1287,1288,0.000526386
FlowCSV,1288,1289,0.000425158
FlowCSV,1289,1290,0.000549985
FlowCSV,1290,1291,0.000586894
FlowCSV,1291,1292,0.000519117
FlowCSV,1292,1293,0.000451799
FlowCSV,1293,1294,0.000454808
FlowCSV,1294,1295,0.000333248
FlowCSV,1295,1296,0.000537362
FlowCSV,1296,1297,0.000347421
FlowCSV,1297,1298,0.000458707
FlowCSV,1298,1299,0.000741729
FlowCSV,1299,1300,0.000370876
FlowCSV,1300,1301,0.000575177
FlowCSV,1301,1302,0.000409531
FlowCSV,1302,1303,0.000545697
FlowCSV,1303,1304,0.00057317
FlowCSV,1304,1305,0.000763296
FlowCSV,1305,1306,0.000681374
FlowCSV,1306,1307,0.000571393
FlowCSV,1307,1308,0.000330063
FlowCSV,1308,1309,0.000640571
FlowCSV,1309,1310,0.000627791
FlowCSV,1310,1311,0.000981176
FlowCSV,1311,1312,0.00072423
FlowCSV,1312,1313,0.00124204
FlowCSV,1313,1314,0.000286567
FlowCSV,1314,1315,0.000781402
FlowCSV,1315,1316,0.000752962
FlowCSV,1316,1317,0.000845537
FlowCSV,1317,1318,0.000616671
FlowCSV,1318,1319,0.000616649
FlowCSV,1319,1320,0.000552291
FlowCSV,1320,1321,0.000478583
FlowCSV,1321,1322,0.000645423
FlowCSV,1322,1323,0.000775075
FlowCSV,1323,1324,0.000780956
FlowCSV,1324,1325,0.00127714
FlowCSV,1325,1326,0.000782376
FlowCSV,1326,1327,0.000964324
FlowCSV,1327,1328,0.000633915
FlowCSV,1328,1329,0.000626566
FlowCSV,1329,1330,0.000922062
FlowCSV,1330,1331,0.000660762
FlowCSV,1331,1332,0.00055316
FlowCSV,1332,1333,0.000740608
FlowCSV,1333,1334,0.000793417
FlowCSV,1334,1335,0.00110503
FlowCSV,1335,1336,0.000805229
FlowCSV,1336,1337,0.00113053
FlowCSV,1337,1338,0.00130292
FlowCSV,1338,1339,0.000858433
FlowCSV,1339,1340,0.00120975
FlowCSV,1340,1341,0.000448672
FlowCSV,1341,1342,0.00070032
FlowCSV,1342,1343,0.0950531
FlowCSV,1343,1344,0.00205239
FlowCSV,1344,1345,0.00260638
FlowCSV,1345,1346,0.00231065
FlowCSV,1346,1347,0.00230508
FlowCSV,1347,1348,0.00210969
FlowCSV,1348,1349,0.00186525
FlowCSV,1349,1350,0.00227182
FlowCSV,1350,1351,0.00207825
FlowCSV,1351,1352,0.00202787
FlowCSV,1352,1353,0.00230237
FlowCSV,1353,1354,0.00292913
FlowCSV,1354,1355,0.00271243
FlowCSV,1355,1356,0.00263039
FlowCSV,1356,1357,0.00196068
FlowCSV,1357,1358,0.00104876
FlowCSV,1358,1359,0.00125235
FlowCSV,1359,1360,0.0011302
FlowCSV,1360,1361,0.00111911
FlowCSV,1361,1362,0.000818765
FlowCSV,1362,1363,0.000978819
FlowCSV,1363,1364,0.000969175
FlowCSV,1364,1365,0.00101325
FlowCSV,1365,1366,0.00147708
FlowCSV,1366,1367,0.00139443
FlowCSV,1367,1368,0.00132397
FlowCSV,1368,1369,0.00100845
FlowCSV,1369,1370,0.000713562
FlowCSV,1370,1371,0.000352136
FlowCSV,1371,1372,0.000499721
FlowCSV,1372,1373,0.000483629
FlowCSV,1373,1374,0.000426041
FlowCSV,1374,1375,0.000587099
FlowCSV,1375,1376,0.000601193
FlowCSV,1376,1377,0.000812654
FlowCSV,1377,1378,0.000850175
FlowCSV,1378,1379,0.000846695
FlowCSV,1379,1380,0.000855707
FlowCSV,1380,1381,0.000752221
FlowCSV,1381,1382,0.000433163
FlowCSV,1382,1383,0.000808873
FlowCSV,1383,1384,0.00053305
FlowCSV,1384,1385,0.000443444
FlowCSV,1385,1386,0.000813029
FlowCSV,1386,1387,0.000509996
FlowCSV,1387,1388,0.000795649
FlowCSV,1388,1389,0.000944192
FlowCSV,1389,1390,0.000362194
FlowCSV,1390,1391,0.000381307
FlowCSV,1391,1392,0.000477746
FlowCSV,1392,1393,0.0441456
FlowCSV,1393,1394,0.000537541
FlowCSV,1394,1395,0.00104176
FlowCSV,1395,1396,0.000531391
FlowCSV,1396,1397,0.000504565
FlowCSV,1397,1398,0.00128132
FlowCSV,1398,1399,0.00174791
FlowCSV,1399,1400,0.00179612
FlowCSV,1400,1401,0.00277521
FlowCSV,1401,1402,0.00224828
FlowCSV,1402,1403,0.00212611
FlowCSV,1403,1404,0.00234529
FlowCSV,1404,1405,0.00120423
FlowCSV,1405,1406,0.000965797
FlowCSV,1406,1407,0.000952694
FlowCSV,1407,1408,0.000876079
FlowCSV,1408,1409,0.000905247
FlowCSV,1409,1410,0.00115112
FlowCSV,1410,1411,0.000903265
FlowCSV,1411,1412,0.00112613
FlowCSV,1412,1413,0.000426974
FlowCSV,1413,1414,0.00030965
FlowCSV,1414,1415,0.000396486
FlowCSV,1415,1416,0.00134842
FlowCSV,1416,1417,0.00208694
FlowCSV,1417,1418,0.00175303
FlowCSV,1418,1419,0.00131977
FlowCSV,1419,1420,0.00085204
FlowCSV,1420,1421,0.000780478
FlowCSV,1421,1422,0.00037548
FlowCSV,1422,1423,0.000448185
FlowCSV,1423,1424,0.000445555
FlowCSV,1424,1425,0.000743643
FlowCSV,1425,1426,0.000771665
FlowCSV,1426,1427,0.00110322
FlowCSV,1427,1428,0.000552999
FlowCSV,1428,1429,0.00100159
FlowCSV,1429,1430,0.00116091
FlowCSV,1430,1431,0.00124125
FlowCSV,1431,1432,0.000869945
FlowCSV,1432,1433,0.000901731
FlowCSV,1433,1434,0.000911939
FlowCSV,1434,1435,0.000692605
FlowCSV,1435,1436,0.000749308
FlowCSV,1436,1437,0.000778728
FlowCSV,1437,1438,0.000913307
FlowCSV,1438,1439,0.000615883
FlowCSV,1439,1440,0.000640873
FlowCSV,1440,1441,0.000418851
FlowCSV,1441,1442,0.000666195
FlowCSV,1442,1443,0.000657563
FlowCSV,1443,1444,0.00121066
FlowCSV,1444,1445,0.000383952
FlowCSV,1445,1446,0.000803806
FlowCSV,1446,1447,0.000754254
FlowCSV,1447,1448,0.000277983
FlowCSV,1448,1449,0.000238879
FlowCSV,1449,1450,0.000400655
FlowCSV,1450,1451,0.000859959
FlowCSV,1451,1452,0.000313221
FlowCSV,1452,1453,0.0010702
FlowCSV,1453,1454,0.000520607
FlowCSV,1454,1455,0.00070187
FlowCSV,1455,1456,0.000942764
FlowCSV,1456,1457,0.000633482
FlowCSV,1457,1458,0.000848638
FlowCSV,1458,1459,0.000842233
FlowCSV,1459,1460,0.000553254
FlowCSV,1460,1461,0.00152007
FlowCSV,1461,1462,0.00131848
FlowCSV,1462,1463,0.00102747
FlowCSV,1463,1464,0.0013161
FlowCSV,1464,1465,0.00127196
FlowCSV,1465,1466,0.200035
FlowCSV,1466,1467,0.00914592
FlowCSV,1467,1468,0.00481505
FlowCSV,1468,1469,0.00376806
FlowCSV,1469,1470,0.00303626
FlowCSV,1470,1471,0.0112181
FlowCSV,1471,1472,0.00719852
FlowCSV,1472,1473,0.00845607
FlowCSV,1473,1474,0.00832636
FlowCSV,1474,1475,0.00855845
FlowCSV,1475,1476,0.00841337
FlowCSV,1476,1477,0.00834418
FlowCSV,1477,1478,0.00946781
FlowCSV,1478,1479,0.0119221
FlowCSV,1479,1480,0.0142225
FlowCSV,1480,1481,0.0128314
FlowCSV,1481,1482,0.0122932
FlowCSV,1482,1483,0.0139549
FlowCSV,1483,1484,0.0152744
FlowCSV,1484,1485,0.0163587
FlowCSV,1485,1486,0.019695
FlowCSV,1486,1487,0.0194694
FlowCSV,1487,1488,0.0206087
FlowCSV,1488,1489,0.0212389
FlowCSV,1489,1490,0.0208954
FlowCSV,1490,1491,0.0208209
FlowCSV,1491,1492,0.0280475
FlowCSV,1492,1493,0.0224766
FlowCSV,1493,1494,0.0217867
FlowCSV,1494,1495,0.0218574
FlowCSV,1495,1496,0.0183472
FlowCSV,1496,1497,0.017774
FlowCSV,1497,1498,0.0144727
FlowCSV,1498,1499,0.013756
FlowCSV,1499,1500,0.0120497
FlowCSV,1500,1501,0.00953317
FlowCSV,1501,1502,0.00846156
FlowCSV,1502,1503,0.00698225
FlowCSV,1503,1504,0.00663672
FlowCSV,1504,1505,0.00600921
FlowCSV,1505,1506,0.00597634
FlowCSV,1506,1507,0.00631342
FlowCSV,1507,1508,0.00651777
FlowCSV,1508,1509,0.00638959
FlowCSV,1509,1510,0.00590584
FlowCSV,1510,1511,0.00581037
FlowCSV,1511,1512,0.00514996
FlowCSV,1512,1513,0.0033135
FlowCSV,1513,1514,0.00278111
FlowCSV,1514,1515,0.00190823
FlowCSV,1515,1516,0.00218708
FlowCSV,1516,1517,0.00288964
FlowCSV,1517,1518,0.00294634
FlowCSV,1518,1519,0.00336363
FlowCSV,1519,1520,0.00340462
FlowCSV,1520,1521,0.00306823
FlowCSV,1521,1522,0.00245261
FlowCSV,1522,1523,0.00214255
FlowCSV,1523,1524,0.00263984
FlowCSV,1524,1525,0.0041655
FlowCSV,1525,1526,0.113766
FlowCSV,1526,1527,0.00814966
FlowCSV,1527,1528,0.00920149
FlowCSV,1528,1529,0.0101032
FlowCSV,1529,1530,0.0106228
FlowCSV,1530,1531,0.0109956
FlowCSV,1531,1532,0.0113884
FlowCSV,1532,1533,0.0116903
FlowCSV,1533,1534,0.010169
FlowCSV,1534,1535,0.00850942
FlowCSV,1535,1536,0.00795952
FlowCSV,1536,1537,0.0108402
FlowCSV,1537,1538,0.013886
FlowCSV,1538,1539,0.0147699
FlowCSV,1539,1540,0.0147174
FlowCSV,1540,1541,0.014242
FlowCSV,1541,1542,0.0123994
FlowCSV,1542,1543,0.012542
FlowCSV,1543,1544,0.0147173
FlowCSV,1544,1545,0.0190926
FlowCSV,1545,1546,0.0247657
FlowCSV,1546,1547,0.0292259
FlowCSV,1547,1548,0.0328454
FlowCSV,1548,1549,0.0357274
FlowCSV,1549,1550,0.0402783
FlowCSV,1550,1551,0.0410028
FlowCSV,1551,1552,0.0426892
FlowCSV,1552,1553,0.0455432
FlowCSV,1553,1554,0.0484812
FlowCSV,1554,1555,0.0489912
FlowCSV,1555,1556,0.0514653
FlowCSV,1556,1557,0.0478651
FlowCSV,1557,1558,0.0452166
FlowCSV,1558,1559,0.0555972
FlowCSV,1559,1560,0.0396139
FlowCSV,1560,1561,0.0334086
FlowCSV,1561,1562,0.0249118
FlowCSV,1562,1563,0.0191896
FlowCSV,1563,1564,0.0165137
FlowCSV,1564,1565,0.0166629
FlowCSV,1565,1566,0.0173207
FlowCSV,1566,1567,0.0201966
FlowCSV,1567,1568,0.0189783
FlowCSV,1568,1569,0.0185395
FlowCSV,1569,1570,0.0192646
FlowCSV,1570,1571,0.0199388
FlowCSV,1571,1572,0.0209592
FlowCSV,1572,1573,0.02193
FlowCSV,1573,1574,0.0200219
FlowCSV,1574,1575,0.0236477
FlowCSV,1575,1576,0.0305922
FlowCSV,1576,1577,0.0281223
FlowCSV,1577,1578,0.0311231
FlowCSV,1578,1579,0.0337473
FlowCSV,1579,1580,0.0254064
FlowCSV,1580,1581,0.0290626
FlowCSV,1581,1582,0.0202759
FlowCSV,1582,1583,0.030469
FlowCSV,1583,1584,0.0882754
FlowCSV,1584,1585,0.113931
FlowCSV,1585,1586,0.02078
FlowCSV,1586,1587,0.0222534
FlowCSV,1587,1588,0.022558
FlowCSV,1588,1589,0.0292237
FlowCSV,1589,1590,0.0276624
FlowCSV,1590,1591,0.0281891
FlowCSV,1591,1592,0.0301075
FlowCSV,1592,1593,0.033102
FlowCSV,1593,1594,0.0359738
FlowCSV,1594,1595,0.0286858
FlowCSV,1595,1596,0.0404919
FlowCSV,1596,1597,0.035334
FlowCSV,1597,1598,0.0206229
FlowCSV,1598,1599,0.0193123
FlowCSV,1599,1600,0.017076
FlowCSV,1600,1601,0.0203926
FlowCSV,1601,1602,0.0346349
FlowCSV,1602,1603,0.0324503
FlowCSV,1603,1604,0.033713
FlowCSV,1604,1605,0.0359853
FlowCSV,1605,1606,0.0270913
FlowCSV,1606,1607,0.0212153
FlowCSV,1607,1608,0.0203459
FlowCSV,1608,1609,0.0643631
FlowCSV,1609,1610,0.037559
FlowCSV,1610,1611,0.0278177
FlowCSV,1611,1612,0.02337
FlowCSV,1612,1613,0.0229143
FlowCSV,1613,1614,0.0261306
FlowCSV,1614,1615,0.0285717
FlowCSV,1615,1616,0.0287835
FlowCSV,1616,1617,0.0261326
FlowCSV,1617,1618,0.0266037
FlowCSV,1618,1619,0.0352578
FlowCSV,1619,1620,0.0352939
FlowCSV,1620,1621,0.0336152
FlowCSV,1621,1622,0.0475746
FlowCSV,1622,1623,0.0433951
FlowCSV,1623,1624,0.0429058
FlowCSV,1624,1625,0.0549088
FlowCSV,1625,1626,0.032203
FlowCSV,1626,1627,0.036476
FlowCSV,1627,1628,0.0323078
FlowCSV,1628,1629,0.0272545
FlowCSV,1629,1630,0.0295691
FlowCSV,1630,1631,0.0211829
FlowCSV,1631,1632,0.0190313
FlowCSV,1632,1633,0.0185838
FlowCSV,1633,1634,0.0152229
FlowCSV,1634,1635,0.0152703
FlowCSV,1635,1636,0.0161125
FlowCSV,1636,1637,0.0132675
FlowCSV,1637,1638,0.0173356
FlowCSV,1638,1639,0.0211279
FlowCSV,1639,1640,0.0146034
FlowCSV,1640,1641,0.0164043
FlowCSV,1641,1642,0.0118347
FlowCSV,1642,1643,0.01137
FlowCSV,1643,1644,0.00935824
FlowCSV,1644,1645,0.00805459
FlowCSV,1645,1646,0.00959333
FlowCSV,1646,1647,0.00787696
FlowCSV,1647,1648,0.00807259
FlowCSV,1648,1649,0.00724693
FlowCSV,1649,1650,0.00766199
FlowCSV,1650,1651,0.00983636
FlowCSV,1651,1652,0.0141565
FlowCSV,1652,1653,0.017157
FlowCSV,1653,1654,0.0053805
FlowCSV,1654,1655,0.00531757
FlowCSV,1655,1656,0.0069876
FlowCSV,1656,1657,0.00843136
FlowCSV,1657,1658,0.00856391
FlowCSV,1658,1659,0.00853837
FlowCSV,1659,1660,0.00595253
FlowCSV,1660,1661,0.00490155
FlowCSV,1661,1662,0.00495782
FlowCSV,1662,1663,0.00420032
FlowCSV,1663,1664,0.00318232
FlowCSV,1664,1665,0.00244898
FlowCSV,1665,1666,0.00357165
FlowCSV,1666,1667,0.00287269
FlowCSV,1667,1668,0.00255551
FlowCSV,1668,1669,0.00279719
FlowCSV,1669,1670,0.00350097
FlowCSV,1670,1671,0.00529857
FlowCSV,1671,1672,0.0054092
FlowCSV,1672,1673,0.00575638
FlowCSV,1673,1674,0.00577397
FlowCSV,1674,1675,0.00381531
FlowCSV,1675,1676,0.00374237
FlowCSV,1676,1677,0.00481068
FlowCSV,1677,1678,0.00573233
FlowCSV,1678,1679,0.00355759
FlowCSV,1679,1680,0.0029025
FlowCSV,1680,1681,0.00215607
FlowCSV,1681,1682,0.00223202
FlowCSV,1682,1683,0.00167037
FlowCSV,1683,1684,0.00174292
FlowCSV,1684,1685,0.00214966
FlowCSV,1685,1686,0.00207134
FlowCSV,1686,1687,0.0016458
FlowCSV,1687,1688,0.00125612
FlowCSV,1688,1689,0.000510023
FlowCSV,1689,1690,0.00119737
FlowCSV,1690,1691,0.0017622
FlowCSV,1691,1692,0.00195023
FlowCSV,1692,1693,0.00217199
FlowCSV,1693,1694,0.00269368
FlowCSV,1694,1695,0.00324106
FlowCSV,1695,1696,0.00281653
FlowCSV,1696,1697,0.00272814
FlowCSV,1697,1698,0.00277567
FlowCSV,1698,1699,0.00270101
FlowCSV,1699,1700,0.00337679
FlowCSV,1700,1701,0.00276589
FlowCSV,1701,1702,0.00291439
FlowCSV,1702,1703,0.0028085
FlowCSV,1703,1704,0.00246265
FlowCSV,1704,1705,0.00234571
FlowCSV,1705,1706,0.00219783
FlowCSV,1706,1707,0.00178296
FlowCSV,1707,1708,0.00103771
FlowCSV,1708,1709,0.00112339
FlowCSV,1709,1710,0.000884991
FlowCSV,1710,1711,0.000947835
FlowCSV,1711,1712,0.000924103
FlowCSV,1712,1713,0.00123177
FlowCSV,1713,1714,0.00217613
FlowCSV,1714,1715,0.00305423
FlowCSV,1715,1716,0.00342005
FlowCSV,1716,1717,0.00360929
FlowCSV,1717,1718,0.00317374
FlowCSV,1718,1719,0.00289626
FlowCSV,1719,1720,0.00253186
FlowCSV,1720,1721,0.00277891
FlowCSV,1721,1722,0.00374582
FlowCSV,1722,1723,0.00280329
FlowCSV,1723,1724,0.0011799
FlowCSV,1724,1725,0.000823963
FlowCSV,1725,1726,0.000880106
FlowCSV,1726,1727,0.00190829
FlowCSV,1727,1728,0.207295
FlowCSV,1728,1729,0.00314542
FlowCSV,1729,1730,0.00228865
FlowCSV,1730,1731,0.00233149
FlowCSV,1731,1732,0.00269867
FlowCSV,1732,1733,0.00238678
FlowCSV,1733,1734,0.0032958
FlowCSV,1734,1735,0.00398557
FlowCSV,1735,1736,0.00297843
FlowCSV,1736,1737,0.002472
FlowCSV,1737,1738,0.00210158
FlowCSV,1738,1739,0.00222536
FlowCSV,1739,1740,0.00220902
FlowCSV,1740,1741,0.00294489
FlowCSV,1741,1742,0.00374161
FlowCSV,1742,1743,0.00397991
FlowCSV,1743,1744,0.00419565
FlowCSV,1744,1745,0.00413819
FlowCSV,1745,1746,0.00363589
FlowCSV,1746,1747,0.00315848
FlowCSV,1747,1748,0.00305454
FlowCSV,1748,1749,0.00297709
FlowCSV,1749,1750,0.00314012
FlowCSV,1750,1751,0.00242086
FlowCSV,1751,1752,0.00256411
FlowCSV,1752,1753,0.00209455
FlowCSV,1753,1754,0.00225137
FlowCSV,1754,1755,0.00249609
FlowCSV,1755,1756,0.00303783
FlowCSV,1756,1757,0.00323124
FlowCSV,1757,1758,0.0026255
FlowCSV,1758,1759,0.0017652
FlowCSV,1759,1760,0.00157646
FlowCSV,1760,1761,0.00172894
FlowCSV,1761,1762,0.00196023
FlowCSV,1762,1763,0.0017242
FlowCSV,1763,1764,0.00151705
FlowCSV,1764,1765,0.00186726
FlowCSV,1765,1766,0.00195988
FlowCSV,1766,1767,0.0016927
FlowCSV,1767,1768,0.0013077
FlowCSV,1768,1769,0.00136299
FlowCSV,1769,1770,0.00139655
FlowCSV,1770,1771,0.00119646
FlowCSV,1771,1772,0.00111522
FlowCSV,1772,1773,0.00157613
FlowCSV,1773,1774,0.00203822
FlowCSV,1774,1775,0.00189538
FlowCSV,1775,1776,0.00215858
FlowCSV,1776,1777,0.00250356
FlowCSV,1777,1778,0.00288784
FlowCSV,1778,1779,0.00277173
FlowCSV,1779,1780,0.00279765
FlowCSV,1780,1781,0.00270008
FlowCSV,1781,1782,0.00328879
FlowCSV,1782,1783,0.00296049
FlowCSV,1783,1784,0.00340556
FlowCSV,1784,1785,0.00296669
FlowCSV,1785,1786,0.00301329
FlowCSV,1786,1787,0.00285803
FlowCSV,1787,1788,0.00230206
FlowCSV,1788,1789,0.00157197
FlowCSV,1789,1790,0.00142688
FlowCSV,1790,1791,0.00179908
FlowCSV,1791,1792,0.00268793
FlowCSV,1792,1793,0.00342138
FlowCSV,1793,1794,0.004633
FlowCSV,1794,1795,0.00322342
FlowCSV,1795,1796,0.00359561
FlowCSV,1796,1797,0.00319067
FlowCSV,1797,1798,0.00323529
FlowCSV,1798,1799,0.00337798
FlowCSV,1799,1800,0.0030467
FlowCSV,1800,1801,0.0027084
FlowCSV,1801,1802,0.00230552
FlowCSV,1802,1803,0.00225676
FlowCSV,1803,1804,0.002693
FlowCSV,1804,1805,0.00310676
FlowCSV,1805,1806,0.0033905
FlowCSV,1806,1807,0.00408911
FlowCSV,1807,1808,0.00315158
FlowCSV,1808,1809,0.0025801
FlowCSV,1809,1810,0.00226592
FlowCSV,1810,1811,0.00235804
FlowCSV,1811,1812,0.00243803
FlowCSV,1812,1813,0.00210945
FlowCSV,1813,1814,0.00168009
FlowCSV,1814,1815,0.00175442
FlowCSV,1815,1816,0.00292594
FlowCSV,1816,1817,0.00354807
FlowCSV,1817,1818,0.00348641
FlowCSV,1818,1819,0.00294478
FlowCSV,1819,1820,0.00332454
FlowCSV,1820,1821,0.00375115
FlowCSV,1821,1822,0.00368662
FlowCSV,1822,1823,0.00351389
FlowCSV,1823,1824,0.00373141
FlowCSV,1824,1825,0.00412739
FlowCSV,1825,1826,0.00382745
FlowCSV,1826,1827,0.00363104
FlowCSV,1827,1828,0.00279615
FlowCSV,1828,1829,0.00292744
FlowCSV,1829,1830,0.00250887
FlowCSV,1830,1831,0.00240474
FlowCSV,1831,1832,0.00239463
FlowCSV,1832,1833,0.00253228
FlowCSV,1833,1834,0.00275404
FlowCSV,1834,1835,0.00275013
FlowCSV,1835,1836,0.00278286
FlowCSV,1836,1837,0.00273691
FlowCSV,1837,1838,0.00279739
FlowCSV,1838,1839,0.00290777
FlowCSV,1839,1840,0.00306005
FlowCSV,1840,1841,0.00310097
FlowCSV,1841,1842,0.00306742
FlowCSV,1842,1843,0.00210501
FlowCSV,1843,1844,0.0027819
FlowCSV,1844,1845,0.00593616
FlowCSV,1845,1846,0.0084111
FlowCSV,1846,1847,0.00798811
FlowCSV,1847,1848,0.0061228
FlowCSV,1848,1849,0.00552848
FlowCSV,1849,1850,0.00560238
FlowCSV,1850,1851,0.00572665
FlowCSV,1851,1852,0.00505146
FlowCSV,1852,1853,0.00364185
FlowCSV,1853,1854,0.00176692
FlowCSV,1854,1855,0.00183907
FlowCSV,1855,1856,0.00328257
FlowCSV,1856,1857,0.00407322
FlowCSV,1857,1858,0.00407066
FlowCSV,1858,1859,0.00360028
FlowCSV,1859,1860,0.00316607
FlowCSV,1860,1861,0.00279383
FlowCSV,1861,1862,0.00355814
FlowCSV,1862,1863,0.00388963
FlowCSV,1863,1864,0.00335468
FlowCSV,1864,1865,0.00362992
FlowCSV,1865,1866,0.00435358
FlowCSV,1866,1867,0.004947
FlowCSV,1867,1868,0.00545005
FlowCSV,1868,1869,0.00592801
FlowCSV,1869,1870,0.00553361
FlowCSV,1870,1871,0.00526993
FlowCSV,1871,1872,0.00554332
FlowCSV,1872,1873,0.00534303
FlowCSV,1873,1874,0.00487016
FlowCSV,1874,1875,0.00430807
FlowCSV,1875,1876,0.00375829
FlowCSV,1876,1877,0.0032778
FlowCSV,1877,1878,0.00278488
FlowCSV,1878,1879,0.00183199
FlowCSV,1879,1880,0.00142517
FlowCSV,1880,1881,0.00130585
FlowCSV,1881,1882,0.00106168
FlowCSV,1882,1883,0.000578585
FlowCSV,1883,1884,0.164152
FlowCSV,1884,1885,0.00409139
FlowCSV,1885,1886,0.00400535
FlowCSV,1886,1887,0.00329173
FlowCSV,1887,1888,0.00244301
FlowCSV,1888,1889,0.00130108
FlowCSV,1889,1890,0.000687137
FlowCSV,1890,1891,0.00146235
FlowCSV,1891,1892,0.00195183
FlowCSV,1892,1893,0.00216518
FlowCSV,1893,1894,0.00171266
FlowCSV,1894,1895,0.00159789
FlowCSV,1895,1896,0.0018785
FlowCSV,1896,1897,0.00194179
FlowCSV,1897,1898,0.00247487
FlowCSV,1898,1899,0.00259557
FlowCSV,1899,1900,0.00229762
FlowCSV,1900,1901,0.00113609
FlowCSV,1901,1902,0.00127389
FlowCSV,1902,1903,0.00153678
FlowCSV,1903,1904,0.0018413
FlowCSV,1904,1905,0.0018231
FlowCSV,1905,1906,0.00170142
FlowCSV,1906,1907,0.00157103
FlowCSV,1907,1908,0.00216812
FlowCSV,1908,1909,0.0030046
FlowCSV,1909,1910,0.00359229
FlowCSV,1910,1911,0.00388624
FlowCSV,1911,1912,0.00347988
FlowCSV,1912,1913,0.00309626
FlowCSV,1913,1914,0.00221327
FlowCSV,1914,1915,0.00196851
FlowCSV,1915,1916,0.00158838
FlowCSV,1916,1917,0.00110065
FlowCSV,1917,1918,0.00105496
FlowCSV,1918,1919,0.000872391
FlowCSV,1919,1920,0.00106243
FlowCSV,1920,1921,0.000849935
FlowCSV,1921,1922,0.00134636
FlowCSV,1922,1923,0.00140389
FlowCSV,1923,1924,0.00171239
FlowCSV,1924,1925,0.00153221
FlowCSV,1925,1926,0.00148386
FlowCSV,1926,1927,0.00116915
FlowCSV,1927,1928,0.00141874
FlowCSV,1928,1929,0.00195761
FlowCSV,1929,1930,0.00195862
FlowCSV,1930,1931,0.0019104
FlowCSV,1931,1932,0.00217224
FlowCSV,1932,1933,0.00152066
FlowCSV,1933,1934,0.001491
FlowCSV,1934,1935,0.00157266
FlowCSV,1935,1936,0.00212897
FlowCSV,1936,1937,0.00294109
FlowCSV,1937,1938,0.00539363
FlowCSV,1938,1939,0.00429394
FlowCSV,1939,1940,0.00398726
FlowCSV,1940,1941,0.003923
FlowCSV,1941,1942,0.00375585
FlowCSV,1942,1943,0.00413999
FlowCSV,1943,1944,0.0044288
FlowCSV,1944,1945,0.00391999
FlowCSV,1945,1946,0.00428512
FlowCSV,1946,1947,0.00391194
FlowCSV,1947,1948,0.00523767
FlowCSV,1948,1949,0.00800097
FlowCSV,1949,1950,0.00303485
FlowCSV,1950,1951,0.00220414
FlowCSV,1951,1952,0.00143018
FlowCSV,1952,1953,0.00166862
FlowCSV,1953,1954,0.000939872
FlowCSV,1954,1955,0.00162366
FlowCSV,1955,1956,0.0020811
FlowCSV,1956,1957,0.00210217
FlowCSV,1957,1958,0.00160991
FlowCSV,1958,1959,0.00182044
FlowCSV,1959,1960,0.00282214
FlowCSV,1960,1961,0.0032064
FlowCSV,1961,1962,0.0034383
FlowCSV,1962,1963,0.00347053
FlowCSV,1963,1964,0.00336207
FlowCSV,1964,1965,0.00300316
FlowCSV,1965,1966,0.00367828
FlowCSV,1966,1967,0.00367703
FlowCSV,1967,1968,0.00387618
FlowCSV,1968,1969,0.00373338
FlowCSV,1969,1970,0.00368971
FlowCSV,1970,1971,0.00378502
FlowCSV,1971,1972,0.00284336
FlowCSV,1972,1973,0.00258361
FlowCSV,1973,1974,0.00338744
FlowCSV,1974,1975,0.00241643
FlowCSV,1975,1976,0.0027465
FlowCSV,1976,1977,0.00257102
FlowCSV,1977,1978,0.00253168
FlowCSV,1978,1979,0.0028319
FlowCSV,1979,1980,0.0032693
FlowCSV,1980,1981,0.00386911
FlowCSV,1981,1982,0.00367398
FlowCSV,1982,1983,0.00400029
FlowCSV,1983,1984,0.00410569
FlowCSV,1984,1985,0.00361368
FlowCSV,1985,1986,0.00304059
FlowCSV,1986,1987,0.00260486
FlowCSV,1987,1988,0.00298524
FlowCSV,1988,1989,0.00439097
FlowCSV,1989,1990,0.00414616
FlowCSV,1990,1991,0.00405982
FlowCSV,1991,1992,0.00361328
FlowCSV,1992,1993,0.003576
FlowCSV,1993,1994,0.00344614
FlowCSV,1994,1995,0.00401475
FlowCSV,1995,1996,0.00400462
FlowCSV,1996,1997,0.00395745
FlowCSV,1997,1998,0.00364048
FlowCSV,1998,1999,0.00324921
FlowCSV,1999,2000,0.00312972
FlowCSV,2000,2001,0.00357628
FlowCSV,2001,2002,0.00357852
FlowCSV,2002,2003,0.00325086
FlowCSV,2003,2004,0.00324672
FlowCSV,2004,2005,0.00364998
FlowCSV,2005,2006,0.00432171
FlowCSV,2006,2007,0.00462162
FlowCSV,2007,2008,0.00441895
FlowCSV,2008,2009,0.00396877
FlowCSV,2009,2010,0.00318634
FlowCSV,2010,2011,0.00299023
FlowCSV,2011,2012,0.00258813
FlowCSV,2012,2013,0.001795
FlowCSV,2013,2014,0.00145101
FlowCSV,2014,2015,0.00158342
FlowCSV,2015,2016,0.00145514
FlowCSV,2016,2017,0.00137252
FlowCSV,2017,2018,0.00134442
FlowCSV,2018,2019,0.00148199
FlowCSV,2019,2020,0.00169429
FlowCSV,2020,2021,0.00184966
FlowCSV,2021,2022,0.00181245
FlowCSV,2022,2023,0.00180546
FlowCSV,2023,2024,0.00160798
FlowCSV,2024,2025,0.00226664
FlowCSV,2025,2026,0.00275976
FlowCSV,2026,2027,0.00320037
FlowCSV,2027,2028,0.00251827
FlowCSV,2028,2029,0.00161521
FlowCSV,2029,2030,0.000758635
FlowCSV,2030,2031,0.0011941
FlowCSV,2031,2032,0.00198525
FlowCSV,2032,2033,0.00263135
FlowCSV,2033,2034,0.00272744
FlowCSV,2034,2035,0.00384879
FlowCSV,2035,2036,0.00478581
FlowCSV,2036,2037,0.00507712
FlowCSV,2037,2038,0.00543775
FlowCSV,2038,2039,0.00572015
FlowCSV,2039,2040,0.00605146
FlowCSV,2040,2041,0.00600384
FlowCSV,2041,2042,0.00622583
FlowCSV,2042,2043,0.00594124
FlowCSV,2043,2044,0.00571183
FlowCSV,2044,2045,0.00522761
FlowCSV,2045,2046,0.00474738
FlowCSV,2046,2047,0.00422843
FlowCSV,2047,2048,0.00408919
FlowCSV,2048,2049,0.00352349
FlowCSV,2049,2050,0.00331939
FlowCSV,2050,2051,0.00258254
FlowCSV,2051,2052,0.00265901
FlowCSV,2052,2053,0.0024601
FlowCSV,2053,2054,0.00306429
FlowCSV,2054,2055,0.00279608
FlowCSV,2055,2056,0.0025081
FlowCSV,2056,2057,0.002969
FlowCSV,2057,2058,0.00310784
FlowCSV,2058,2059,0.00250505
FlowCSV,2059,2060,0.00204609
FlowCSV,2060,2061,0.00164908
FlowCSV,2061,2062,0.00161307
FlowCSV,2062,2063,0.00222602
FlowCSV,2063,2064,0.00213668
FlowCSV,2064,2065,0.00336129
FlowCSV,2065,2066,0.00221887
FlowCSV,2066,2067,0.00228439
FlowCSV,2067,2068,0.00212666
FlowCSV,2068,2069,0.00175219
FlowCSV,2069,2070,0.00152739
FlowCSV,2070,2071,0.00147692
FlowCSV,2071,2072,0.00163449
FlowCSV,2072,2073,0.00166223
FlowCSV,2073,2074,0.00180454
FlowCSV,2074,2075,0.00177239
FlowCSV,2075,2076,0.0020355
FlowCSV,2076,2077,0.00288343
FlowCSV,2077,2078,0.00416379
FlowCSV,2078,2079,0.00420259
FlowCSV,2079,2080,0.00303178
FlowCSV,2080,2081,0.00343816
FlowCSV,2081,2082,0.0044761
FlowCSV,2082,2083,0.00457106
FlowCSV,2083,2084,0.00368662
FlowCSV,2084,2085,0.0037148
FlowCSV,2085,2086,0.00416057
FlowCSV,2086,2087,0.00436788
FlowCSV,2087,2088,0.00423255
FlowCSV,2088,2089,0.00424613
FlowCSV,2089,2090,0.00403912
FlowCSV,2090,2091,0.0037624
FlowCSV,2091,2092,0.00298829
FlowCSV,2092,2093,0.00258957
FlowCSV,2093,2094,0.00208954
FlowCSV,2094,2095,0.00181712
FlowCSV,2095,2096,0.00156843
FlowCSV,2096,2097,0.00184875
FlowCSV,2097,2098,0.00138438
FlowCSV,2098,2099,0.000932097
FlowCSV,2099,2100,0.000578532
FlowCSV,2100,2101,0.00128396
FlowCSV,2101,2102,0.00118052
FlowCSV,2102,2103,0.00131386
FlowCSV,2103,2104,0.0016123
FlowCSV,2104,2105,0.00205697
FlowCSV,2105,2106,0.00223703
FlowCSV,2106,2107,0.00277214
FlowCSV,2107,2108,0.00265689
FlowCSV,2108,2109,0.00406457
FlowCSV,2109,2110,0.00242168
FlowCSV,2110,2111,0.00276672
FlowCSV,2111,2112,0.00248384
FlowCSV,2112,2113,0.00259331
FlowCSV,2113,2114,0.00301638
FlowCSV,2114,2115,0.00233508
FlowCSV,2115,2116,0.00267637
FlowCSV,2116,2117,0.00157797
FlowCSV,2117,2118,0.00236572
FlowCSV,2118,2119,0.00195639
FlowCSV,2119,2120,0.00279711
FlowCSV,2120,2121,0.163289
FlowCSV,2121,2122,0.00194695
FlowCSV,2122,2123,0.0018956
FlowCSV,2123,2124,0.00196681
FlowCSV,2124,2125,0.00195566
FlowCSV,2125,2126,0.00260177
FlowCSV,2126,2127,0.00364427
FlowCSV,2127,2128,0.00372461
FlowCSV,2128,2129,0.00313851
FlowCSV,2129,2130,0.00260584
FlowCSV,2130,2131,0.00254738
FlowCSV,2131,2132,0.00277114
FlowCSV,2132,2133,0.00315747
FlowCSV,2133,2134,0.00370267
FlowCSV,2134,2135,0.0041296
FlowCSV,2135,2136,0.00398634
FlowCSV,2136,2137,0.00360204
FlowCSV,2137,2138,0.0028417
FlowCSV,2138,2139,0.00212574
FlowCSV,2139,2140,0.00152859
FlowCSV,2140,2141,0.00165547
FlowCSV,2141,2142,0.00263478
FlowCSV,2142,2143,0.00356707
FlowCSV,2143,2144,0.00392681
FlowCSV,2144,2145,0.00423831
FlowCSV,2145,2146,0.00383988
FlowCSV,2146,2147,0.00344793
FlowCSV,2147,2148,0.0032877
FlowCSV,2148,2149,0.00383896
FlowCSV,2149,2150,0.00392567
FlowCSV,2150,2151,0.00389465
FlowCSV,2151,2152,0.00336598
FlowCSV,2152,2153,0.0033524
FlowCSV,2153,2154,0.00329354
FlowCSV,2154,2155,0.00330967
FlowCSV,2155,2156,0.00318163
FlowCSV,2156,2157,0.00357893
FlowCSV,2157,2158,0.00313421
FlowCSV,2158,2159,0.00245972
FlowCSV,2159,2160,0.00186784
FlowCSV,2160,2161,0.00176608
FlowCSV,2161,2162,0.00164547
FlowCSV,2162,2163,0.00175406
FlowCSV,2163,2164,0.00221075
FlowCSV,2164,2165,0.00196487
FlowCSV,2165,2166,0.00191015
FlowCSV,2166,2167,0.00203099
FlowCSV,2167,2168,0.00181747
FlowCSV,2168,2169,0.00175982
FlowCSV,2169,2170,0.00165544
FlowCSV,2170,2171,0.00179922
FlowCSV,2171,2172,0.00201783
FlowCSV,2172,2173,0.00231306
FlowCSV,2173,2174,0.00281051
FlowCSV,2174,2175,0.00281204
FlowCSV,2175,2176,0.00200292
FlowCSV,2176,2177,0.0020484
FlowCSV,2177,2178,0.00438008
FlowCSV,2178,2179,0.00579436
FlowCSV,2179,2180,0.00525256
FlowCSV,2180,2181,0.0044724
FlowCSV,2181,2182,0.00389933
FlowCSV,2182,2183,0.00271934
FlowCSV,2183,2184,0.00121448
FlowCSV,2184,2185,0.00149343
FlowCSV,2185,2186,0.00232755
FlowCSV,2186,2187,0.00312216
FlowCSV,2187,2188,0.00269867
FlowCSV,2188,2189,0.00171089
FlowCSV,2189,2190,0.00136006
FlowCSV,2190,2191,0.0012912
FlowCSV,2191,2192,0.00155721
FlowCSV,2192,2193,0.00199214
FlowCSV,2193,2194,0.00206317
FlowCSV,2194,2195,0.00228637
FlowCSV,2195,2196,0.00228186
FlowCSV,2196,2197,0.00240095
FlowCSV,2197,2198,0.00223549
FlowCSV,2198,2199,0.00246653
FlowCSV,2199,2200,0.00236992
FlowCSV,2200,2201,0.00256193
FlowCSV,2201,2202,0.00218076
FlowCSV,2202,2203,0.00202892
FlowCSV,2203,2204,0.00177498
FlowCSV,2204,2205,0.00178925
FlowCSV,2205,2206,0.00149624
FlowCSV,2206,2207,0.00155238
FlowCSV,2207,2208,0.00191602
FlowCSV,2208,2209,0.00230487
FlowCSV,2209,2210,0.00223039
FlowCSV,2210,2211,0.00252558
FlowCSV,2211,2212,0.00252226
FlowCSV,2212,2213,0.0030584
FlowCSV,2213,2214,0.00285929
FlowCSV,2214,2215,0.00283649
FlowCSV,2215,2216,0.00270801
FlowCSV,2216,2217,0.00255754
FlowCSV,2217,2218,0.00228542
FlowCSV,2218,2219,0.00240183
FlowCSV,2219,2220,0.00239303
FlowCSV,2220,2221,0.00236791
FlowCSV,2221,2222,0.00254807
FlowCSV,2222,2223,0.00284731
FlowCSV,2223,2224,0.00321986
FlowCSV,2224,2225,0.00371304
FlowCSV,2225,2226,0.00393816
FlowCSV,2226,2227,0.00331264
FlowCSV,2227,2228,0.0028796
FlowCSV,2228,2229,0.00230017
FlowCSV,2229,2230,0.00220555
FlowCSV,2230,2231,0.00247995
FlowCSV,2231,2232,0.00333525
FlowCSV,2232,2233,0.00460271
FlowCSV,2233,2234,0.00507999
FlowCSV,2234,2235,0.00512799
FlowCSV,2235,2236,0.00552151
FlowCSV,2236,2237,0.00703338
FlowCSV,2237,2238,0.00877795
FlowCSV,2238,2239,0.00944836
FlowCSV,2239,2240,0.00823816
FlowCSV,2240,2241,0.0129979
FlowCSV,2241,2242,0.00675078
FlowCSV,2242,2243,0.00525156
FlowCSV,2243,2244,0.00364712
FlowCSV,2244,2245,0.00378227
FlowCSV,2245,2246,0.00361925
FlowCSV,2246,2247,0.00444202
FlowCSV,2247,2248,0.130207
FlowCSV,2248,2249,0.0203233
FlowCSV,2249,2250,0.0272519
FlowCSV,2250,2251,0.0347367
FlowCSV,2251,2252,0.0560116
FlowCSV,2252,2253,0.0309424
FlowCSV,2253,2254,0.0263503
FlowCSV,2254,2255,0.0337068
FlowCSV,2255,2256,0.0190595
FlowCSV,2256,2257,0.0204647
FlowCSV,2257,2258,0.0231671
FlowCSV,2258,2259,0.0237102
FlowCSV,2259,2260,0.023036
FlowCSV,2260,2261,0.0217053
FlowCSV,2261,2262,0.020301
FlowCSV,2262,2263,0.0175794
FlowCSV,2263,2264,0.0143786
FlowCSV,2264,2265,0.0125619
FlowCSV,2265,2266,0.0108567
FlowCSV,2266,2267,0.00849778
FlowCSV,2267,2268,0.00674188
FlowCSV,2268,2269,0.00603538
FlowCSV,2269,2270,0.0058028
FlowCSV,2270,2271,0.00538345
FlowCSV,2271,2272,0.00397881
FlowCSV,2272,2273,0.00281043
FlowCSV,2273,2274,0.00437078
FlowCSV,2274,2275,0.00621475
FlowCSV,2275,2276,0.00955906
FlowCSV,2276,2277,0.0106313
FlowCSV,2277,2278,0.00758959
FlowCSV,2278,2279,0.00744672
FlowCSV,2279,2280,0.0055789
FlowCSV,2280,2281,0.00539909
FlowCSV,2281,2282,0.00769803
FlowCSV,2282,2283,0.00793299
FlowCSV,2283,2284,0.00657622
FlowCSV,2284,2285,0.00424915
FlowCSV,2285,2286,0.00744161
FlowCSV,2286,2287,0.0045463
FlowCSV,2287,2288,0.00648877
FlowCSV,2288,2289,0.00731643
FlowCSV,2289,2290,0.0086302
FlowCSV,2290,2291,0.0103134
FlowCSV,2291,2292,0.0112914
FlowCSV,2292,2293,0.00574378
FlowCSV,2293,2294,0.00311885
FlowCSV,2294,2295,0.00222295
FlowCSV,2295,2296,0.00271271
FlowCSV,2296,2297,0.00290948
FlowCSV,2297,2298,0.00308923
FlowCSV,2298,2299,0.00340216
FlowCSV,2299,2300,0.00391725
FlowCSV,2300,2301,0.00390099
FlowCSV,2301,2302,0.00335085
FlowCSV,2302,2303,0.00260094
FlowCSV,2303,2304,0.00221184
FlowCSV,2304,2305,0.00177119
FlowCSV,2305,2306,0.00140294
FlowCSV,2306,2307,0.00121532
FlowCSV,2307,2308,0.0019268
FlowCSV,2308,2309,0.00259622
FlowCSV,2309,2310,0.00181502
FlowCSV,2310,2311,0.00149886
FlowCSV,2311,2312,0.00128145
FlowCSV,2312,2313,0.00136257
FlowCSV,2313,2314,0.00131316
FlowCSV,2314,2315,0.00160698
FlowCSV,2315,2316,0.00244918
FlowCSV,2316,2317,0.00352723
FlowCSV,2317,2318,0.00475427
FlowCSV,2318,2319,0.00551869
FlowCSV,2319,2320,0.00526489
FlowCSV,2320,2321,0.00493444
FlowCSV,2321,2322,0.00483172
FlowCSV,2322,2323,0.0049211
FlowCSV,2323,2324,0.00544015
FlowCSV,2324,2325,0.00484832
FlowCSV,2325,2326,0.00427852
FlowCSV,2326,2327,0.00277115
FlowCSV,2327,2328,0.00265631
FlowCSV,2328,2329,0.00184246
FlowCSV,2329,2330,0.00201167
FlowCSV,2330,2331,0.00273839
FlowCSV,2331,2332,0.00282914
FlowCSV,2332,2333,0.00238684
FlowCSV,2333,2334,0.00225362
FlowCSV,2334,2335,0.00173287
FlowCSV,2335,2336,0.00357621
FlowCSV,2336,2337,0.00352642
FlowCSV,2337,2338,0.00279919
FlowCSV,2338,2339,0.00682639
FlowCSV,2339,2340,0.00577547
FlowCSV,2340,2341,0.00679838
FlowCSV,2341,2342,0.00508573
FlowCSV,2342,2343,0.00409198
FlowCSV,2343,2344,0.00389557
FlowCSV,2344,2345,0.00426521
FlowCSV,2345,2346,0.00476758
FlowCSV,2346,2347,0.00450661
FlowCSV,2347,2348,0.0052297
FlowCSV,2348,2349,0.00528336
FlowCSV,2349,2350,0.00484705
FlowCSV,2350,2351,0.00535694
FlowCSV,2351,2352,0.00554201
FlowCSV,2352,2353,0.00446409
FlowCSV,2353,2354,0.00530662
FlowCSV,2354,2355,0.00668667
FlowCSV,2355,2356,0.00529404
FlowCSV,2356,2357,0.0046921
FlowCSV,2357,2358,0.00566838
FlowCSV,2358,2359,0.0109311
FlowCSV,2359,2360,0.0170319
FlowCSV,2360,2361,0.00473236
FlowCSV,2361,2362,0.00403025
FlowCSV,2362,2363,0.00644983
FlowCSV,2363,2364,0.00705834
FlowCSV,2364,2365,0.00703232
FlowCSV,2365,2366,0.00555656
FlowCSV,2366,2367,0.0022998
FlowCSV,2367,2368,0.00401366
FlowCSV,2368,2369,0.0031396
FlowCSV,2369,2370,0.00417999
FlowCSV,2370,2371,0.00582411
FlowCSV,2371,2372,0.0108034
FlowCSV,2372,2373,0.0104047
FlowCSV,2373,2374,0.0420673
FlowCSV,2374,2375,0.0127152
FlowCSV,2375,2376,0.0153859
FlowCSV,2376,2377,0.0145394
FlowCSV,2377,2378,0.0153553
FlowCSV,2378,2379,0.0160656
FlowCSV,2379,2380,0.0178761
FlowCSV,2380,2381,0.0295324
FlowCSV,2381,2382,0.0221512
FlowCSV,2382,2383,0.0211635
FlowCSV,2383,2384,0.0195732
FlowCSV,2384,2385,0.0194754
FlowCSV,2385,2386,0.0201182
FlowCSV,2386,2387,0.0209707
FlowCSV,2387,2388,0.0220004
FlowCSV,2388,2389,0.0223759
FlowCSV,2389,2390,0.0211544
FlowCSV,2390,2391,0.0193384
FlowCSV,2391,2392,0.0192474
FlowCSV,2392,2393,0.0193018
FlowCSV,2393,2394,0.0139816
FlowCSV,2394,2395,0.0107438
FlowCSV,2395,2396,0.00905207
FlowCSV,2396,2397,0.00959373
FlowCSV,2397,2398,0.0121728
FlowCSV,2398,2399,0.0147457
FlowCSV,2399,2400,0.0157015
FlowCSV,2400,2401,0.0144393
FlowCSV,2401,2402,0.0106075
FlowCSV,2402,2403,0.00952562
FlowCSV,2403,2404,0.0105835
FlowCSV,2404,2405,0.0162493
FlowCSV,2405,2406,0.017613
FlowCSV,2406,2407,0.0139083
FlowCSV,2407,2408,0.0211268
FlowCSV,2408,2409,0.034255
FlowCSV,2409,2410,0.0410359
FlowCSV,2410,2411,0.036808
FlowCSV,2411,2412,0.041614
FlowCSV,2412,2413,0.05331
FlowCSV,2413,2414,0.106002
FlowCSV,2414,2415,0.0973846
FlowCSV,2415,2416,0.0493236
FlowCSV,2416,2417,0.064065
FlowCSV,2417,2418,0.0565756
FlowCSV,2418,2419,0.050445
FlowCSV,2419,2420,0.0411387
FlowCSV,2420,2421,0.0468823
FlowCSV,2421,2422,0.0406509
FlowCSV,2422,2423,0.0442711
FlowCSV,2423,2424,0.0508295
FlowCSV,2424,2425,0.0524328
FlowCSV,2425,2426,0.0371161
FlowCSV,2426,2427,0.0400428
FlowCSV,2427,2428,0.0406374
FlowCSV,2428,2429,0.0484654
FlowCSV,2429,2430,0.055902
FlowCSV,2430,2431,0.0545119
FlowCSV,2431,2432,0.0569673
FlowCSV,2432,2433,0.0629085
FlowCSV,2433,2434,0.0577719
FlowCSV,2434,2435,0.0605361
FlowCSV,2435,2436,0.0581179
FlowCSV,2436,2437,0.050335
FlowCSV,2437,2438,0.0449204
FlowCSV,2438,2439,0.0366475
FlowCSV,2439,2440,0.0297961
FlowCSV,2440,2441,0.0249012
FlowCSV,2441,2442,0.0196342
FlowCSV,2442,2443,0.0158115
FlowCSV,2443,2444,0.010469
FlowCSV,2444,2445,0.00441498
FlowCSV,2445,2446,0.00296937
FlowCSV,2446,2447,0.00271779
FlowCSV,2447,2448,0.00154294
FlowCSV,2448,2449,0.00205031
FlowCSV,2449,2450,0.00532927
FlowCSV,2450,2451,0.0106032
FlowCSV,2451,2452,0.00811218
FlowCSV,2452,2453,0.00543708
FlowCSV,2453,2454,0.00594762
FlowCSV,2454,2455,0.00521761
FlowCSV,2455,2456,0.00668657
FlowCSV,2456,2457,0.00993056
FlowCSV,2457,2458,0.0129411
FlowCSV,2458,2459,0.0134144
FlowCSV,2459,2460,0.0131315
FlowCSV,2460,2461,0.0119962
FlowCSV,2461,2462,0.0103198
FlowCSV,2462,2463,0.00976561
FlowCSV,2463,2464,0.0104262
FlowCSV,2464,2465,0.00872692
FlowCSV,2465,2466,0.00623032
FlowCSV,2466,2467,0.00596112
FlowCSV,2467,2468,0.00577416
FlowCSV,2468,2469,0.0060307
FlowCSV,2469,2470,0.00613168
FlowCSV,2470,2471,0.00671618
FlowCSV,2471,2472,0.0072007
FlowCSV,2472,2473,0.00695342
FlowCSV,2473,2474,0.00593435
FlowCSV,2474,2475,0.00626811
FlowCSV,2475,2476,0.00620777
FlowCSV,2476,2477,0.00555833
FlowCSV,2477,2478,0.00409462
FlowCSV,2478,2479,0.00275624
FlowCSV,2479,2480,0.00139347
FlowCSV,2480,2481,0.00236459
FlowCSV,2481,2482,0.00437089
FlowCSV,2482,2483,0.00585599
FlowCSV,2483,2484,0.00712898
FlowCSV,2484,2485,0.00735052
FlowCSV,2485,2486,0.00647062
FlowCSV,2486,2487,0.00802529
FlowCSV,2487,2488,0.00704927
FlowCSV,2488,2489,0.00843804
FlowCSV,2489,2490,0.0091314
FlowCSV,2490,2491,0.00911387
FlowCSV,2491,2492,0.00885475
FlowCSV,2492,2493,0.00870298
FlowCSV,2493,2494,0.00741997
FlowCSV,2494,2495,0.00687446
FlowCSV,2495,2496,0.00657413
FlowCSV,2496,2497,0.00598032
FlowCSV,2497,2498,0.00480734
FlowCSV,2498,2499,0.00427273
FlowCSV,2499,2500,0.00426637
FlowCSV,2500,2501,0.00356657
FlowCSV,2501,2502,0.00334153
FlowCSV,2502,2503,0.00417781
FlowCSV,2503,2504,0.00458068
FlowCSV,2504,2505,0.00489201
FlowCSV,2505,2506,0.00534026
FlowCSV,2506,2507,0.00632301
FlowCSV,2507,2508,0.0101902
FlowCSV,2508,2509,0.00784232
FlowCSV,2509,2510,0.00848935
FlowCSV,2510,2511,0.00789499
FlowCSV,2511,2512,0.00655377
FlowCSV,2512,2513,0.00571995
FlowCSV,2513,2514,0.00550224
FlowCSV,2514,2515,0.00504444
FlowCSV,2515,2516,0.00519927
FlowCSV,2516,2517,0.00502482
FlowCSV,2517,2518,0.00452338
FlowCSV,2518,2519,0.00423422
FlowCSV,2519,2520,0.00370564
FlowCSV,2520,2521,0.00316355
FlowCSV,2521,2522,0.0024975
FlowCSV,2522,2523,0.00236532
FlowCSV,2523,2524,0.00269158
FlowCSV,2524,2525,0.00337135
FlowCSV,2525,2526,0.00383525
FlowCSV,2526,2527,0.00633179
FlowCSV,2527,2528,0.00643558
FlowCSV,2528,2529,0.00609722
FlowCSV,2529,2530,0.00640171
FlowCSV,2530,2531,0.00689555
FlowCSV,2531,2532,0.00766314
FlowCSV,2532,2533,0.0075876
FlowCSV,2533,2534,0.00810302
FlowCSV,2534,2535,0.00705134
FlowCSV,2535,2536,0.00702232
FlowCSV,2536,2537,0.00686327
FlowCSV,2537,2538,0.00611879
FlowCSV,2538,2539,0.127825
FlowCSV,2539,2540,0.00248522
FlowCSV,2540,2541,0.00217788
FlowCSV,2541,2542,0.0014305
FlowCSV,2542,2543,0.000617439
FlowCSV,2543,2544,0.00101475
FlowCSV,2544,2545,0.000783702
FlowCSV,2545,2546,0.00111808
FlowCSV,2546,2547,0.000888467
FlowCSV,2547,2548,0.00127737
FlowCSV,2548,2549,0.00134479
FlowCSV,2549,2550,0.00151425
FlowCSV,2550,2551,0.00174844
FlowCSV,2551,2552,0.0021533
FlowCSV,2552,2553,0.00222153
FlowCSV,2553,2554,0.00165307
FlowCSV,2554,2555,0.00111742
FlowCSV,2555,2556,0.00174214
FlowCSV,2556,2557,0.00281543
FlowCSV,2557,2558,0.00383416
FlowCSV,2558,2559,0.0047537
FlowCSV,2559,2560,0.00486474
FlowCSV,2560,2561,0.00381143
FlowCSV,2561,2562,0.00219096
FlowCSV,2562,2563,0.00178089
FlowCSV,2563,2564,0.00159543
FlowCSV,2564,2565,0.00101657
FlowCSV,2565,2566,0.00129725
FlowCSV,2566,2567,0.00178671
FlowCSV,2567,2568,0.00250753
FlowCSV,2568,2569,0.00433454
FlowCSV,2569,2570,0.00415658
FlowCSV,2570,2571,0.00321079
FlowCSV,2571,2572,0.00289055
FlowCSV,2572,2573,0.00310077
FlowCSV,2573,2574,0.00256285
FlowCSV,2574,2575,0.00173095
FlowCSV,2575,2576,0.00230751
FlowCSV,2576,2577,0.0033956
FlowCSV,2577,2578,0.00356697
FlowCSV,2578,2579,0.00391847
FlowCSV,2579,2580,0.00322272
FlowCSV,2580,2581,0.00265068
FlowCSV,2581,2582,0.00259895
FlowCSV,2582,2583,0.00322654
FlowCSV,2583,2584,0.00423749
FlowCSV,2584,2585,0.00477552
FlowCSV,2585,2586,0.00439002
FlowCSV,2586,2587,0.00379922
FlowCSV,2587,2588,0.00293408
FlowCSV,2588,2589,0.00238027
FlowCSV,2589,2590,0.00199821
FlowCSV,2590,2591,0.00222823
FlowCSV,2591,2592,0.00252486
FlowCSV,2592,2593,0.00303936
FlowCSV,2593,2594,0.0026384
FlowCSV,2594,2595,0.00248064
FlowCSV,2595,2596,0.00167028
FlowCSV,2596,2597,0.0016436
FlowCSV,2597,2598,0.00192464
FlowCSV,2598,2599,0.00141842
FlowCSV,2599,2600,0.0006978
FlowCSV,2600,2601,0.000664511
FlowCSV,2601,2602,0.000733534
FlowCSV,2602,2603,0.00104809
FlowCSV,2603,2604,0.000843924
FlowCSV,2604,2605,0.000470515
FlowCSV,2605,2606,0.00115899
FlowCSV,2606,2607,0.00158702
FlowCSV,2607,2608,0.00169157
FlowCSV,2608,2609,0.00163425
FlowCSV,2609,2610,0.00130352
FlowCSV,2610,2611,0.00150961
FlowCSV,2611,2612,0.00148538
FlowCSV,2612,2613,0.000914977
FlowCSV,2613,2614,0.00082287
FlowCSV,2614,2615,0.00113862
FlowCSV,2615,2616,0.00101449
FlowCSV,2616,2617,0.00163679
FlowCSV,2617,2618,0.00239405
FlowCSV,2618,2619,0.00245783
FlowCSV,2619,2620,0.00219162
FlowCSV,2620,2621,0.00235181
FlowCSV,2621,2622,0.00255459
FlowCSV,2622,2623,0.00208647
FlowCSV,2623,2624,0.00184045
FlowCSV,2624,2625,0.00184814
FlowCSV,2625,2626,0.00170111
FlowCSV,2626,2627,0.000990086
FlowCSV,2627,2628,0.00144299
FlowCSV,2628,2629,0.00138304
FlowCSV,2629,2630,0.00112245
FlowCSV,2630,2631,0.000656727
FlowCSV,2631,2632,0.00143197
FlowCSV,2632,2633,0.00206648
FlowCSV,2633,2634,0.00210082
FlowCSV,2634,2635,0.00218968
FlowCSV,2635,2636,0.00201747
FlowCSV,2636,2637,0.00214837
FlowCSV,2637,2638,0.00210451
FlowCSV,2638,2639,0.00190562
FlowCSV,2639,2640,0.00203631
FlowCSV,2640,2641,0.00248676
FlowCSV,2641,2642,0.00256553
FlowCSV,2642,2643,0.00199466
FlowCSV,2643,2644,0.00184011
FlowCSV,2644,2645,0.00163001
FlowCSV,2645,2646,0.00156894
FlowCSV,2646,2647,0.00167602
FlowCSV,2647,2648,0.00154929
FlowCSV,2648,2649,0.00116489
FlowCSV,2649,2650,0.00132718
FlowCSV,2650,2651,0.00210494
FlowCSV,2651,2652,0.00291144
FlowCSV,2652,2653,0.00308071
FlowCSV,2653,2654,0.00294445
FlowCSV,2654,2655,0.00312695
FlowCSV,2655,2656,0.003211
FlowCSV,2656,2657,0.00341112
FlowCSV,2657,2658,0.00317185
FlowCSV,2658,2659,0.00281869
FlowCSV,2659,2660,0.00260017
FlowCSV,2660,2661,0.00274186
FlowCSV,2661,2662,0.00245634
FlowCSV,2662,2663,0.00174271
FlowCSV,2663,2664,0.00124377
FlowCSV,2664,2665,0.000644839
FlowCSV,2665,2666,0.000827707
FlowCSV,2666,2667,0.000880954
FlowCSV,2667,2668,0.00113442
FlowCSV,2668,2669,0.00147517
FlowCSV,2669,2670,0.00228925
FlowCSV,2670,2671,0.00249879
FlowCSV,2671,2672,0.00257431
FlowCSV,2672,2673,0.00311707
FlowCSV,2673,2674,0.00396685
FlowCSV,2674,2675,0.00403857
FlowCSV,2675,2676,0.00445239
FlowCSV,2676,2677,0.00448787
FlowCSV,2677,2678,0.00483128
FlowCSV,2678,2679,0.00487993
FlowCSV,2679,2680,0.0048902
FlowCSV,2680,2681,0.00443472
FlowCSV,2681,2682,0.00409114
FlowCSV,2682,2683,0.00375893
FlowCSV,2683,2684,0.00399932
FlowCSV,2684,2685,0.00360507
FlowCSV,2685,2686,0.00352856
FlowCSV,2686,2687,0.00350787
FlowCSV,2687,2688,0.00357433
FlowCSV,2688,2689,0.00307478
FlowCSV,2689,2690,0.00347631
FlowCSV,2690,2691,0.00415623
FlowCSV,2691,2692,0.00430107
FlowCSV,2692,2693,0.00392642
FlowCSV,2693,2694,0.00395173
FlowCSV,2694,2695,0.00401492
FlowCSV,2695,2696,0.00403144
FlowCSV,2696,2697,0.00368929
FlowCSV,2697,2698,0.0031753
FlowCSV,2698,2699,0.00206179
FlowCSV,2699,2700,0.00148071
FlowCSV,2700,2701,0.00139116
FlowCSV,2701,2702,0.00178306
FlowCSV,2702,2703,0.00144723
FlowCSV,2703,2704,0.00178585
FlowCSV,2704,2705,0.00232524
FlowCSV,2705,2706,0.00337692
FlowCSV,2706,2707,0.00431204
FlowCSV,2707,2708,0.00439061
FlowCSV,2708,2709,0.00453193
FlowCSV,2709,2710,0.00424393
FlowCSV,2710,2711,0.00455795
FlowCSV,2711,2712,0.0040745
FlowCSV,2712,2713,0.00333822
FlowCSV,2713,2714,0.00281487
FlowCSV,2714,2715,0.00227341
FlowCSV,2715,2716,0.00180828
FlowCSV,2716,2717,0.0013907
FlowCSV,2717,2718,0.00149531
FlowCSV,2718,2719,0.00173987
FlowCSV,2719,2720,0.00210442
FlowCSV,2720,2721,0.00201647
FlowCSV,2721,2722,0.00142715
FlowCSV,2722,2723,0.00172274
FlowCSV,2723,2724,0.00233645
FlowCSV,2724,2725,0.00275329
FlowCSV,2725,2726,0.00291905
FlowCSV,2726,2727,0.00277407
FlowCSV,2727,2728,0.00253709
FlowCSV,2728,2729,0.00276208
FlowCSV,2729,2730,0.00293865
FlowCSV,2730,2731,0.00326551
FlowCSV,2731,2732,0.00342747
FlowCSV,2732,2733,0.00309393
FlowCSV,2733,2734,0.00267153
FlowCSV,2734,2735,0.00217619
FlowCSV,2735,2736,0.00243597
FlowCSV,2736,2737,0.00184165
FlowCSV,2737,2738,0.00157254
FlowCSV,2738,2739,0.00131679
FlowCSV,2739,2740,0.000767447
FlowCSV,2740,2741,0.139368
FlowCSV,2741,2742,0.00222076
FlowCSV,2742,2743,0.0031535
FlowCSV,2743,2744,0.0033172
FlowCSV,2744,2745,0.00300609
FlowCSV,2745,2746,0.00256126
FlowCSV,2746,2747,0.00228365
FlowCSV,2747,2748,0.00225714
FlowCSV,2748,2749,0.00158513
FlowCSV,2749,2750,0.00129559
FlowCSV,2750,2751,0.000880183
FlowCSV,2751,2752,0.00117798
FlowCSV,2752,2753,0.00215098
FlowCSV,2753,2754,0.0025672
FlowCSV,2754,2755,0.00287354
FlowCSV,2755,2756,0.00352529
FlowCSV,2756,2757,0.00367498
FlowCSV,2757,2758,0.00356042
FlowCSV,2758,2759,0.0046176
FlowCSV,2759,2760,0.00411672
FlowCSV,2760,2761,0.00414475
FlowCSV,2761,2762,0.00316492
FlowCSV,2762,2763,0.0036926
FlowCSV,2763,2764,0.00322161
FlowCSV,2764,2765,0.00387595
FlowCSV,2765,2766,0.00403985
FlowCSV,2766,2767,0.00422833
FlowCSV,2767,2768,0.00487038
FlowCSV,2768,2769,0.00472691
FlowCSV,2769,2770,0.0048491
FlowCSV,2770,2771,0.00474057
FlowCSV,2771,2772,0.00472897
FlowCSV,2772,2773,0.00363917
FlowCSV,2773,2774,0.00162055
FlowCSV,2774,2775,0.00106359
FlowCSV,2775,2776,0.00141011
FlowCSV,2776,2777,0.00122146
FlowCSV,2777,2778,0.00113881
FlowCSV,2778,2779,0.00169522
FlowCSV,2779,2780,0.00152099
FlowCSV,2780,2781,0.00173202
FlowCSV,2781,2782,0.00223102
FlowCSV,2782,2783,0.0026862
FlowCSV,2783,2784,0.00295139
FlowCSV,2784,2785,0.0022114
FlowCSV,2785,2786,0.00160414
FlowCSV,2786,2787,0.000963939
FlowCSV,2787,2788,0.000787446
FlowCSV,2788,2789,0.0010754
FlowCSV,2789,2790,0.00167564
FlowCSV,2790,2791,0.00166632
FlowCSV,2791,2792,0.00169207
FlowCSV,2792,2793,0.0016887
FlowCSV,2793,2794,0.00134043
FlowCSV,2794,2795,0.00120552
FlowCSV,2795,2796,0.00143031
FlowCSV,2796,2797,0.00123971
FlowCSV,2797,2798,0.0012026
FlowCSV,2798,2799,0.00113236
FlowCSV,2799,2800,0.0013236
FlowCSV,2800,2801,0.000936187
FlowCSV,2801,2802,0.00100589
FlowCSV,2802,2803,0.00140638
FlowCSV,2803,2804,0.00125991
FlowCSV,2804,2805,0.000779947
FlowCSV,2805,2806,0.000792518
FlowCSV,2806,2807,0.00082784
FlowCSV,2807,2808,0.000777305
FlowCSV,2808,2809,0.000705932
FlowCSV,2809,2810,0.000982441
FlowCSV,2810,2811,0.00122079
FlowCSV,2811,2812,0.00170123
FlowCSV,2812,2813,0.00205872
FlowCSV,2813,2814,0.00240562
FlowCSV,2814,2815,0.00264669
FlowCSV,2815,2816,0.00265176
FlowCSV,2816,2817,0.00185758
FlowCSV,2817,2818,0.00196926
FlowCSV,2818,2819,0.00235022
FlowCSV,2819,2820,0.00266746
FlowCSV,2820,2821,0.00294278
FlowCSV,2821,2822,0.00252444
FlowCSV,2822,2823,0.00196492
FlowCSV,2823,2824,0.00230792
FlowCSV,2824,2825,0.00274332
FlowCSV,2825,2826,0.00283389
FlowCSV,2826,2827,0.00279222
FlowCSV,2827,2828,0.00297036
FlowCSV,2828,2829,0.00237475
FlowCSV,2829,2830,0.0023699
FlowCSV,2830,2831,0.00316597
FlowCSV,2831,2832,0.0040938
FlowCSV,2832,2833,0.00396562
FlowCSV,2833,2834,0.00340452
FlowCSV,2834,2835,0.0028434
FlowCSV,2835,2836,0.0020862
FlowCSV,2836,2837,0.00172883
FlowCSV,2837,2838,0.00253612
FlowCSV,2838,2839,0.00306883
FlowCSV,2839,2840,0.00327802
FlowCSV,2840,2841,0.00375196
FlowCSV,2841,2842,0.00343107
FlowCSV,2842,2843,0.00285168
FlowCSV,2843,2844,0.00366985
FlowCSV,2844,2845,0.00496044
FlowCSV,2845,2846,0.0055678
FlowCSV,2846,2847,0.00437125
FlowCSV,2847,2848,0.00282796
FlowCSV,2848,2849,0.00165378
FlowCSV,2849,2850,0.00144624
FlowCSV,2850,2851,0.00161261
FlowCSV,2851,2852,0.00188625
FlowCSV,2852,2853,0.00195292
FlowCSV,2853,2854,0.00211755
FlowCSV,2854,2855,0.00203419
FlowCSV,2855,2856,0.00151314
FlowCSV,2856,2857,0.00127375
FlowCSV,2857,2858,0.00215988
FlowCSV,2858,2859,0.00173156
FlowCSV,2859,2860,0.0017346
FlowCSV,2860,2861,0.002274
FlowCSV,2861,2862,0.00245858
FlowCSV,2862,2863,0.00241815
FlowCSV,2863,2864,0.00233603
FlowCSV,2864,2865,0.00208705
FlowCSV,2865,2866,0.00177305
FlowCSV,2866,2867,0.00214792
FlowCSV,2867,2868,0.00242617
FlowCSV,2868,2869,0.00217255
FlowCSV,2869,2870,0.00227298
FlowCSV,2870,2871,0.00276695
FlowCSV,2871,2872,0.00189611
FlowCSV,2872,2873,0.00112977
FlowCSV,2873,2874,0.00174466
FlowCSV,2874,2875,0.00212476
FlowCSV,2875,2876,0.00208385
FlowCSV,2876,2877,0.00158805
FlowCSV,2877,2878,0.000987754
FlowCSV,2878,2879,0.00103625
FlowCSV,2879,2880,0.00120229
FlowCSV,2880,2881,0.00142788
FlowCSV,2881,2882,0.000747393
FlowCSV,2882,2883,0.00053031
FlowCSV,2883,2884,0.000780948
FlowCSV,2884,2885,0.00114721
FlowCSV,2885,2886,0.00194994
FlowCSV,2886,2887,0.00137657
FlowCSV,2887,2888,0.0011478
FlowCSV,2888,2889,0.00120947
FlowCSV,2889,2890,0.00183021
FlowCSV,2890,2891,0.00233107
FlowCSV,2891,2892,0.00149193
FlowCSV,2892,2893,0.000827765
FlowCSV,2893,2894,0.000817387
FlowCSV,2894,2895,0.000765951
FlowCSV,2895,2896,0.000702493
FlowCSV,2896,2897,0.000611858
FlowCSV,2897,2898,0.00123082
FlowCSV,2898,2899,0.00183305
FlowCSV,2899,2900,0.00201747
FlowCSV,2900,2901,0.00222932
FlowCSV,2901,2902,0.00200467
FlowCSV,2902,2903,0.00264081
FlowCSV,2903,2904,0.00267169
FlowCSV,2904,2905,0.00278507
FlowCSV,2905,2906,0.00259647
FlowCSV,2906,2907,0.0015338
FlowCSV,2907,2908,0.00140969
FlowCSV,2908,2909,0.00196735
FlowCSV,2909,2910,0.00194032
FlowCSV,2910,2911,0.00284644
FlowCSV,2911,2912,0.00334705
FlowCSV,2912,2913,0.00361121
FlowCSV,2913,2914,0.00371738
FlowCSV,2914,2915,0.00413715
FlowCSV,2915,2916,0.00303493
FlowCSV,2916,2917,0.00167455
FlowCSV,2917,2918,0.000689212
FlowCSV,2918,2919,0.000663908
FlowCSV,2919,2920,0.00130646
FlowCSV,2920,2921,0.00162801
FlowCSV,2921,2922,0.00144511
FlowCSV,2922,2923,0.0017251
FlowCSV,2923,2924,0.00190629
FlowCSV,2924,2925,0.0015807
FlowCSV,2925,2926,0.00145099
FlowCSV,2926,2927,0.000923418
FlowCSV,2927,2928,0.000969642
FlowCSV,2928,2929,0.00114118
FlowCSV,2929,2930,0.000863928
FlowCSV,2930,2931,0.000825681
FlowCSV,2931,2932,0.00166374
FlowCSV,2932,2933,0.00221026
FlowCSV,2933,2934,0.00278635
FlowCSV,2934,2935,0.00266931
FlowCSV,2935,2936,0.00240398
FlowCSV,2936,2937,0.00154572
FlowCSV,2937,2938,0.00171083
FlowCSV,2938,2939,0.0021079
FlowCSV,2939,2940,0.00249384
FlowCSV,2940,2941,0.00272318
FlowCSV,2941,2942,0.00255345
FlowCSV,2942,2943,0.00235758
FlowCSV,2943,2944,0.00184157
FlowCSV,2944,2945,0.00150285
FlowCSV,2945,2946,0.000697119
FlowCSV,2946,2947,0.000893004
FlowCSV,2947,2948,0.00200731
FlowCSV,2948,2949,0.00295309
FlowCSV,2949,2950,0.00300179
FlowCSV,2950,2951,0.0031222
FlowCSV,2951,2952,0.00308934
FlowCSV,2952,2953,0.00242885
FlowCSV,2953,2954,0.00160565
FlowCSV,2954,2955,0.00130095
FlowCSV,2955,2956,0.00157118
FlowCSV,2956,2957,0.00184663
FlowCSV,2957,2958,0.00151031
FlowCSV,2958,2959,0.00126375
FlowCSV,2959,2960,0.00116535
FlowCSV,2960,2961,0.00128445
FlowCSV,2961,2962,0.00128631
FlowCSV,2962,2963,0.127267
FlowCSV,2963,2964,0.0115924
FlowCSV,2964,2965,0.00926276
FlowCSV,2965,2966,0.00610208
FlowCSV,2966,2967,0.0038703
FlowCSV,2967,2968,0.00331129
FlowCSV,2968,2969,0.0025135
FlowCSV,2969,2970,0.00356379
FlowCSV,2970,2971,0.00656457
FlowCSV,2971,2972,0.00734577
FlowCSV,2972,2973,0.00702856
FlowCSV,2973,2974,0.00654079
FlowCSV,2974,2975,0.0067861
FlowCSV,2975,2976,0.0072033
FlowCSV,2976,2977,0.00773671
FlowCSV,2977,2978,0.00684871
FlowCSV,2978,2979,0.00469089
FlowCSV,2979,2980,0.00277103
FlowCSV,2980,2981,0.00204333
FlowCSV,2981,2982,0.0022468
FlowCSV,2982,2983,0.00298735
FlowCSV,2983,2984,0.00387455
FlowCSV,2984,2985,0.00454923
FlowCSV,2985,2986,0.00478276
FlowCSV,2986,2987,0.00354736
FlowCSV,2987,2988,0.0033442
FlowCSV,2988,2989,0.00272497
FlowCSV,2989,2990,0.00230888
FlowCSV,2990,2991,0.00189162
FlowCSV,2991,2992,0.00207551
FlowCSV,2992,2993,0.00188874
FlowCSV,2993,2994,0.00202117
FlowCSV,2994,2995,0.00187391
FlowCSV,2995,2996,0.00172734
FlowCSV,2996,2997,0.0017888
FlowCSV,2997,2998,0.00158704
FlowCSV,2998,2999,0.00153713
FlowCSV,2999,3000,0.00129583
FlowCSV,3000,3001,0.0016214
FlowCSV,3001,3002,0.00193027
FlowCSV,3002,3003,0.00227515
FlowCSV,3003,3004,0.00409486
FlowCSV,3004,3005,0.00652629
FlowCSV,3005,3006,0.00954229
FlowCSV,3006,3007,0.0127495
FlowCSV,3007,3008,0.016326
FlowCSV,3008,3009,0.0201179
FlowCSV,3009,3010,0.0225143
FlowCSV,3010,3011,0.0247977
FlowCSV,3011,3012,0.0270753
FlowCSV,3012,3013,0.0282791
FlowCSV,3013,3014,0.0299655
FlowCSV,3014,3015,0.0325845
FlowCSV,3015,3016,0.034182
FlowCSV,3016,3017,0.0348139
FlowCSV,3017,3018,0.0358114
FlowCSV,3018,3019,0.036933
FlowCSV,3019,3020,0.0381318
FlowCSV,3020,3021,0.0397261
FlowCSV,3021,3022,0.0443992
FlowCSV,3022,3023,0.045886
FlowCSV,3023,3024,0.0500941
FlowCSV,3024,3025,0.0540641
FlowCSV,3025,3026,0.207217
FlowCSV,3026,3027,0.000706247
FlowCSV,3027,3028,0.000430149
FlowCSV,3028,3029,0.000459391
FlowCSV,3029,3030,0.000402442

General Information
  File: ../recordings/acmmm2011/video/bourne-2-moderate.m4v
  Dimensions: 720 x 362
  Coefficient Planes: 0
  Frames Rendered: 3030

Configuration Information:
  Configuring NDDI to compute optical flow.

Transmission Statistics:
  Total Pixel Data Updated (bytes): 2369217600 Total NDDI Cost (bytes): 0 Ratio: 0

Memory Statistics:
  Input Vector
    - Num Reads: 0 - Bytes Read: 0
    - Num Writes: 0 - Bytes Written: 0
  Coefficient Plane
    - Num Reads: 0 - Bytes Read: 0
    - Num Writes: 0 - Bytes Written: 0
  Frame Volume
    - Num Reads: 0 - Bytes Read: 0
    - Num Writes: 0 - Bytes Written: 0

Pixel Statistics:
  Pixel Mappings: 0
  Pixel Blends: 0

Performance Statistics:
  Average FPS: 68.1004

Quality Statistics:
  Use --psnr to enable.

CSV Headings:
Frames,Commands Sent,Bytes Transmitted,IV Num Reads,IV Bytes Read,IV Num Writes,IV Bytes Written,CP Num Reads,CP Bytes Read,CP Num Writes,CP Bytes Written,FV Num Reads,FV Bytes Read,FV Num Writes,FV Bytes Written,FV Time,Pixels Mapped,Pixels Blended,PSNR,File Name
3030 , 0 , 0 , 0 , 0 , 0 , 0 , 0 , 0 , 0 , 0 , 0 , 0 , 0 , 0 , 0 , 0 , 0 , inf,../recordings/acmmm2011/video/bourne-2-moderate.m4v
