FlowCSV,1,2,0.384942
FlowCSV,2,3,7.10459e-08
FlowCSV,3,4,6.12284e-08
FlowCSV,4,5,2.83374e-08
FlowCSV,5,6,2.42602e-08
FlowCSV,6,7,1.86123e-08
FlowCSV,7,8,1.13038e-08
FlowCSV,8,9,1.92117e-08
FlowCSV,9,10,2.31523e-08
FlowCSV,10,11,1.01135e-08
FlowCSV,11,12,6.7532e-09
FlowCSV,12,13,1.76541e-08
FlowCSV,13,14,2.58919e-08
FlowCSV,14,15,2.46326e-08
FlowCSV,15,16,1.54378e-08
FlowCSV,16,17,8.99768e-09
FlowCSV,17,18,1.39083e-08
FlowCSV,18,19,1.24251e-08
FlowCSV,19,20,1.58091e-08
FlowCSV,20,21,2.25911e-08
FlowCSV,21,22,1.81251e-08
FlowCSV,22,23,8.2812e-09
FlowCSV,23,24,6.31877e-09
FlowCSV,24,25,9.98715e-09
FlowCSV,25,26,7.78576e-09
FlowCSV,26,27,1.11824e-08
FlowCSV,27,28,1.35222e-08
FlowCSV,28,29,2.00692e-08
FlowCSV,29,30,1.62147e-08
FlowCSV,30,31,8.2217e-09
FlowCSV,31,32,2.26011e-08
FlowCSV,32,33,3.96587e-09
FlowCSV,33,34,5.13814e-09
FlowCSV,34,35,1.17391e-08
FlowCSV,35,36,1.236e-08
FlowCSV,36,37,1.61141e-08
FlowCSV,37,38,1.17927e-08
FlowCSV,38,39,8.04039e-09
FlowCSV,39,40,9.0089e-09
FlowCSV,40,41,1.87668e-08
FlowCSV,41,42,1.81796e-08
FlowCSV,42,43,6.68502e-09
FlowCSV,43,44,7.408e-09
FlowCSV,44,45,1.35628e-08
FlowCSV,45,46,1.59551e-08
FlowCSV,46,47,5.71906e-09
FlowCSV,47,48,1.16575e-08
FlowCSV,48,49,1.92787e-08
FlowCSV,49,50,1.03006e-08
FlowCSV,50,51,2.89493e-09
FlowCSV,51,52,4.43927e-09
FlowCSV,52,53,1.33344e-08
FlowCSV,53,54,1.4767e-08
FlowCSV,54,55,2.67482e-08
FlowCSV,55,56,2.31755e-08
FlowCSV,56,57,1.65208e-08
FlowCSV,57,58,1.2629e-08
FlowCSV,58,59,1.7176e-08
FlowCSV,59,60,1.44979e-08
FlowCSV,60,61,9.48286e-07
FlowCSV,61,62,5.71918e-08
FlowCSV,62,63,4.37232e-08
FlowCSV,63,64,2.42688e-08
FlowCSV,64,65,1.53172e-08
FlowCSV,65,66,2.43605e-08
FlowCSV,66,67,1.92023e-08
FlowCSV,67,68,2.63664e-08
FlowCSV,68,69,3.94489e-08
FlowCSV,69,70,2.05008e-08
FlowCSV,70,71,1.15161e-08
FlowCSV,71,72,3.51303e-08
FlowCSV,72,73,3.27951e-08
FlowCSV,73,74,3.02989e-08
FlowCSV,74,75,2.7835e-08
FlowCSV,75,76,3.14956e-08
FlowCSV,76,77,1.59779e-08
FlowCSV,77,78,2.44296e-08
FlowCSV,78,79,1.63164e-08
FlowCSV,79,80,2.39197e-08
FlowCSV,80,81,2.3942e-08
FlowCSV,81,82,7.91535e-09
FlowCSV,82,83,9.4709e-09
FlowCSV,83,84,1.81696e-08
FlowCSV,84,85,1.62432e-08
FlowCSV,85,86,1.14823e-08
FlowCSV,86,87,1.40087e-08
FlowCSV,87,88,2.37848e-08
FlowCSV,88,89,2.08268e-08
FlowCSV,89,90,2.53374e-08
FlowCSV,90,91,1.49452e-08
FlowCSV,91,92,1.56056e-08
FlowCSV,92,93,1.46409e-08
FlowCSV,93,94,1.20939e-08
FlowCSV,94,95,1.83689e-08
FlowCSV,95,96,1.98263e-08
FlowCSV,96,97,1.54999e-08
FlowCSV,97,98,3.09546e-08
FlowCSV,98,99,2.58805e-08
FlowCSV,99,100,1.12353e-08
FlowCSV,100,101,1.53451e-08
FlowCSV,101,102,2.46614e-08
FlowCSV,102,103,1.75759e-08
FlowCSV,103,104,1.64336e-08
FlowCSV,104,105,2.52023e-08
FlowCSV,105,106,1.27082e-08
FlowCSV,106,107,1.1397e-08
FlowCSV,107,108,3.23421e-08
FlowCSV,108,109,2.89261e-08
FlowCSV,109,110,2.2562e-08
FlowCSV,110,111,2.68956e-08
FlowCSV,111,112,1.03972e-08
FlowCSV,112,113,1.31136e-08
FlowCSV,113,114,1.04618e-08
FlowCSV,114,115,1.17044e-08
FlowCSV,115,116,1.6326e-08
FlowCSV,116,117,1.97106e-08
FlowCSV,117,118,3.06195e-08
FlowCSV,118,119,2.62768e-08
FlowCSV,119,120,1.55266e-08
FlowCSV,120,121,9.40972e-07
FlowCSV,121,122,0.164865
FlowCSV,122,123,0
FlowCSV,123,124,0
FlowCSV,124,125,0
FlowCSV,125,126,0
FlowCSV,126,127,0
FlowCSV,127,128,0
FlowCSV,128,129,0
FlowCSV,129,130,0
FlowCSV,130,131,0
FlowCSV,131,132,0
FlowCSV,132,133,0
FlowCSV,133,134,0
FlowCSV,134,135,0
FlowCSV,135,136,0
FlowCSV,136,137,0
FlowCSV,137,138,0
FlowCSV,138,139,0
FlowCSV,139,140,0
FlowCSV,140,141,0
FlowCSV,141,142,0
FlowCSV,142,143,0
FlowCSV,143,144,0
FlowCSV,144,145,0
FlowCSV,145,146,0
FlowCSV,146,147,0
FlowCSV,147,148,0
FlowCSV,148,149,5.12071e-06
FlowCSV,149,150,0.000857039
FlowCSV,150,151,0.00747147
FlowCSV,151,152,0.00674933
FlowCSV,152,153,0.00297166
FlowCSV,153,154,0.00295042
FlowCSV,154,155,0.00426355
FlowCSV,155,156,0.00372264
FlowCSV,156,157,0.00433099
FlowCSV,157,158,0.00170204
FlowCSV,158,159,0.00136645
FlowCSV,159,160,0.00119673
FlowCSV,160,161,0.000965918
FlowCSV,161,162,0.0009794
FlowCSV,162,163,0.00114218
FlowCSV,163,164,0.00167558
FlowCSV,164,165,0.00180078
FlowCSV,165,166,0.00111195
FlowCSV,166,167,0.00115327
FlowCSV,167,168,0.00200612
FlowCSV,168,169,0.0021888
FlowCSV,169,170,0.00259538
FlowCSV,170,171,0.00121042
FlowCSV,171,172,0.00119088
FlowCSV,172,173,0.00199154
FlowCSV,173,174,0.00177074
FlowCSV,174,175,0.0019101
FlowCSV,175,176,0.0018859
FlowCSV,176,177,0.00142764
FlowCSV,177,178,0.0014956
FlowCSV,178,179,0.00171842
FlowCSV,179,180,0.00215136
FlowCSV,180,181,0.00213722
FlowCSV,181,182,0.00216496
FlowCSV,182,183,0.00155187
FlowCSV,183,184,0.00159056
FlowCSV,184,185,0.00211429
FlowCSV,185,186,0.00357925
FlowCSV,186,187,0.00278239
FlowCSV,187,188,0.00232321
FlowCSV,188,189,0.00185088
FlowCSV,189,190,0.00296734
FlowCSV,190,191,0.00351864
FlowCSV,191,192,0.00552833
FlowCSV,192,193,0.00527707
FlowCSV,193,194,0.0105052
FlowCSV,194,195,0.0138009
FlowCSV,195,196,0.0188151
FlowCSV,196,197,0.0151385
FlowCSV,197,198,0.0165843
FlowCSV,198,199,0.0298174
FlowCSV,199,200,0.0612961
FlowCSV,200,201,0.0950122
FlowCSV,201,202,0.0508909
FlowCSV,202,203,0.0109435
FlowCSV,203,204,7.29014e-06
FlowCSV,204,205,0
FlowCSV,205,206,0
FlowCSV,206,207,0
FlowCSV,207,208,0
FlowCSV,208,209,0
FlowCSV,209,210,0
FlowCSV,210,211,0
FlowCSV,211,212,0
FlowCSV,212,213,0
FlowCSV,213,214,0
FlowCSV,214,215,0
FlowCSV,215,216,0
FlowCSV,216,217,0
FlowCSV,217,218,2.77391e-05
FlowCSV,218,219,1.08484e-05
FlowCSV,219,220,3.17387e-05
FlowCSV,220,221,0.00327471
FlowCSV,221,222,0.00682399
FlowCSV,222,223,0.0146175
FlowCSV,223,224,0.0206632
FlowCSV,224,225,0.0191543
FlowCSV,225,226,0.0169162
FlowCSV,226,227,0.0162206
FlowCSV,227,228,0.0165449
FlowCSV,228,229,0.0101933
FlowCSV,229,230,0.00753536
FlowCSV,230,231,0.00616283
FlowCSV,231,232,0.00650471
FlowCSV,232,233,0.00566588
FlowCSV,233,234,0.00392339
FlowCSV,234,235,0.00126912
FlowCSV,235,236,0.00184378
FlowCSV,236,237,0.00171572
FlowCSV,237,238,0.00164991
FlowCSV,238,239,0.0014634
FlowCSV,239,240,0.00119301
FlowCSV,240,241,0.00134654
FlowCSV,241,242,0.00124304
FlowCSV,242,243,0.00130463
FlowCSV,243,244,0.00142814
FlowCSV,244,245,0.00158442
FlowCSV,245,246,0.00161211
FlowCSV,246,247,0.00229062
FlowCSV,247,248,0.00153969
FlowCSV,248,249,0.00150921
FlowCSV,249,250,0.00246459
FlowCSV,250,251,0.00172661
FlowCSV,251,252,0.0017075
FlowCSV,252,253,0.00163953
FlowCSV,253,254,0.00181007
FlowCSV,254,255,0.00142951
FlowCSV,255,256,0.00148701
FlowCSV,256,257,0.00150612
FlowCSV,257,258,0.00143105
FlowCSV,258,259,0.00163171
FlowCSV,259,260,0.00152879
FlowCSV,260,261,0.00151342
FlowCSV,261,262,0.00143943
FlowCSV,262,263,0.147166
FlowCSV,263,264,0.000713678
FlowCSV,264,265,0.000866904
FlowCSV,265,266,0.000679586
FlowCSV,266,267,0.000587635
FlowCSV,267,268,0.000461777
FlowCSV,268,269,0.000344464
FlowCSV,269,270,0.000462076
FlowCSV,270,271,0.000852955
FlowCSV,271,272,0.000781059
FlowCSV,272,273,0.00145253
FlowCSV,273,274,0.00249042
FlowCSV,274,275,0.00117404
FlowCSV,275,276,0.00150232
FlowCSV,276,277,0.000911725
FlowCSV,277,278,0.000704397
FlowCSV,278,279,0.00080174
FlowCSV,279,280,0.00188697
FlowCSV,280,281,0.000863389
FlowCSV,281,282,0.000610061
FlowCSV,282,283,0.000413258
FlowCSV,283,284,0.000567479
FlowCSV,284,285,0.000588477
FlowCSV,285,286,0.000471701
FlowCSV,286,287,0.000902129
FlowCSV,287,288,0.000455142
FlowCSV,288,289,0.116839
FlowCSV,289,290,0.00052631
FlowCSV,290,291,0.000542907
FlowCSV,291,292,0.000717512
FlowCSV,292,293,0.000953277
FlowCSV,293,294,0.0011012
FlowCSV,294,295,0.00110829
FlowCSV,295,296,0.000968416
FlowCSV,296,297,0.00126781
FlowCSV,297,298,0.00100003
FlowCSV,298,299,0.00109981
FlowCSV,299,300,0.00096605
FlowCSV,300,301,0.00108275
FlowCSV,301,302,0.000904805
FlowCSV,302,303,0.00085773
FlowCSV,303,304,0.000850376
FlowCSV,304,305,0.000843303
FlowCSV,305,306,0.000830753
FlowCSV,306,307,0.000863528
FlowCSV,307,308,0.000856178
FlowCSV,308,309,0.000855219
FlowCSV,309,310,0.000958786
FlowCSV,310,311,0.00107998
FlowCSV,311,312,0.00107055
FlowCSV,312,313,0.00143691
FlowCSV,313,314,0.103516
FlowCSV,314,315,0.000496141
FlowCSV,315,316,0.000473752
FlowCSV,316,317,0.000541215
FlowCSV,317,318,0.000469114
FlowCSV,318,319,0.000547413
FlowCSV,319,320,0.00048983
FlowCSV,320,321,0.000475727
FlowCSV,321,322,0.000427206
FlowCSV,322,323,0.000518972
FlowCSV,323,324,0.000853993
FlowCSV,324,325,0.000911834
FlowCSV,325,326,0.000521694
FlowCSV,326,327,0.00109946
FlowCSV,327,328,0.000966366
FlowCSV,328,329,0.000523969
FlowCSV,329,330,0.00137611
FlowCSV,330,331,0.0022672
FlowCSV,331,332,0.000382051
FlowCSV,332,333,0.000446208
FlowCSV,333,334,0.000371131
FlowCSV,334,335,0.000871698
FlowCSV,335,336,0.000982891
FlowCSV,336,337,0.00115413
FlowCSV,337,338,0.000895394
FlowCSV,338,339,0.000470798
FlowCSV,339,340,0.000700175
FlowCSV,340,341,0.001384
FlowCSV,341,342,0.00117504
FlowCSV,342,343,0.0011392
FlowCSV,343,344,0.0012574
FlowCSV,344,345,0.000446493
FlowCSV,345,346,0.00204284
FlowCSV,346,347,0.149353
FlowCSV,347,348,0.0532025
FlowCSV,348,349,0.00467076
FlowCSV,349,350,0.0416898
FlowCSV,350,351,0.0118093
FlowCSV,351,352,0.0147589
FlowCSV,352,353,0.0102788
FlowCSV,353,354,0.000398789
FlowCSV,354,355,0.000118414
FlowCSV,355,356,0.000195989
FlowCSV,356,357,0.000126323
FlowCSV,357,358,0.000125712
FlowCSV,358,359,8.27025e-05
FlowCSV,359,360,8.09973e-05
FlowCSV,360,361,5.17545e-05
FlowCSV,361,362,0.000103514
FlowCSV,362,363,2.0299e-05
FlowCSV,363,364,2.23222e-05
FlowCSV,364,365,0.000118557
FlowCSV,365,366,4.9842e-05
FlowCSV,366,367,4.82701e-05
FlowCSV,367,368,0.000130403
FlowCSV,368,369,0.000122245
FlowCSV,369,370,0.141656
FlowCSV,370,371,0.000390032
FlowCSV,371,372,0.000385861
FlowCSV,372,373,0.000428144
FlowCSV,373,374,0.000419703
FlowCSV,374,375,0.000438007
FlowCSV,375,376,0.000541252
FlowCSV,376,377,0.00046746
FlowCSV,377,378,0.000350837
FlowCSV,378,379,0.000391154
FlowCSV,379,380,0.000427238
FlowCSV,380,381,0.000418883
FlowCSV,381,382,0.000413098
FlowCSV,382,383,0.000394667
FlowCSV,383,384,0.000423806
FlowCSV,384,385,0.000383472
FlowCSV,385,386,0.000383789
FlowCSV,386,387,0.000319515
FlowCSV,387,388,0.000407395
FlowCSV,388,389,0.000337611
FlowCSV,389,390,0.000326105
FlowCSV,390,391,0.000307484
FlowCSV,391,392,0.000311994
FlowCSV,392,393,0.000419947
FlowCSV,393,394,0.000381042
FlowCSV,394,395,0.00044157
FlowCSV,395,396,0.000424766
FlowCSV,396,397,0.000389812
FlowCSV,397,398,0.000344682
FlowCSV,398,399,0.000353487
FlowCSV,399,400,0.000363415
FlowCSV,400,401,0.000341648
FlowCSV,401,402,0.000370372
FlowCSV,402,403,0.000396199
FlowCSV,403,404,0.000461805
FlowCSV,404,405,0.000462577
FlowCSV,405,406,0.00672078
FlowCSV,406,407,0.00965156
FlowCSV,407,408,0.0176614
FlowCSV,408,409,0.0180571
FlowCSV,409,410,0.0230102
FlowCSV,410,411,0.0314526
FlowCSV,411,412,0.0463279
FlowCSV,412,413,0.0452704
FlowCSV,413,414,0.0655835
FlowCSV,414,415,0.0470553
FlowCSV,415,416,0.0665482
FlowCSV,416,417,0.0360374
FlowCSV,417,418,0.00142583
FlowCSV,418,419,0.00292204
FlowCSV,419,420,0.0016577
FlowCSV,420,421,0.00029818
FlowCSV,421,422,3.44948e-06
FlowCSV,422,423,2.63774e-05
FlowCSV,423,424,0
FlowCSV,424,425,0
FlowCSV,425,426,0
FlowCSV,426,427,0
FlowCSV,427,428,0
FlowCSV,428,429,0
FlowCSV,429,430,0
FlowCSV,430,431,0
FlowCSV,431,432,0
FlowCSV,432,433,0
FlowCSV,433,434,0
FlowCSV,434,435,2.45874e-05
FlowCSV,435,436,4.65789e-05
FlowCSV,436,437,9.84251e-05
FlowCSV,437,438,0.001745
FlowCSV,438,439,0.0217962
FlowCSV,439,440,0.0448307
FlowCSV,440,441,0.0447064
FlowCSV,441,442,0.0273252
FlowCSV,442,443,0.0190092
FlowCSV,443,444,0.0252429
FlowCSV,444,445,0.0201817
FlowCSV,445,446,0.017045
FlowCSV,446,447,0.0144984
FlowCSV,447,448,0.0186011
FlowCSV,448,449,0.0200017
FlowCSV,449,450,0.0129892
FlowCSV,450,451,0.0137955
FlowCSV,451,452,0.0121705
FlowCSV,452,453,0.0112417
FlowCSV,453,454,0.0113494
FlowCSV,454,455,0.00862417
FlowCSV,455,456,0.00881982
FlowCSV,456,457,0.0142151
FlowCSV,457,458,0.00826045
FlowCSV,458,459,0.00720808
FlowCSV,459,460,0.00773897
FlowCSV,460,461,0.00761275
FlowCSV,461,462,0.00714464
FlowCSV,462,463,0.00543484
FlowCSV,463,464,0.00443311
FlowCSV,464,465,0.00434527
FlowCSV,465,466,0.00296369
FlowCSV,466,467,0.00305305
FlowCSV,467,468,0.00203724
FlowCSV,468,469,0.00100664
FlowCSV,469,470,0.000699457
FlowCSV,470,471,0.000382444
FlowCSV,471,472,8.43634e-05
FlowCSV,472,473,6.01953e-05
FlowCSV,473,474,3.78887e-07
FlowCSV,474,475,8.92161e-05
FlowCSV,475,476,9.78908e-05
FlowCSV,476,477,0.000166526
FlowCSV,477,478,0.000228084
FlowCSV,478,479,0.000481837
FlowCSV,479,480,0.000697341
FlowCSV,480,481,0.00154119
FlowCSV,481,482,0.00491381
FlowCSV,482,483,0.0188705
FlowCSV,483,484,0.0620345
FlowCSV,484,485,0.094467
FlowCSV,485,486,0.0715945
FlowCSV,486,487,0.00510015
FlowCSV,487,488,3.27879e-05
FlowCSV,488,489,0
FlowCSV,489,490,0
FlowCSV,490,491,0
FlowCSV,491,492,0
FlowCSV,492,493,0
FlowCSV,493,494,0.218507
FlowCSV,494,495,0.0125515
FlowCSV,495,496,0.0858687
FlowCSV,496,497,0.16336
FlowCSV,497,498,0.0225454
FlowCSV,498,499,0.121739
FlowCSV,499,500,0.142006
FlowCSV,500,501,0.0371562
FlowCSV,501,502,0.083667
FlowCSV,502,503,0.154045
FlowCSV,503,504,0.0262329
FlowCSV,504,505,0.0487933
FlowCSV,505,506,0.0538822
FlowCSV,506,507,0.013953
FlowCSV,507,508,0.0482582
FlowCSV,508,509,0.00691774
FlowCSV,509,510,0.00771333
FlowCSV,510,511,0.00338064
FlowCSV,511,512,0.00106566
FlowCSV,512,513,0.000970119
FlowCSV,513,514,0.00162438
FlowCSV,514,515,0.00102345
FlowCSV,515,516,0.000906019
FlowCSV,516,517,0.000940723
FlowCSV,517,518,0.000878011
FlowCSV,518,519,0.000837966
FlowCSV,519,520,0.00084643
FlowCSV,520,521,0.000867435
FlowCSV,521,522,0.00084048
FlowCSV,522,523,0.000867622
FlowCSV,523,524,0.000842416
FlowCSV,524,525,0.000862425
FlowCSV,525,526,0.000793648
FlowCSV,526,527,0.000853278
FlowCSV,527,528,0.000808226
FlowCSV,528,529,0.00081248
FlowCSV,529,530,0.00123023
FlowCSV,530,531,0.0012308
FlowCSV,531,532,0.000815662
FlowCSV,532,533,0.00104653
FlowCSV,533,534,0.000822329
FlowCSV,534,535,0.000896274
FlowCSV,535,536,0.00101817
FlowCSV,536,537,0.00156009
FlowCSV,537,538,0.00264442
FlowCSV,538,539,0.0184075
FlowCSV,539,540,0.105713
FlowCSV,540,541,0.101088
FlowCSV,541,542,0.00873226
FlowCSV,542,543,0.0289197
FlowCSV,543,544,1.5382e-05
FlowCSV,544,545,0
FlowCSV,545,546,0
FlowCSV,546,547,0
FlowCSV,547,548,0
FlowCSV,548,549,0
FlowCSV,549,550,0
FlowCSV,550,551,0
FlowCSV,551,552,0
FlowCSV,552,553,0
FlowCSV,553,554,0
FlowCSV,554,555,0
FlowCSV,555,556,0
FlowCSV,556,557,0
FlowCSV,557,558,0
FlowCSV,558,559,0
FlowCSV,559,560,0
FlowCSV,560,561,0
FlowCSV,561,562,0
FlowCSV,562,563,0.00334021
FlowCSV,563,564,0.00346977
FlowCSV,564,565,0.0020769
FlowCSV,565,566,0.00180111
FlowCSV,566,567,0.000750851
FlowCSV,567,568,0.000672105
FlowCSV,568,569,0.000388086
FlowCSV,569,570,0.000406334
FlowCSV,570,571,0.000523869
FlowCSV,571,572,0.000348341
FlowCSV,572,573,0.000315883
FlowCSV,573,574,0.000314637
FlowCSV,574,575,0.000275154
FlowCSV,575,576,0.000285824
FlowCSV,576,577,0.000273526
FlowCSV,577,578,0.000278693
FlowCSV,578,579,0.000257078
FlowCSV,579,580,0.000245735
FlowCSV,580,581,0.00023841
FlowCSV,581,582,0.00023195
FlowCSV,582,583,0.000233776
FlowCSV,583,584,0.000226385
FlowCSV,584,585,0.000253569
FlowCSV,585,586,0.000244322
FlowCSV,586,587,0.000267134
FlowCSV,587,588,0.000254805
FlowCSV,588,589,0.000274511
FlowCSV,589,590,0.000272807
FlowCSV,590,591,0.000289493
FlowCSV,591,592,0.00028883
FlowCSV,592,593,0.000284945
FlowCSV,593,594,0.000262776
FlowCSV,594,595,0.00028096
FlowCSV,595,596,0.000260036
FlowCSV,596,597,0.000263601
FlowCSV,597,598,0.0839408
FlowCSV,598,599,0.00275317
FlowCSV,599,600,0.00253301
FlowCSV,600,601,0.00276636
FlowCSV,601,602,0.00268878
FlowCSV,602,603,0.00310147
FlowCSV,603,604,0.00415652
FlowCSV,604,605,0.00387977
FlowCSV,605,606,0.00435024
FlowCSV,606,607,0.00486127
FlowCSV,607,608,0.00518877
FlowCSV,608,609,0.00528623
FlowCSV,609,610,0.00539541
FlowCSV,610,611,0.00520438
FlowCSV,611,612,0.00404635
FlowCSV,612,613,0.00488248
FlowCSV,613,614,0.0040878
FlowCSV,614,615,0.00355452
FlowCSV,615,616,0.00347259
FlowCSV,616,617,0.00343121
FlowCSV,617,618,0.0031949
FlowCSV,618,619,0.00221191
FlowCSV,619,620,0.0021272
FlowCSV,620,621,0.00217065
FlowCSV,621,622,0.00230395
FlowCSV,622,623,0.00268093
FlowCSV,623,624,0.163393
FlowCSV,624,625,0.0019326
FlowCSV,625,626,0.0022662
FlowCSV,626,627,0.00215668
FlowCSV,627,628,0.00295839
FlowCSV,628,629,0.00415756
FlowCSV,629,630,0.00417105
FlowCSV,630,631,0.00422227
FlowCSV,631,632,0.00362001
FlowCSV,632,633,0.0139831
FlowCSV,633,634,0.010766
FlowCSV,634,635,0.0123665
FlowCSV,635,636,0.0102593
FlowCSV,636,637,0.00755645
FlowCSV,637,638,0.0178081
FlowCSV,638,639,0.00672421
FlowCSV,639,640,0.0639431
FlowCSV,640,641,0.00726715
FlowCSV,641,642,0.00734991
FlowCSV,642,643,0.00832395
FlowCSV,643,644,0.010583
FlowCSV,644,645,0.00832771
FlowCSV,645,646,0.00494001
FlowCSV,646,647,0.00579547
FlowCSV,647,648,0.007086
FlowCSV,648,649,0.0084934
FlowCSV,649,650,0.00628175
FlowCSV,650,651,0.00551639
FlowCSV,651,652,0.00529714
FlowCSV,652,653,0.00426618
FlowCSV,653,654,0.00571683
FlowCSV,654,655,0.00632893
FlowCSV,655,656,0.00709394
FlowCSV,656,657,0.11624
FlowCSV,657,658,0.00710282
FlowCSV,658,659,0.00722344
FlowCSV,659,660,0.00733225
FlowCSV,660,661,0.00471916
FlowCSV,661,662,0.00630482
FlowCSV,662,663,0.00785112
FlowCSV,663,664,0.0116242
FlowCSV,664,665,0.0103267
FlowCSV,665,666,0.00748376
FlowCSV,666,667,0.0053363
FlowCSV,667,668,0.0061655
FlowCSV,668,669,0.00426598
FlowCSV,669,670,0.00389444
FlowCSV,670,671,0.0035296
FlowCSV,671,672,0.00340387
FlowCSV,672,673,0.00334466
FlowCSV,673,674,0.120054
FlowCSV,674,675,0.00895991
FlowCSV,675,676,0.0101013
FlowCSV,676,677,0.00799298
FlowCSV,677,678,0.00940696
FlowCSV,678,679,0.00666504
FlowCSV,679,680,0.00749548
FlowCSV,680,681,0.00652481
FlowCSV,681,682,0.00491205
FlowCSV,682,683,0.00358458
FlowCSV,683,684,0.0031992
FlowCSV,684,685,0.00344972
FlowCSV,685,686,0.00292567
FlowCSV,686,687,0.00606671
FlowCSV,687,688,0.012352
FlowCSV,688,689,0.0156782
FlowCSV,689,690,0.0188108
FlowCSV,690,691,0.019161
FlowCSV,691,692,0.0133429
FlowCSV,692,693,0.0115523
FlowCSV,693,694,0.00927462
FlowCSV,694,695,0.0064714
FlowCSV,695,696,0.0033836
FlowCSV,696,697,0.0013311
FlowCSV,697,698,0.00315601
FlowCSV,698,699,0.00483401
FlowCSV,699,700,0.00537046
FlowCSV,700,701,0.00467723
FlowCSV,701,702,0.00379547
FlowCSV,702,703,0.00310001
FlowCSV,703,704,0.00302612
FlowCSV,704,705,0.0032392
FlowCSV,705,706,0.00346276
FlowCSV,706,707,0.00330826
FlowCSV,707,708,0.119563
FlowCSV,708,709,0.000233157
FlowCSV,709,710,0.000320389
FlowCSV,710,711,0.000349475
FlowCSV,711,712,0.000330171
FlowCSV,712,713,0.000400667
FlowCSV,713,714,0.000327093
FlowCSV,714,715,0.000245278
FlowCSV,715,716,0.000208274
FlowCSV,716,717,0.000236567
FlowCSV,717,718,0.00024843
FlowCSV,718,719,0.000299945
FlowCSV,719,720,0.000316855
FlowCSV,720,721,0.000314425
FlowCSV,721,722,0.000296687
FlowCSV,722,723,0.000332553
FlowCSV,723,724,0.000317648
FlowCSV,724,725,0.000286518
FlowCSV,725,726,0.000287804
FlowCSV,726,727,0.000318341
FlowCSV,727,728,0.000384072
FlowCSV,728,729,0.000459847
FlowCSV,729,730,0.000493229
FlowCSV,730,731,0.000439306
FlowCSV,731,732,0.000347343
FlowCSV,732,733,0.000261173
FlowCSV,733,734,0.000167477
FlowCSV,734,735,0.000125807
FlowCSV,735,736,0.000115305
FlowCSV,736,737,0.00016088
FlowCSV,737,738,0.000180174
FlowCSV,738,739,0.000203009
FlowCSV,739,740,0.00019851
FlowCSV,740,741,0.00016425
FlowCSV,741,742,0.000180816
FlowCSV,742,743,0.000157057
FlowCSV,743,744,0.000136029
FlowCSV,744,745,0.000129515
FlowCSV,745,746,0.00012194
FlowCSV,746,747,0.000170906
FlowCSV,747,748,0.000166115
FlowCSV,748,749,0.0753203
FlowCSV,749,750,0.00499446
FlowCSV,750,751,0.00560854
FlowCSV,751,752,0.00387277
FlowCSV,752,753,0.00424812
FlowCSV,753,754,0.00263533
FlowCSV,754,755,0.00291552
FlowCSV,755,756,0.00316612
FlowCSV,756,757,0.00333584
FlowCSV,757,758,0.0035237
FlowCSV,758,759,0.00435892
FlowCSV,759,760,0.00409392
FlowCSV,760,761,0.0044301
FlowCSV,761,762,0.00414356
FlowCSV,762,763,0.00534526
FlowCSV,763,764,0.00674877
FlowCSV,764,765,0.0108389
FlowCSV,765,766,0.00750958
FlowCSV,766,767,0.00758157
FlowCSV,767,768,0.00685317
FlowCSV,768,769,0.00809283
FlowCSV,769,770,0.0957458
FlowCSV,770,771,0.00212806
FlowCSV,771,772,0.00401402
FlowCSV,772,773,0.00808246
FlowCSV,773,774,0.0124249
FlowCSV,774,775,0.00720774
FlowCSV,775,776,0.00529298
FlowCSV,776,777,0.00598313
FlowCSV,777,778,0.00685482
FlowCSV,778,779,0.00557748
FlowCSV,779,780,0.00363091
FlowCSV,780,781,0.00204461
FlowCSV,781,782,0.00267255
FlowCSV,782,783,0.00888153
FlowCSV,783,784,0.189929
FlowCSV,784,785,0.00773363
FlowCSV,785,786,0.00758247
FlowCSV,786,787,0.00572014
FlowCSV,787,788,0.00403017
FlowCSV,788,789,0.00636867
FlowCSV,789,790,0.00783191
FlowCSV,790,791,0.00864355
FlowCSV,791,792,0.00644861
FlowCSV,792,793,0.00659291
FlowCSV,793,794,0.0135975
FlowCSV,794,795,0.012126
FlowCSV,795,796,0.251128
FlowCSV,796,797,0
FlowCSV,797,798,0
FlowCSV,798,799,0
FlowCSV,799,800,0
FlowCSV,800,801,0
FlowCSV,801,802,0
FlowCSV,802,803,0
FlowCSV,803,804,0
FlowCSV,804,805,0
FlowCSV,805,806,0
FlowCSV,806,807,0
FlowCSV,807,808,0
FlowCSV,808,809,0
FlowCSV,809,810,0
FlowCSV,810,811,3.43486e-05
FlowCSV,811,812,0.00370101
FlowCSV,812,813,0.00424254
FlowCSV,813,814,0.00160207
FlowCSV,814,815,0.00117327
FlowCSV,815,816,0.000913271
FlowCSV,816,817,0.00093218
FlowCSV,817,818,0.000771643
FlowCSV,818,819,0.000730566
FlowCSV,819,820,0.000787553
FlowCSV,820,821,0.000786207
FlowCSV,821,822,0.000770691
FlowCSV,822,823,0.0005437
FlowCSV,823,824,0.000558267
FlowCSV,824,825,0.000512475
FlowCSV,825,826,0.000559696
FlowCSV,826,827,0.000512665
FlowCSV,827,828,0.000687835
FlowCSV,828,829,0.000639276
FlowCSV,829,830,0.000732551
FlowCSV,830,831,0.000666426
FlowCSV,831,832,0.000624653
FlowCSV,832,833,0.000533238
FlowCSV,833,834,0.167398
FlowCSV,834,835,0
FlowCSV,835,836,0
FlowCSV,836,837,0
FlowCSV,837,838,0
FlowCSV,838,839,0
FlowCSV,839,840,0
FlowCSV,840,841,3.92122e-05
FlowCSV,841,842,3.48306e-05
FlowCSV,842,843,1.56991e-05
FlowCSV,843,844,3.31458e-05
FlowCSV,844,845,0.00158993
FlowCSV,845,846,0.00373979
FlowCSV,846,847,0.00628537
FlowCSV,847,848,0.00346831
FlowCSV,848,849,0.00503492
FlowCSV,849,850,0.00192594
FlowCSV,850,851,0.00208055
FlowCSV,851,852,0.00124062
FlowCSV,852,853,0.00116531
FlowCSV,853,854,0.00064185
FlowCSV,854,855,0.000473919
FlowCSV,855,856,0.000311387
FlowCSV,856,857,0.000252132
FlowCSV,857,858,0.000203443
FlowCSV,858,859,0.000189753
FlowCSV,859,860,9.32133e-05
FlowCSV,860,861,0.000194912
FlowCSV,861,862,0.000192462
FlowCSV,862,863,8.70861e-05
FlowCSV,863,864,0.000108313
FlowCSV,864,865,0.000134344
FlowCSV,865,866,0.000296226
FlowCSV,866,867,0.000234897
FlowCSV,867,868,0.00029095
FlowCSV,868,869,0.000305352
FlowCSV,869,870,0.000256698
FlowCSV,870,871,0.000258609
FlowCSV,871,872,0.000205931
FlowCSV,872,873,0.000205195
FlowCSV,873,874,0.000131631
FlowCSV,874,875,8.36028e-05
FlowCSV,875,876,7.43151e-05
FlowCSV,876,877,7.08366e-05
FlowCSV,877,878,7.9203e-05
FlowCSV,878,879,7.66305e-05
FlowCSV,879,880,6.77493e-05
FlowCSV,880,881,0.000325664
FlowCSV,881,882,0.000705689
FlowCSV,882,883,0.00126292
FlowCSV,883,884,0.00381512
FlowCSV,884,885,0.00631192
FlowCSV,885,886,0.0208684
FlowCSV,886,887,0.0294878
FlowCSV,887,888,0.0607436
FlowCSV,888,889,0.0794279
FlowCSV,889,890,0.088076
FlowCSV,890,891,0.0337218
FlowCSV,891,892,0.00204168
FlowCSV,892,893,3.37071e-05
FlowCSV,893,894,0
FlowCSV,894,895,0
FlowCSV,895,896,0
FlowCSV,896,897,0
FlowCSV,897,898,0
FlowCSV,898,899,0
FlowCSV,899,900,0
FlowCSV,900,901,0
FlowCSV,901,902,0
FlowCSV,902,903,4.22012e-05
FlowCSV,903,904,3.8304e-05
FlowCSV,904,905,0.0048821
FlowCSV,905,906,0.00463948
FlowCSV,906,907,0.0495276
FlowCSV,907,908,0.0278953
FlowCSV,908,909,0.0235974
FlowCSV,909,910,0.0227108
FlowCSV,910,911,0.020154
FlowCSV,911,912,0.013902
FlowCSV,912,913,0.00859117
FlowCSV,913,914,0.0055695
FlowCSV,914,915,0.000652797
FlowCSV,915,916,0.000584124
FlowCSV,916,917,0.000749143
FlowCSV,917,918,0.00040483
FlowCSV,918,919,0.00078382
FlowCSV,919,920,0.000881814
FlowCSV,920,921,0.00113142
FlowCSV,921,922,0.00174308
FlowCSV,922,923,0.00223598
FlowCSV,923,924,0.00188301
FlowCSV,924,925,0.00212329
FlowCSV,925,926,0.00214672
FlowCSV,926,927,0.00190684
FlowCSV,927,928,0.001274
FlowCSV,928,929,0.00077664
FlowCSV,929,930,0.00063076
FlowCSV,930,931,0.000575494
FlowCSV,931,932,0.145451
FlowCSV,932,933,0.00206907
FlowCSV,933,934,0.00175014
FlowCSV,934,935,0.00143832
FlowCSV,935,936,0.00135666
FlowCSV,936,937,0.000853036
FlowCSV,937,938,0.000347169
FlowCSV,938,939,0.000719286
FlowCSV,939,940,0.000804815
FlowCSV,940,941,0.00110064
FlowCSV,941,942,0.00109753
FlowCSV,942,943,0.000945116
FlowCSV,943,944,0.000713714
FlowCSV,944,945,0.000737101
FlowCSV,945,946,0.000422313
FlowCSV,946,947,0.000514581
FlowCSV,947,948,0.000384856
FlowCSV,948,949,0.00040286
FlowCSV,949,950,0.000411994
FlowCSV,950,951,0.000635564
FlowCSV,951,952,0.0012894
FlowCSV,952,953,0.00155416
FlowCSV,953,954,0.000667019
FlowCSV,954,955,0.00101515
FlowCSV,955,956,0.00135489
FlowCSV,956,957,0.00119374
FlowCSV,957,958,0.000897279
FlowCSV,958,959,0.00066219
FlowCSV,959,960,0.00208655
FlowCSV,960,961,0.000746939
FlowCSV,961,962,0.000848738
FlowCSV,962,963,0.00132858
FlowCSV,963,964,0.00277808
FlowCSV,964,965,0.000608075
FlowCSV,965,966,0.000640597
FlowCSV,966,967,0.000827963
FlowCSV,967,968,0.125999
FlowCSV,968,969,0.00035077
FlowCSV,969,970,0.000299392
FlowCSV,970,971,0.000354925
FlowCSV,971,972,0.000334859
FlowCSV,972,973,0.000332484
FlowCSV,973,974,0.0004105
FlowCSV,974,975,0.000359869
FlowCSV,975,976,0.000624357
FlowCSV,976,977,0.000648797
FlowCSV,977,978,0.000753078
FlowCSV,978,979,0.00102691
FlowCSV,979,980,0.00178683
FlowCSV,980,981,0.00345002
FlowCSV,981,982,0.0034835
FlowCSV,982,983,0.00588555
FlowCSV,983,984,0.00340935
FlowCSV,984,985,0.00880463
FlowCSV,985,986,0.00887889
FlowCSV,986,987,0.0215242
FlowCSV,987,988,0.0197836
FlowCSV,988,989,0.0116998
FlowCSV,989,990,0.0198245
FlowCSV,990,991,0.0383575
FlowCSV,991,992,0.0668148
FlowCSV,992,993,0.0255967
FlowCSV,993,994,0.00141458
FlowCSV,994,995,1.80058e-05
FlowCSV,995,996,0
FlowCSV,996,997,0
FlowCSV,997,998,0
FlowCSV,998,999,0
FlowCSV,999,1000,0
FlowCSV,1000,1001,0
FlowCSV,1001,1002,0
FlowCSV,1002,1003,0
FlowCSV,1003,1004,0
FlowCSV,1004,1005,0
FlowCSV,1005,1006,3.08328e-05
FlowCSV,1006,1007,3.76038e-05
FlowCSV,1007,1008,0.0117738
FlowCSV,1008,1009,0.0141705
FlowCSV,1009,1010,0.00730321
FlowCSV,1010,1011,0.00432613
FlowCSV,1011,1012,0.00225149
FlowCSV,1012,1013,0.00239056
FlowCSV,1013,1014,0.0016543
FlowCSV,1014,1015,0.00120482
FlowCSV,1015,1016,0.00094826
FlowCSV,1016,1017,0.00073186
FlowCSV,1017,1018,0.000451173
FlowCSV,1018,1019,0.00040785
FlowCSV,1019,1020,0.00039771
FlowCSV,1020,1021,0.000361525
FlowCSV,1021,1022,0.000320744
FlowCSV,1022,1023,0.000356024
FlowCSV,1023,1024,0.000372878
FlowCSV,1024,1025,0.000343135
FlowCSV,1025,1026,0.000312618
FlowCSV,1026,1027,0.000322801
FlowCSV,1027,1028,0.000377165
FlowCSV,1028,1029,0.000316179
FlowCSV,1029,1030,0.000269311
FlowCSV,1030,1031,0.000271035
FlowCSV,1031,1032,0.000257356
FlowCSV,1032,1033,0.000330035
FlowCSV,1033,1034,0.000366844
FlowCSV,1034,1035,0.217785
FlowCSV,1035,1036,0
FlowCSV,1036,1037,0
FlowCSV,1037,1038,0
FlowCSV,1038,1039,0
FlowCSV,1039,1040,0
FlowCSV,1040,1041,0
FlowCSV,1041,1042,4.18575e-05
FlowCSV,1042,1043,7.23508e-05
FlowCSV,1043,1044,0.00751522
FlowCSV,1044,1045,0.0386201
FlowCSV,1045,1046,0.0546645
FlowCSV,1046,1047,0.0515876
FlowCSV,1047,1048,0.0550982
FlowCSV,1048,1049,0.0414525
FlowCSV,1049,1050,0.0334155
FlowCSV,1050,1051,0.0241911
FlowCSV,1051,1052,0.00866858
FlowCSV,1052,1053,0.00172217
FlowCSV,1053,1054,0.00211659
FlowCSV,1054,1055,0.00134421
FlowCSV,1055,1056,0.000862489
FlowCSV,1056,1057,0.000741332
FlowCSV,1057,1058,0.000757258
FlowCSV,1058,1059,0.000634291
FlowCSV,1059,1060,0.000590991
FlowCSV,1060,1061,0.000502258
FlowCSV,1061,1062,0.000485243
FlowCSV,1062,1063,0.000439917
FlowCSV,1063,1064,0.000415002
FlowCSV,1064,1065,0.000368638
FlowCSV,1065,1066,0.107467
FlowCSV,1066,1067,0.000191179
FlowCSV,1067,1068,0.00022091
FlowCSV,1068,1069,0.000293982
FlowCSV,1069,1070,0.000299782
FlowCSV,1070,1071,0.000345393
FlowCSV,1071,1072,0.000352603
FlowCSV,1072,1073,0.000290047
FlowCSV,1073,1074,0.000286313
FlowCSV,1074,1075,0.000258518
FlowCSV,1075,1076,0.000240584
FlowCSV,1076,1077,0.000269079
FlowCSV,1077,1078,0.000253043
FlowCSV,1078,1079,0.000264994
FlowCSV,1079,1080,0.000240739
FlowCSV,1080,1081,0.000255109
FlowCSV,1081,1082,0.000266419
FlowCSV,1082,1083,0.000259693
FlowCSV,1083,1084,0.000238962
FlowCSV,1084,1085,0.000258859
FlowCSV,1085,1086,0.00024657
FlowCSV,1086,1087,0.00024897
FlowCSV,1087,1088,0.000240236
FlowCSV,1088,1089,0.000244269
FlowCSV,1089,1090,0.000252513
FlowCSV,1090,1091,0.000261119
FlowCSV,1091,1092,0.000245545
FlowCSV,1092,1093,0.000231564
FlowCSV,1093,1094,0.00023708
FlowCSV,1094,1095,0.000210112
FlowCSV,1095,1096,0.000190321
FlowCSV,1096,1097,0.000191055
FlowCSV,1097,1098,0.000182848
FlowCSV,1098,1099,0.000197917
FlowCSV,1099,1100,0.00018917
FlowCSV,1100,1101,0.0997782
FlowCSV,1101,1102,0.00193563
FlowCSV,1102,1103,0.00182241
FlowCSV,1103,1104,0.00177026
FlowCSV,1104,1105,0.00172221
FlowCSV,1105,1106,0.00163235
FlowCSV,1106,1107,0.00155334
FlowCSV,1107,1108,0.00119748
FlowCSV,1108,1109,0.00109523
FlowCSV,1109,1110,0.00099867
FlowCSV,1110,1111,0.00114661
FlowCSV,1111,1112,0.00124427
FlowCSV,1112,1113,0.00142566
FlowCSV,1113,1114,0.00153322
FlowCSV,1114,1115,0.0018699
FlowCSV,1115,1116,0.00195006
FlowCSV,1116,1117,0.00205853
FlowCSV,1117,1118,0.00227979
FlowCSV,1118,1119,0.00234012
FlowCSV,1119,1120,0.00258854
FlowCSV,1120,1121,0.00263968
FlowCSV,1121,1122,0.00285274
FlowCSV,1122,1123,0.00295374
FlowCSV,1123,1124,0.00282087
FlowCSV,1124,1125,0.00266061
FlowCSV,1125,1126,0.0024952
FlowCSV,1126,1127,0.00238769
FlowCSV,1127,1128,0.0025067
FlowCSV,1128,1129,0.00255317
FlowCSV,1129,1130,0.0616378
FlowCSV,1130,1131,0.000720612
FlowCSV,1131,1132,0.00100896
FlowCSV,1132,1133,0.00101157
FlowCSV,1133,1134,0.000844372
FlowCSV,1134,1135,0.00086395
FlowCSV,1135,1136,0.000795714
FlowCSV,1136,1137,0.00105346
FlowCSV,1137,1138,0.00278872
FlowCSV,1138,1139,0.00330375
FlowCSV,1139,1140,0.00293322
FlowCSV,1140,1141,0.00331354
FlowCSV,1141,1142,0.00370168
FlowCSV,1142,1143,0.00328017
FlowCSV,1143,1144,0.00372268
FlowCSV,1144,1145,0.00448677
FlowCSV,1145,1146,0.00520587
FlowCSV,1146,1147,0.00520618
FlowCSV,1147,1148,0.00514317
FlowCSV,1148,1149,0.00752448
FlowCSV,1149,1150,0.00568339
FlowCSV,1150,1151,0.003394
FlowCSV,1151,1152,0.00266869
FlowCSV,1152,1153,0.00272681
FlowCSV,1153,1154,0.00381395
FlowCSV,1154,1155,0.00513562
FlowCSV,1155,1156,0.0105135
FlowCSV,1156,1157,0.00586796
FlowCSV,1157,1158,0.00232086
FlowCSV,1158,1159,0.00219924
FlowCSV,1159,1160,0.00219751
FlowCSV,1160,1161,0.0017499
FlowCSV,1161,1162,0.00198018
FlowCSV,1162,1163,0.00218603
FlowCSV,1163,1164,0.00190558
FlowCSV,1164,1165,0.00174925
FlowCSV,1165,1166,0.00183446
FlowCSV,1166,1167,0.00179484
FlowCSV,1167,1168,0.00315337
FlowCSV,1168,1169,0.00278255
FlowCSV,1169,1170,0.002262
FlowCSV,1170,1171,0.00262904
FlowCSV,1171,1172,0.00216287
FlowCSV,1172,1173,0.0931373
FlowCSV,1173,1174,0.000341481
FlowCSV,1174,1175,0.000273174
FlowCSV,1175,1176,0.000368818
FlowCSV,1176,1177,0.000391811
FlowCSV,1177,1178,0.000363525
FlowCSV,1178,1179,0.000374669
FlowCSV,1179,1180,0.000469858
FlowCSV,1180,1181,0.000416151
FlowCSV,1181,1182,0.000240634
FlowCSV,1182,1183,0.000196675
FlowCSV,1183,1184,0.000290043
FlowCSV,1184,1185,0.000386954
FlowCSV,1185,1186,0.000463097
FlowCSV,1186,1187,0.000573885
FlowCSV,1187,1188,0.000600752
FlowCSV,1188,1189,0.000640778
FlowCSV,1189,1190,0.000685339
FlowCSV,1190,1191,0.00060886
FlowCSV,1191,1192,0.000506965
FlowCSV,1192,1193,0.00037963
FlowCSV,1193,1194,0.000438241
FlowCSV,1194,1195,0.0010022
FlowCSV,1195,1196,0.0010978
FlowCSV,1196,1197,0.000630669
FlowCSV,1197,1198,0.000667496
FlowCSV,1198,1199,0.00103515
FlowCSV,1199,1200,0.000794491
FlowCSV,1200,1201,0.0008895
FlowCSV,1201,1202,0.000826247
FlowCSV,1202,1203,0.000744259
FlowCSV,1203,1204,0.000716935
FlowCSV,1204,1205,0.000646191
FlowCSV,1205,1206,0.000591993
FlowCSV,1206,1207,0.000571973
FlowCSV,1207,1208,0.000652182
FlowCSV,1208,1209,0.000731325
FlowCSV,1209,1210,0.000831
FlowCSV,1210,1211,0.000689903
FlowCSV,1211,1212,0.000510644
FlowCSV,1212,1213,0.000458246
FlowCSV,1213,1214,0.000401136
FlowCSV,1214,1215,0.000364663
FlowCSV,1215,1216,0.000451265
FlowCSV,1216,1217,0.000409979
FlowCSV,1217,1218,0.000355233
FlowCSV,1218,1219,0.0003358
FlowCSV,1219,1220,0.000340673
FlowCSV,1220,1221,0.000354717
FlowCSV,1221,1222,0.000345919
FlowCSV,1222,1223,0.000361245
FlowCSV,1223,1224,0.124886
FlowCSV,1224,1225,0.00384126
FlowCSV,1225,1226,0.00580002
FlowCSV,1226,1227,0.00343182
FlowCSV,1227,1228,0.00393012
FlowCSV,1228,1229,0.00325233
FlowCSV,1229,1230,0.00503614
FlowCSV,1230,1231,0.00292684
FlowCSV,1231,1232,0.00560221
FlowCSV,1232,1233,0.00201099
FlowCSV,1233,1234,0.00296505
FlowCSV,1234,1235,0.00314375
FlowCSV,1235,1236,0.162768
FlowCSV,1236,1237,0.11523
FlowCSV,1237,1238,0.190785
FlowCSV,1238,1239,0.15942
FlowCSV,1239,1240,0.0672712
FlowCSV,1240,1241,0.0120538
FlowCSV,1241,1242,0.0245337
FlowCSV,1242,1243,0.0249061
FlowCSV,1243,1244,0.0179985
FlowCSV,1244,1245,0.0207659
FlowCSV,1245,1246,0.0250381
FlowCSV,1246,1247,0.023608
FlowCSV,1247,1248,0.0252579
FlowCSV,1248,1249,0.0332944
FlowCSV,1249,1250,0.0413582
FlowCSV,1250,1251,0.0408981
FlowCSV,1251,1252,0.0374114
FlowCSV,1252,1253,0.0394288
FlowCSV,1253,1254,0.0451023
FlowCSV,1254,1255,0.0422122
FlowCSV,1255,1256,0.0401901
FlowCSV,1256,1257,0.0196291
FlowCSV,1257,1258,0.0218465
FlowCSV,1258,1259,0.410008
FlowCSV,1259,1260,0.00237693
FlowCSV,1260,1261,0.0331601
FlowCSV,1261,1262,0.0339946
FlowCSV,1262,1263,0.0770511
FlowCSV,1263,1264,0.0622865
FlowCSV,1264,1265,0.0668715
FlowCSV,1265,1266,0.00277747
FlowCSV,1266,1267,0.0800492
FlowCSV,1267,1268,0.0195151
FlowCSV,1268,1269,0.0254094
FlowCSV,1269,1270,0.0858656
FlowCSV,1270,1271,0.00544286
FlowCSV,1271,1272,0.0408647
FlowCSV,1272,1273,0.0185714
FlowCSV,1273,1274,0.0289968
FlowCSV,1274,1275,0.0190285
FlowCSV,1275,1276,0.0144244
FlowCSV,1276,1277,0.0332861
FlowCSV,1277,1278,0.0389601
FlowCSV,1278,1279,0.0202973
FlowCSV,1279,1280,0.0163721
FlowCSV,1280,1281,0.0179354
FlowCSV,1281,1282,0.0196934
FlowCSV,1282,1283,0.0302236
FlowCSV,1283,1284,0.0416443
FlowCSV,1284,1285,0.0469734
FlowCSV,1285,1286,0.0443075
FlowCSV,1286,1287,0.0647768
FlowCSV,1287,1288,0.0562486
FlowCSV,1288,1289,0.058588
FlowCSV,1289,1290,0.033978
FlowCSV,1290,1291,0.0145543
FlowCSV,1291,1292,2.71317e-05
FlowCSV,1292,1293,0
FlowCSV,1293,1294,0
FlowCSV,1294,1295,0
FlowCSV,1295,1296,0
FlowCSV,1296,1297,0
FlowCSV,1297,1298,0
FlowCSV,1298,1299,0
FlowCSV,1299,1300,0
FlowCSV,1300,1301,0
FlowCSV,1301,1302,0
FlowCSV,1302,1303,0
FlowCSV,1303,1304,0.152735
FlowCSV,1304,1305,0.00435397
FlowCSV,1305,1306,0.00469546
FlowCSV,1306,1307,0.00441368
FlowCSV,1307,1308,0.00425048
FlowCSV,1308,1309,0.00416405
FlowCSV,1309,1310,0.00478488
FlowCSV,1310,1311,0.00536772
FlowCSV,1311,1312,0.00740014
FlowCSV,1312,1313,0.00555551
FlowCSV,1313,1314,0.00676003
FlowCSV,1314,1315,0.00535735
FlowCSV,1315,1316,0.00635157
FlowCSV,1316,1317,0.00625181
FlowCSV,1317,1318,0.00607357
FlowCSV,1318,1319,0.00557846
FlowCSV,1319,1320,0.00610159
FlowCSV,1320,1321,0.00569322
FlowCSV,1321,1322,0.00537494
FlowCSV,1322,1323,0.004172
FlowCSV,1323,1324,0.00479843
FlowCSV,1324,1325,0.00494366
FlowCSV,1325,1326,0.00453316
FlowCSV,1326,1327,0.00423294
FlowCSV,1327,1328,0.00514574
FlowCSV,1328,1329,0.00446589
FlowCSV,1329,1330,0.00470602
FlowCSV,1330,1331,0.0051098
FlowCSV,1331,1332,0.121286
FlowCSV,1332,1333,0.000463634
FlowCSV,1333,1334,0.000466144
FlowCSV,1334,1335,0.000447885
FlowCSV,1335,1336,0.000444942
FlowCSV,1336,1337,0.000445183
FlowCSV,1337,1338,0.000448868
FlowCSV,1338,1339,0.000438016
FlowCSV,1339,1340,0.000433511
FlowCSV,1340,1341,0.000441555
FlowCSV,1341,1342,0.000433049
FlowCSV,1342,1343,0.000439025
FlowCSV,1343,1344,0.000442438
FlowCSV,1344,1345,0.000445708
FlowCSV,1345,1346,0.000450151
FlowCSV,1346,1347,0.000451374
FlowCSV,1347,1348,0.000440097
FlowCSV,1348,1349,0.000447857
FlowCSV,1349,1350,0.00043383
FlowCSV,1350,1351,0.000434228
FlowCSV,1351,1352,0.000460823
FlowCSV,1352,1353,0.000442618
FlowCSV,1353,1354,0.000439218
FlowCSV,1354,1355,0.000450219
FlowCSV,1355,1356,0.000438032
FlowCSV,1356,1357,0.000427405
FlowCSV,1357,1358,0.000423748
FlowCSV,1358,1359,0.0004298
FlowCSV,1359,1360,0.109021
FlowCSV,1360,1361,0.00244414
FlowCSV,1361,1362,0.00250103
FlowCSV,1362,1363,0.00258914
FlowCSV,1363,1364,0.00274702
FlowCSV,1364,1365,0.00269894
FlowCSV,1365,1366,0.00257708
FlowCSV,1366,1367,0.00263966
FlowCSV,1367,1368,0.00288275
FlowCSV,1368,1369,0.00265712
FlowCSV,1369,1370,0.00274181
FlowCSV,1370,1371,0.00279674
FlowCSV,1371,1372,0.00270915
FlowCSV,1372,1373,0.00281378
FlowCSV,1373,1374,0.00283765
FlowCSV,1374,1375,0.0028431
FlowCSV,1375,1376,0.00303576
FlowCSV,1376,1377,0.0031896
FlowCSV,1377,1378,0.00351198
FlowCSV,1378,1379,0.00359119
FlowCSV,1379,1380,0.00356686
FlowCSV,1380,1381,0.00446138
FlowCSV,1381,1382,0.005774
FlowCSV,1382,1383,0.00659412
FlowCSV,1383,1384,0.0124224
FlowCSV,1384,1385,0.0204016
FlowCSV,1385,1386,0.0355865
FlowCSV,1386,1387,0.0686817
FlowCSV,1387,1388,0.0834295
FlowCSV,1388,1389,0.0018842
FlowCSV,1389,1390,0.0030757
FlowCSV,1390,1391,0.00223769
FlowCSV,1391,1392,3.19319e-05
FlowCSV,1392,1393,1.31178e-07
FlowCSV,1393,1394,0
FlowCSV,1394,1395,0
FlowCSV,1395,1396,0
FlowCSV,1396,1397,0
FlowCSV,1397,1398,0
FlowCSV,1398,1399,0.502952
FlowCSV,1399,1400,0.00841746
FlowCSV,1400,1401,0.00805546
FlowCSV,1401,1402,0.00707589
FlowCSV,1402,1403,0.00958844
FlowCSV,1403,1404,0.020495
FlowCSV,1404,1405,0.00917351
FlowCSV,1405,1406,0.00855136
FlowCSV,1406,1407,0.0112005
FlowCSV,1407,1408,0.0121776
FlowCSV,1408,1409,0.0165869
FlowCSV,1409,1410,0.0193909
FlowCSV,1410,1411,0.0237302
FlowCSV,1411,1412,0.0212636
FlowCSV,1412,1413,0.0226485
FlowCSV,1413,1414,0.0235289
FlowCSV,1414,1415,0.0468124
FlowCSV,1415,1416,0.0577891
FlowCSV,1416,1417,0.0465371
FlowCSV,1417,1418,3.99133e-05
FlowCSV,1418,1419,3.23645e-05
FlowCSV,1419,1420,0
FlowCSV,1420,1421,0
FlowCSV,1421,1422,0
FlowCSV,1422,1423,0
FlowCSV,1423,1424,0
FlowCSV,1424,1425,2.10663e-06
FlowCSV,1425,1426,5.58774e-05
FlowCSV,1426,1427,0.0277033
FlowCSV,1427,1428,0.00998454
FlowCSV,1428,1429,0.00818241
FlowCSV,1429,1430,0.00925419
FlowCSV,1430,1431,0.00487626
FlowCSV,1431,1432,0.00316429
FlowCSV,1432,1433,0.00230094
FlowCSV,1433,1434,0.000688908
FlowCSV,1434,1435,0.000690929
FlowCSV,1435,1436,0.000825721
FlowCSV,1436,1437,0.000790662
FlowCSV,1437,1438,0.00066504
FlowCSV,1438,1439,0.00073669
FlowCSV,1439,1440,0.000591224
FlowCSV,1440,1441,0.000622908
FlowCSV,1441,1442,0.000505093
FlowCSV,1442,1443,0.000470959
FlowCSV,1443,1444,0.000501921
FlowCSV,1444,1445,0.000450912
FlowCSV,1445,1446,0.00040864
FlowCSV,1446,1447,0.00042375
FlowCSV,1447,1448,0.000418309
FlowCSV,1448,1449,0.000439777
FlowCSV,1449,1450,0.000480297
FlowCSV,1450,1451,0.000629829
FlowCSV,1451,1452,0.000741232
FlowCSV,1452,1453,0.0914697
FlowCSV,1453,1454,9.56465e-05
FlowCSV,1454,1455,0.000132392
FlowCSV,1455,1456,0.000343172
FlowCSV,1456,1457,0.000315772
FlowCSV,1457,1458,0.000251955
FlowCSV,1458,1459,0.000261436
FlowCSV,1459,1460,0.000301425
FlowCSV,1460,1461,0.000280721
FlowCSV,1461,1462,0.000308331
FlowCSV,1462,1463,0.000319553
FlowCSV,1463,1464,0.000343428
FlowCSV,1464,1465,0.000452981
FlowCSV,1465,1466,0.000454389
FlowCSV,1466,1467,0.000496519
FlowCSV,1467,1468,0.000431707
FlowCSV,1468,1469,0.000500533
FlowCSV,1469,1470,0.000450674
FlowCSV,1470,1471,0.000416915
FlowCSV,1471,1472,0.00046885
FlowCSV,1472,1473,0.00037638
FlowCSV,1473,1474,0.000402538
FlowCSV,1474,1475,0.000404967
FlowCSV,1475,1476,0.000340115
FlowCSV,1476,1477,0.00027405
FlowCSV,1477,1478,0.000289269
FlowCSV,1478,1479,0.00025476
FlowCSV,1479,1480,0.000184527
FlowCSV,1480,1481,0.000162567
FlowCSV,1481,1482,0.000136944
FlowCSV,1482,1483,0.000121307
FlowCSV,1483,1484,0.000115006
FlowCSV,1484,1485,6.81964e-05
FlowCSV,1485,1486,8.79228e-05
FlowCSV,1486,1487,7.98072e-05
FlowCSV,1487,1488,0.000106147
FlowCSV,1488,1489,0.000113808
FlowCSV,1489,1490,0.000115316
FlowCSV,1490,1491,0.000121207
FlowCSV,1491,1492,0.000125488
FlowCSV,1492,1493,0.000111212
FlowCSV,1493,1494,9.77937e-05
FlowCSV,1494,1495,0.0727684
FlowCSV,1495,1496,0.000665643
FlowCSV,1496,1497,0.000722242
FlowCSV,1497,1498,0.00131844
FlowCSV,1498,1499,0.00131985
FlowCSV,1499,1500,0.00211746
FlowCSV,1500,1501,0.00163686
FlowCSV,1501,1502,0.000987453
FlowCSV,1502,1503,0.000477996
FlowCSV,1503,1504,0.000195048
FlowCSV,1504,1505,0.000122188
FlowCSV,1505,1506,0.00011534
FlowCSV,1506,1507,0.000101806
FlowCSV,1507,1508,8.57688e-05
FlowCSV,1508,1509,7.1558e-05
FlowCSV,1509,1510,0.000129238
FlowCSV,1510,1511,0.000121484
FlowCSV,1511,1512,0.000206078
FlowCSV,1512,1513,0.000230099
FlowCSV,1513,1514,0.000236613
FlowCSV,1514,1515,0.000258267
FlowCSV,1515,1516,0.000256333
FlowCSV,1516,1517,0.000316635
FlowCSV,1517,1518,0.000318773
FlowCSV,1518,1519,0.088177
FlowCSV,1519,1520,0.000298706
FlowCSV,1520,1521,0.000269168
FlowCSV,1521,1522,0.000359813
FlowCSV,1522,1523,0.000469037
FlowCSV,1523,1524,0.000493513
FlowCSV,1524,1525,0.000663561
FlowCSV,1525,1526,0.000817232
FlowCSV,1526,1527,0.00102275
FlowCSV,1527,1528,0.000884965
FlowCSV,1528,1529,0.000998153
FlowCSV,1529,1530,0.00101907
FlowCSV,1530,1531,0.000789546
FlowCSV,1531,1532,0.000515929
FlowCSV,1532,1533,0.000611842
FlowCSV,1533,1534,0.000686225
FlowCSV,1534,1535,0.000573575
FlowCSV,1535,1536,0.000396056
FlowCSV,1536,1537,0.000408372
FlowCSV,1537,1538,0.000352695
FlowCSV,1538,1539,0.00043051
FlowCSV,1539,1540,0.000381824
FlowCSV,1540,1541,0.000439935
FlowCSV,1541,1542,0.000492393
FlowCSV,1542,1543,0.000528274
FlowCSV,1543,1544,0.000440161
FlowCSV,1544,1545,0.000430538
FlowCSV,1545,1546,0.000380049
FlowCSV,1546,1547,0.0823613
FlowCSV,1547,1548,0.000262891
FlowCSV,1548,1549,0.000187448
FlowCSV,1549,1550,0.000142803
FlowCSV,1550,1551,0.000153055
FlowCSV,1551,1552,0.000185096
FlowCSV,1552,1553,0.000223733
FlowCSV,1553,1554,0.000222233
FlowCSV,1554,1555,0.000186623
FlowCSV,1555,1556,0.000163255
FlowCSV,1556,1557,0.000157747
FlowCSV,1557,1558,0.000143706
FlowCSV,1558,1559,0.000192494
FlowCSV,1559,1560,0.000198405
FlowCSV,1560,1561,0.000197941
FlowCSV,1561,1562,0.000155093
FlowCSV,1562,1563,0.000139186
FlowCSV,1563,1564,0.000132469
FlowCSV,1564,1565,0.00011737
FlowCSV,1565,1566,0.000162395
FlowCSV,1566,1567,0.000163745
FlowCSV,1567,1568,0.000163976
FlowCSV,1568,1569,0.207507
FlowCSV,1569,1570,0
FlowCSV,1570,1571,0
FlowCSV,1571,1572,0
FlowCSV,1572,1573,0
FlowCSV,1573,1574,0
FlowCSV,1574,1575,0
FlowCSV,1575,1576,0
FlowCSV,1576,1577,0
FlowCSV,1577,1578,2.86458e-05
FlowCSV,1578,1579,1.17442e-05
FlowCSV,1579,1580,0.000188242
FlowCSV,1580,1581,0.00175612
FlowCSV,1581,1582,0.00319941
FlowCSV,1582,1583,0.00210797
FlowCSV,1583,1584,0.0013375
FlowCSV,1584,1585,0.00145837
FlowCSV,1585,1586,0.00156908
FlowCSV,1586,1587,0.00148091
FlowCSV,1587,1588,0.00159158
FlowCSV,1588,1589,0.00155834
FlowCSV,1589,1590,0.00177914
FlowCSV,1590,1591,0.00193364
FlowCSV,1591,1592,0.00195646
FlowCSV,1592,1593,0.00220246
FlowCSV,1593,1594,0.00170301
FlowCSV,1594,1595,0.00178712
FlowCSV,1595,1596,0.00179168
FlowCSV,1596,1597,0.00182229
FlowCSV,1597,1598,0.00179117
FlowCSV,1598,1599,0.00197943
FlowCSV,1599,1600,0.00215518
FlowCSV,1600,1601,0.00210296
FlowCSV,1601,1602,0.00207944
FlowCSV,1602,1603,0.00218052
FlowCSV,1603,1604,0.00196781
FlowCSV,1604,1605,0.00188771
FlowCSV,1605,1606,0.00178294
FlowCSV,1606,1607,0.00174945
FlowCSV,1607,1608,0.0017717
FlowCSV,1608,1609,0.00174786
FlowCSV,1609,1610,0.00165676
FlowCSV,1610,1611,0.00171602
FlowCSV,1611,1612,0.00168221
FlowCSV,1612,1613,0.00179223
FlowCSV,1613,1614,0.00182726
FlowCSV,1614,1615,0.00209357
FlowCSV,1615,1616,0.00184951
FlowCSV,1616,1617,0.00185928
FlowCSV,1617,1618,0.00166691
FlowCSV,1618,1619,0.00182787
FlowCSV,1619,1620,0.00201106
FlowCSV,1620,1621,0.00179249
FlowCSV,1621,1622,0.00240181
FlowCSV,1622,1623,0.00219811
FlowCSV,1623,1624,0.0018424
FlowCSV,1624,1625,0.00178096
FlowCSV,1625,1626,0.0017374
FlowCSV,1626,1627,0.00179339
FlowCSV,1627,1628,0.00183248
FlowCSV,1628,1629,0.00185896
FlowCSV,1629,1630,0.00191085
FlowCSV,1630,1631,0.00198453
FlowCSV,1631,1632,0.00205151
FlowCSV,1632,1633,0.00217986
FlowCSV,1633,1634,0.00221645
FlowCSV,1634,1635,0.00225754
FlowCSV,1635,1636,0.00232383
FlowCSV,1636,1637,0.0782344
FlowCSV,1637,1638,0.00219166
FlowCSV,1638,1639,0.00231399
FlowCSV,1639,1640,0.00229198
FlowCSV,1640,1641,0.00234953
FlowCSV,1641,1642,0.00241946
FlowCSV,1642,1643,0.00252488
FlowCSV,1643,1644,0.00252821
FlowCSV,1644,1645,0.0029089
FlowCSV,1645,1646,0.00262008
FlowCSV,1646,1647,0.00260602
FlowCSV,1647,1648,0.00207867
FlowCSV,1648,1649,0.00229957
FlowCSV,1649,1650,0.00282443
FlowCSV,1650,1651,0.00185779
FlowCSV,1651,1652,0.00233254
FlowCSV,1652,1653,0.00165798
FlowCSV,1653,1654,0.00175414
FlowCSV,1654,1655,0.00195607
FlowCSV,1655,1656,0.00271378
FlowCSV,1656,1657,0.00339985
FlowCSV,1657,1658,0.00309783
FlowCSV,1658,1659,0.00220848
FlowCSV,1659,1660,0.00174839
FlowCSV,1660,1661,0.00135277
FlowCSV,1661,1662,0.00157889
FlowCSV,1662,1663,0.00161261
FlowCSV,1663,1664,0.00122959
FlowCSV,1664,1665,0.14751
FlowCSV,1665,1666,0.00208022
FlowCSV,1666,1667,0.00231318
FlowCSV,1667,1668,0.00233847
FlowCSV,1668,1669,0.00220354
FlowCSV,1669,1670,0.00240956
FlowCSV,1670,1671,0.00252869
FlowCSV,1671,1672,0.00229775
FlowCSV,1672,1673,0.00230838
FlowCSV,1673,1674,0.0023096
FlowCSV,1674,1675,0.00225994
FlowCSV,1675,1676,0.00229593
FlowCSV,1676,1677,0.0023743
FlowCSV,1677,1678,0.00248082
FlowCSV,1678,1679,0.00326496
FlowCSV,1679,1680,0.00331628
FlowCSV,1680,1681,0.00295303
FlowCSV,1681,1682,0.0022066
FlowCSV,1682,1683,0.00227477
FlowCSV,1683,1684,0.00220799
FlowCSV,1684,1685,0.00209242
FlowCSV,1685,1686,0.00227027
FlowCSV,1686,1687,0.0022748
FlowCSV,1687,1688,0.00240941
FlowCSV,1688,1689,0.00241897
FlowCSV,1689,1690,0.00234851
FlowCSV,1690,1691,0.00226595
FlowCSV,1691,1692,0.00241017
FlowCSV,1692,1693,0.00260788
FlowCSV,1693,1694,0.00395309
FlowCSV,1694,1695,0.00363618
FlowCSV,1695,1696,0.209948
FlowCSV,1696,1697,0
FlowCSV,1697,1698,0
FlowCSV,1698,1699,0
FlowCSV,1699,1700,0
FlowCSV,1700,1701,0
FlowCSV,1701,1702,0
FlowCSV,1702,1703,0
FlowCSV,1703,1704,0
FlowCSV,1704,1705,0
FlowCSV,1705,1706,0
FlowCSV,1706,1707,0
FlowCSV,1707,1708,0
FlowCSV,1708,1709,0
FlowCSV,1709,1710,0.00899829
FlowCSV,1710,1711,0.00939046
FlowCSV,1711,1712,0.0101853
FlowCSV,1712,1713,0.00809566
FlowCSV,1713,1714,0.00798121
FlowCSV,1714,1715,0.00818047
FlowCSV,1715,1716,0.0110588
FlowCSV,1716,1717,0.00734961
FlowCSV,1717,1718,0.00772092
FlowCSV,1718,1719,0.00763432
FlowCSV,1719,1720,0.00508196
FlowCSV,1720,1721,0.00446687
FlowCSV,1721,1722,0.00322696
FlowCSV,1722,1723,0.00268865
FlowCSV,1723,1724,0.00293556
FlowCSV,1724,1725,0.00304864
FlowCSV,1725,1726,0.00324436
FlowCSV,1726,1727,0.00338589
FlowCSV,1727,1728,0.00324502
FlowCSV,1728,1729,0.00325815
FlowCSV,1729,1730,0.00338855
FlowCSV,1730,1731,0.00344542
FlowCSV,1731,1732,0.00343482
FlowCSV,1732,1733,0.00378507
FlowCSV,1733,1734,0.00482186
FlowCSV,1734,1735,0.00212025
FlowCSV,1735,1736,0.00201401
FlowCSV,1736,1737,0.230187
FlowCSV,1737,1738,0
FlowCSV,1738,1739,0
FlowCSV,1739,1740,0
FlowCSV,1740,1741,0
FlowCSV,1741,1742,0
FlowCSV,1742,1743,0
FlowCSV,1743,1744,0
FlowCSV,1744,1745,0
FlowCSV,1745,1746,0
FlowCSV,1746,1747,0
FlowCSV,1747,1748,1.36997e-05
FlowCSV,1748,1749,5.57551e-05
FlowCSV,1749,1750,0.0301598
FlowCSV,1750,1751,0.025558
FlowCSV,1751,1752,0.0364769
FlowCSV,1752,1753,0.037558
FlowCSV,1753,1754,0.0156066
FlowCSV,1754,1755,0.00759037
FlowCSV,1755,1756,0.00388429
FlowCSV,1756,1757,0.00154909
FlowCSV,1757,1758,0.00142938
FlowCSV,1758,1759,0.00128659
FlowCSV,1759,1760,0.00120041
FlowCSV,1760,1761,0.00129342
FlowCSV,1761,1762,0.00155131
FlowCSV,1762,1763,0.00172028
FlowCSV,1763,1764,0.00172061
FlowCSV,1764,1765,0.00142817
FlowCSV,1765,1766,0.00150525
FlowCSV,1766,1767,0.00158723
FlowCSV,1767,1768,0.178235
FlowCSV,1768,1769,0.000180574
FlowCSV,1769,1770,0.000239692
FlowCSV,1770,1771,0.000432888
FlowCSV,1771,1772,0.000617919
FlowCSV,1772,1773,0.00081321
FlowCSV,1773,1774,0.000981522
FlowCSV,1774,1775,0.00149503
FlowCSV,1775,1776,0.00168295
FlowCSV,1776,1777,0.00199871
FlowCSV,1777,1778,0.0017233
FlowCSV,1778,1779,0.00174813
FlowCSV,1779,1780,0.0018803
FlowCSV,1780,1781,0.00181917
FlowCSV,1781,1782,0.0021269
FlowCSV,1782,1783,0.00340716
FlowCSV,1783,1784,0.162674
FlowCSV,1784,1785,0.00753853
FlowCSV,1785,1786,0.00765295
FlowCSV,1786,1787,0.00868775
FlowCSV,1787,1788,0.00676665
FlowCSV,1788,1789,0.00658579
FlowCSV,1789,1790,0.00745184
FlowCSV,1790,1791,0.00704018
FlowCSV,1791,1792,0.00601591
FlowCSV,1792,1793,0.00684301
FlowCSV,1793,1794,0.00598691
FlowCSV,1794,1795,0.00557614
FlowCSV,1795,1796,0.005379
FlowCSV,1796,1797,0.00465636
FlowCSV,1797,1798,0.00472609
FlowCSV,1798,1799,0.00402219
FlowCSV,1799,1800,0.114725
FlowCSV,1800,1801,0.00134365
FlowCSV,1801,1802,0.00134672
FlowCSV,1802,1803,0.00234385
FlowCSV,1803,1804,0.00288373
FlowCSV,1804,1805,0.0053492
FlowCSV,1805,1806,0.00711392
FlowCSV,1806,1807,0.0106
FlowCSV,1807,1808,0.0196222
FlowCSV,1808,1809,0.0183978
FlowCSV,1809,1810,0.036598
FlowCSV,1810,1811,0.0790219
FlowCSV,1811,1812,0.114185
FlowCSV,1812,1813,0.0581926
FlowCSV,1813,1814,3.08947e-05
FlowCSV,1814,1815,0
FlowCSV,1815,1816,0
FlowCSV,1816,1817,0
FlowCSV,1817,1818,0
FlowCSV,1818,1819,0
FlowCSV,1819,1820,0
FlowCSV,1820,1821,5.11252e-06
FlowCSV,1821,1822,9.84999e-05
FlowCSV,1822,1823,7.76089e-05
FlowCSV,1823,1824,0.00698238
FlowCSV,1824,1825,0.00504278
FlowCSV,1825,1826,0.00958061
FlowCSV,1826,1827,0.0107786
FlowCSV,1827,1828,0.00940894
FlowCSV,1828,1829,0.00974931
FlowCSV,1829,1830,0.0149312
FlowCSV,1830,1831,0.0257656
FlowCSV,1831,1832,0.00934646
FlowCSV,1832,1833,0.00961458
FlowCSV,1833,1834,0.0094921
FlowCSV,1834,1835,0.00958026
FlowCSV,1835,1836,0.0098316
FlowCSV,1836,1837,0.00919692
FlowCSV,1837,1838,0.118187
FlowCSV,1838,1839,0.00406789
FlowCSV,1839,1840,0.00344952
FlowCSV,1840,1841,0.00346077
FlowCSV,1841,1842,0.00365186
FlowCSV,1842,1843,0.00391422
FlowCSV,1843,1844,0.00461725
FlowCSV,1844,1845,0.0039288
FlowCSV,1845,1846,0.0040116
FlowCSV,1846,1847,0.00416427
FlowCSV,1847,1848,0.00421207
FlowCSV,1848,1849,0.00433434
FlowCSV,1849,1850,0.00430706
FlowCSV,1850,1851,0.003811
FlowCSV,1851,1852,0.00370439
FlowCSV,1852,1853,0.00361181
FlowCSV,1853,1854,0.0036673
FlowCSV,1854,1855,0.00323483
FlowCSV,1855,1856,0.00305066
FlowCSV,1856,1857,0.00290435
FlowCSV,1857,1858,0.00405748
FlowCSV,1858,1859,0.00835603
FlowCSV,1859,1860,0.0094506
FlowCSV,1860,1861,0.00417483
FlowCSV,1861,1862,0.00420534
FlowCSV,1862,1863,0.00318395
FlowCSV,1863,1864,0.00456756
FlowCSV,1864,1865,0.0044398
FlowCSV,1865,1866,inf
FlowCSV,1866,1867,inf
FlowCSV,1867,1868,0
FlowCSV,1868,1869,0
FlowCSV,1869,1870,0
FlowCSV,1870,1871,0
FlowCSV,1871,1872,0
FlowCSV,1872,1873,0
FlowCSV,1873,1874,0
FlowCSV,1874,1875,0
FlowCSV,1875,1876,0
FlowCSV,1876,1877,0
FlowCSV,1877,1878,0
FlowCSV,1878,1879,0
FlowCSV,1879,1880,0
FlowCSV,1880,1881,0
FlowCSV,1881,1882,0.0237139
FlowCSV,1882,1883,0.000641542
FlowCSV,1883,1884,0.000680272
FlowCSV,1884,1885,0.000681413
FlowCSV,1885,1886,0.000697648
FlowCSV,1886,1887,0.000785752
FlowCSV,1887,1888,0.00654586
FlowCSV,1888,1889,0.00119198
FlowCSV,1889,1890,0.000518091
FlowCSV,1890,1891,0.000512171
FlowCSV,1891,1892,0.000480332
FlowCSV,1892,1893,0.000437376
FlowCSV,1893,1894,0.000406846
FlowCSV,1894,1895,0.000387562
FlowCSV,1895,1896,0.0751438
FlowCSV,1896,1897,0.0004469
FlowCSV,1897,1898,0.00101937
FlowCSV,1898,1899,0.000508679
FlowCSV,1899,1900,0.00340815
FlowCSV,1900,1901,0.00287912
FlowCSV,1901,1902,0.000617707
FlowCSV,1902,1903,0.100956
FlowCSV,1903,1904,0.00205711
FlowCSV,1904,1905,0.00143682
FlowCSV,1905,1906,0.00172068
FlowCSV,1906,1907,0.00420846
FlowCSV,1907,1908,0.00344887
FlowCSV,1908,1909,0.00568882
FlowCSV,1909,1910,0.00314823
FlowCSV,1910,1911,0.00758782
FlowCSV,1911,1912,0.0175861
FlowCSV,1912,1913,0.000784343
FlowCSV,1913,1914,0.0019472
FlowCSV,1914,1915,0.00236204
FlowCSV,1915,1916,0.00227096
FlowCSV,1916,1917,0.0212701
FlowCSV,1917,1918,0.00150607
FlowCSV,1918,1919,0.00400608
FlowCSV,1919,1920,0.00302002
FlowCSV,1920,1921,0.00196547
FlowCSV,1921,1922,0.00288102
FlowCSV,1922,1923,0.00186603
FlowCSV,1923,1924,0.00269472
FlowCSV,1924,1925,0.00153103
FlowCSV,1925,1926,0.00148748
FlowCSV,1926,1927,0.00142779
FlowCSV,1927,1928,0.0008764
FlowCSV,1928,1929,0.00216128
FlowCSV,1929,1930,0.00385401
FlowCSV,1930,1931,0.00308336
FlowCSV,1931,1932,0.00466566
FlowCSV,1932,1933,0.0017716
FlowCSV,1933,1934,0.00105893
FlowCSV,1934,1935,0.00365867
FlowCSV,1935,1936,0.00248511
FlowCSV,1936,1937,0.00190422
FlowCSV,1937,1938,0.00194336
FlowCSV,1938,1939,0.00183191
FlowCSV,1939,1940,0.00156624
FlowCSV,1940,1941,0.00349297
FlowCSV,1941,1942,0.00233235
FlowCSV,1942,1943,0.00254585
FlowCSV,1943,1944,0.00185973
FlowCSV,1944,1945,0.00184085
FlowCSV,1945,1946,0.00246127
FlowCSV,1946,1947,0.0023092
FlowCSV,1947,1948,0.00193917
FlowCSV,1948,1949,0.00226252
FlowCSV,1949,1950,0.00411029
FlowCSV,1950,1951,0.0023924
FlowCSV,1951,1952,0.00271147
FlowCSV,1952,1953,0.00224313
FlowCSV,1953,1954,0.00385132
FlowCSV,1954,1955,0.00316579
FlowCSV,1955,1956,0.00368534
FlowCSV,1956,1957,0.00232093
FlowCSV,1957,1958,0.00354951
FlowCSV,1958,1959,0.00348386
FlowCSV,1959,1960,0.0026966
FlowCSV,1960,1961,0.00265691
FlowCSV,1961,1962,0.00235644
FlowCSV,1962,1963,0.00233414
FlowCSV,1963,1964,0.00381803
FlowCSV,1964,1965,0.00329873
FlowCSV,1965,1966,0.429285
FlowCSV,1966,1967,0
FlowCSV,1967,1968,0.269892
FlowCSV,1968,1969,0.00132845
FlowCSV,1969,1970,0.00202482
FlowCSV,1970,1971,0.00267165
FlowCSV,1971,1972,0.00495895
FlowCSV,1972,1973,0.00657652
FlowCSV,1973,1974,0.00260179
FlowCSV,1974,1975,0.00469001
FlowCSV,1975,1976,0.00686087
FlowCSV,1976,1977,0.00415846
FlowCSV,1977,1978,0.00760488
FlowCSV,1978,1979,0.0036269
FlowCSV,1979,1980,0.00362605
FlowCSV,1980,1981,0.00380513
FlowCSV,1981,1982,0.00745878
FlowCSV,1982,1983,0.0110537
FlowCSV,1983,1984,0.0894317
FlowCSV,1984,1985,0.0108884
FlowCSV,1985,1986,0.000429431
FlowCSV,1986,1987,0.00207795
FlowCSV,1987,1988,0.000179137
FlowCSV,1988,1989,0.00170795
FlowCSV,1989,1990,0.00194321
FlowCSV,1990,1991,0.000569984
FlowCSV,1991,1992,0.00107062
FlowCSV,1992,1993,0.00154548
FlowCSV,1993,1994,0.00275265
FlowCSV,1994,1995,0.00350988
FlowCSV,1995,1996,0.00579432
FlowCSV,1996,1997,0.00417183
FlowCSV,1997,1998,0.00958974
FlowCSV,1998,1999,0.00996114
FlowCSV,1999,2000,0.0274354
FlowCSV,2000,2001,0.0264274
FlowCSV,2001,2002,0.0510032
FlowCSV,2002,2003,0.101759
FlowCSV,2003,2004,0.0854127
FlowCSV,2004,2005,0.062184
FlowCSV,2005,2006,2.72202e-05
FlowCSV,2006,2007,1.52967e-07
FlowCSV,2007,2008,0
FlowCSV,2008,2009,0
FlowCSV,2009,2010,0
FlowCSV,2010,2011,0
FlowCSV,2011,2012,0
FlowCSV,2012,2013,0
FlowCSV,2013,2014,0
FlowCSV,2014,2015,0
FlowCSV,2015,2016,0
FlowCSV,2016,2017,0
FlowCSV,2017,2018,0
FlowCSV,2018,2019,0
FlowCSV,2019,2020,0
FlowCSV,2020,2021,0
FlowCSV,2021,2022,0
FlowCSV,2022,2023,0
FlowCSV,2023,2024,0
FlowCSV,2024,2025,0
FlowCSV,2025,2026,0
FlowCSV,2026,2027,0
FlowCSV,2027,2028,0
FlowCSV,2028,2029,0
FlowCSV,2029,2030,0
FlowCSV,2030,2031,0
FlowCSV,2031,2032,0
FlowCSV,2032,2033,0
FlowCSV,2033,2034,0
FlowCSV,2034,2035,0
FlowCSV,2035,2036,0
FlowCSV,2036,2037,0
FlowCSV,2037,2038,0
FlowCSV,2038,2039,0
FlowCSV,2039,2040,0
FlowCSV,2040,2041,0
FlowCSV,2041,2042,0
FlowCSV,2042,2043,0
FlowCSV,2043,2044,8.65682e-08
FlowCSV,2044,2045,0
FlowCSV,2045,2046,0
FlowCSV,2046,2047,0
FlowCSV,2047,2048,0
FlowCSV,2048,2049,0
FlowCSV,2049,2050,0
FlowCSV,2050,2051,0
FlowCSV,2051,2052,0
FlowCSV,2052,2053,0
FlowCSV,2053,2054,0
FlowCSV,2054,2055,0
FlowCSV,2055,2056,inf
FlowCSV,2056,2057,0.083367
FlowCSV,2057,2058,0.124292
FlowCSV,2058,2059,0.0982183
FlowCSV,2059,2060,0.103825
FlowCSV,2060,2061,0.117317
FlowCSV,2061,2062,0.013131
FlowCSV,2062,2063,0.0145302
FlowCSV,2063,2064,0.0145249
FlowCSV,2064,2065,0.0117901
FlowCSV,2065,2066,0.00961111
FlowCSV,2066,2067,0.00590416
FlowCSV,2067,2068,0.00516445
FlowCSV,2068,2069,0.00566234
FlowCSV,2069,2070,0.00450848
FlowCSV,2070,2071,0.00332638
FlowCSV,2071,2072,0.00461616
FlowCSV,2072,2073,0.00471419
FlowCSV,2073,2074,0.00246251
FlowCSV,2074,2075,0.00274601
FlowCSV,2075,2076,0.00275731
FlowCSV,2076,2077,0.00316331
FlowCSV,2077,2078,0.00177833
FlowCSV,2078,2079,0.00104878
FlowCSV,2079,2080,0.00075934
FlowCSV,2080,2081,0.000732548
FlowCSV,2081,2082,0.000383957
FlowCSV,2082,2083,0.000138156
FlowCSV,2083,2084,0.000135137
FlowCSV,2084,2085,0.000143169
FlowCSV,2085,2086,0.000156574
FlowCSV,2086,2087,0.000144329
FlowCSV,2087,2088,0.000166767
FlowCSV,2088,2089,0.0001658
FlowCSV,2089,2090,0.000182331
FlowCSV,2090,2091,0.000200064
FlowCSV,2091,2092,0.000229978
FlowCSV,2092,2093,0.000431201
FlowCSV,2093,2094,0.000865422
FlowCSV,2094,2095,0.00110964
FlowCSV,2095,2096,0.00268012
FlowCSV,2096,2097,0.00500493
FlowCSV,2097,2098,0.0110032
FlowCSV,2098,2099,0.00839481
FlowCSV,2099,2100,0.00405256
FlowCSV,2100,2101,0.0110506
FlowCSV,2101,2102,2.89312e-05
FlowCSV,2102,2103,0
FlowCSV,2103,2104,0
FlowCSV,2104,2105,0
FlowCSV,2105,2106,0
FlowCSV,2106,2107,0
FlowCSV,2107,2108,0
FlowCSV,2108,2109,0
FlowCSV,2109,2110,0
FlowCSV,2110,2111,0
FlowCSV,2111,2112,3.52308e-05
FlowCSV,2112,2113,4.84557e-05
FlowCSV,2113,2114,0.00235365
FlowCSV,2114,2115,0.00764409
FlowCSV,2115,2116,0.00486335
FlowCSV,2116,2117,0.00447404
FlowCSV,2117,2118,0.00206242
FlowCSV,2118,2119,0.0012434
FlowCSV,2119,2120,0.00135149
FlowCSV,2120,2121,0.00132921
FlowCSV,2121,2122,0.000709041
FlowCSV,2122,2123,0.000514174
FlowCSV,2123,2124,0.000466595
FlowCSV,2124,2125,0.000444988
FlowCSV,2125,2126,0.00048357
FlowCSV,2126,2127,0.000532704
FlowCSV,2127,2128,0.000524067
FlowCSV,2128,2129,0.000537498
FlowCSV,2129,2130,0.000554145
FlowCSV,2130,2131,0.000537007
FlowCSV,2131,2132,0.000546235
FlowCSV,2132,2133,0.000550411
FlowCSV,2133,2134,0.000566502
FlowCSV,2134,2135,0.000586191
FlowCSV,2135,2136,0.000596336
FlowCSV,2136,2137,0.000676431
FlowCSV,2137,2138,0.000694174
FlowCSV,2138,2139,0.000665446
FlowCSV,2139,2140,0.00067094
FlowCSV,2140,2141,0.000653212
FlowCSV,2141,2142,0.000675321
FlowCSV,2142,2143,0.000699966
FlowCSV,2143,2144,0.000671148
FlowCSV,2144,2145,0.000708384
FlowCSV,2145,2146,0.000729521
FlowCSV,2146,2147,0.000764311
FlowCSV,2147,2148,0.000801469
FlowCSV,2148,2149,0.000813524
FlowCSV,2149,2150,0.000839984
FlowCSV,2150,2151,0.000765508
FlowCSV,2151,2152,0.0756517
FlowCSV,2152,2153,0.000748784
FlowCSV,2153,2154,0.000805008
FlowCSV,2154,2155,0.000873177
FlowCSV,2155,2156,0.000877886
FlowCSV,2156,2157,0.000795573
FlowCSV,2157,2158,0.000769407
FlowCSV,2158,2159,0.000793128
FlowCSV,2159,2160,0.000744073
FlowCSV,2160,2161,0.000815737
FlowCSV,2161,2162,0.000675322
FlowCSV,2162,2163,0.000544871
FlowCSV,2163,2164,0.000635216
FlowCSV,2164,2165,0.000668536
FlowCSV,2165,2166,0.000562811
FlowCSV,2166,2167,0.000544624
FlowCSV,2167,2168,0.000561476
FlowCSV,2168,2169,0.000581249
FlowCSV,2169,2170,0.000525505
FlowCSV,2170,2171,0.000704896
FlowCSV,2171,2172,0.000720953
FlowCSV,2172,2173,0.000599538
FlowCSV,2173,2174,0.000728738
FlowCSV,2174,2175,0.000593434
FlowCSV,2175,2176,0.000502884
FlowCSV,2176,2177,0.000574613
FlowCSV,2177,2178,0.000899187
FlowCSV,2178,2179,0.000756085
FlowCSV,2179,2180,0.000581294
FlowCSV,2180,2181,0.000856714
FlowCSV,2181,2182,0.000656742
FlowCSV,2182,2183,0.128808
FlowCSV,2183,2184,0.000496814
FlowCSV,2184,2185,0.0005067
FlowCSV,2185,2186,0.000506069
FlowCSV,2186,2187,0.000506383
FlowCSV,2187,2188,0.000541183
FlowCSV,2188,2189,0.000583768
FlowCSV,2189,2190,0.000643223
FlowCSV,2190,2191,0.000652087
FlowCSV,2191,2192,0.000667608
FlowCSV,2192,2193,0.000707008
FlowCSV,2193,2194,0.00072491
FlowCSV,2194,2195,0.000702393
FlowCSV,2195,2196,0.000654208
FlowCSV,2196,2197,0.000599101
FlowCSV,2197,2198,0.000583749
FlowCSV,2198,2199,0.000587499
FlowCSV,2199,2200,0.000638224
FlowCSV,2200,2201,0.000668206
FlowCSV,2201,2202,0.000725257
FlowCSV,2202,2203,0.000740318
FlowCSV,2203,2204,0.000817241
FlowCSV,2204,2205,0.000841679
FlowCSV,2205,2206,0.000959226
FlowCSV,2206,2207,0.0010208
FlowCSV,2207,2208,0.00109765
FlowCSV,2208,2209,0.00106022
FlowCSV,2209,2210,0.00104358
FlowCSV,2210,2211,0.00097847
FlowCSV,2211,2212,0.000891569
FlowCSV,2212,2213,0.10931
FlowCSV,2213,2214,0.00110014
FlowCSV,2214,2215,0.0011786
FlowCSV,2215,2216,0.00131572
FlowCSV,2216,2217,0.00127128
FlowCSV,2217,2218,0.00139943
FlowCSV,2218,2219,0.0013824
FlowCSV,2219,2220,0.00139398
FlowCSV,2220,2221,0.00140866
FlowCSV,2221,2222,0.00135537
FlowCSV,2222,2223,0.00128252
FlowCSV,2223,2224,0.00134988
FlowCSV,2224,2225,0.00189081
FlowCSV,2225,2226,0.00229616
FlowCSV,2226,2227,0.00307283
FlowCSV,2227,2228,0.00397317
FlowCSV,2228,2229,0.0051166
FlowCSV,2229,2230,0.0083463
FlowCSV,2230,2231,0.00985973
FlowCSV,2231,2232,0.0151852
FlowCSV,2232,2233,0.0277532
FlowCSV,2233,2234,0.0209332
FlowCSV,2234,2235,0.0163279
FlowCSV,2235,2236,0.01052
FlowCSV,2236,2237,2.50862e-05
FlowCSV,2237,2238,1.51883e-05
FlowCSV,2238,2239,0
FlowCSV,2239,2240,0
FlowCSV,2240,2241,0
FlowCSV,2241,2242,0
FlowCSV,2242,2243,0
FlowCSV,2243,2244,0
FlowCSV,2244,2245,0
FlowCSV,2245,2246,0
FlowCSV,2246,2247,1.76196e-06
FlowCSV,2247,2248,6.34275e-05
FlowCSV,2248,2249,0.0153951
FlowCSV,2249,2250,0.00802851
FlowCSV,2250,2251,0.00861262
FlowCSV,2251,2252,0.00757758
FlowCSV,2252,2253,0.00583447
FlowCSV,2253,2254,0.00430882
FlowCSV,2254,2255,0.00371779
FlowCSV,2255,2256,0.00269197
FlowCSV,2256,2257,0.0023085
FlowCSV,2257,2258,0.00208694
FlowCSV,2258,2259,0.00196355
FlowCSV,2259,2260,0.00208573
FlowCSV,2260,2261,0.00219019
FlowCSV,2261,2262,0.00246808
FlowCSV,2262,2263,0.00223911
FlowCSV,2263,2264,0.0019746
FlowCSV,2264,2265,0.00218084
FlowCSV,2265,2266,0.00241559
FlowCSV,2266,2267,0.00208656
FlowCSV,2267,2268,0.00238056
FlowCSV,2268,2269,0.0019671
FlowCSV,2269,2270,0.00214484
FlowCSV,2270,2271,0.00227655
FlowCSV,2271,2272,0.00232775
FlowCSV,2272,2273,0.0731248
FlowCSV,2273,2274,0.0088824
FlowCSV,2274,2275,0.0195549
FlowCSV,2275,2276,0.0270581
FlowCSV,2276,2277,0.0499614
FlowCSV,2277,2278,0.111818
FlowCSV,2278,2279,0.119315
FlowCSV,2279,2280,0.153541
FlowCSV,2280,2281,0.034984
FlowCSV,2281,2282,0.00733308
FlowCSV,2282,2283,3.37071e-05
FlowCSV,2283,2284,0
FlowCSV,2284,2285,0
FlowCSV,2285,2286,0
FlowCSV,2286,2287,0
FlowCSV,2287,2288,0.0414278
FlowCSV,2288,2289,0.00844399
FlowCSV,2289,2290,0.00440037
FlowCSV,2290,2291,0.00617063
FlowCSV,2291,2292,0.00557055
FlowCSV,2292,2293,0.00368373
FlowCSV,2293,2294,0.00587496
FlowCSV,2294,2295,0.0109506
FlowCSV,2295,2296,0.022673
FlowCSV,2296,2297,0.0420645
FlowCSV,2297,2298,0.090995
FlowCSV,2298,2299,0.128442
FlowCSV,2299,2300,0.125789
FlowCSV,2300,2301,0.00576285
FlowCSV,2301,2302,0
FlowCSV,2302,2303,0
FlowCSV,2303,2304,0
FlowCSV,2304,2305,0
FlowCSV,2305,2306,0
FlowCSV,2306,2307,0
FlowCSV,2307,2308,6.03876e-05
FlowCSV,2308,2309,0.0482403
FlowCSV,2309,2310,0.0600851
FlowCSV,2310,2311,0.0498222
FlowCSV,2311,2312,0.027984
FlowCSV,2312,2313,0.0143973
FlowCSV,2313,2314,0.00686646
FlowCSV,2314,2315,0.000501282
FlowCSV,2315,2316,0.000449097
FlowCSV,2316,2317,0.000458497
FlowCSV,2317,2318,0.000395648
FlowCSV,2318,2319,0.000426854
FlowCSV,2319,2320,0.000412099
FlowCSV,2320,2321,0.000442009
FlowCSV,2321,2322,0.000403962
FlowCSV,2322,2323,0.000391343
FlowCSV,2323,2324,0.000340508
FlowCSV,2324,2325,0.000322438
FlowCSV,2325,2326,0.000292689
FlowCSV,2326,2327,0.000838094
FlowCSV,2327,2328,0.000975804
FlowCSV,2328,2329,0.00235704
FlowCSV,2329,2330,0.00300694
FlowCSV,2330,2331,0.00618193
FlowCSV,2331,2332,0.00950899
FlowCSV,2332,2333,0.0093073
FlowCSV,2333,2334,0.0142131
FlowCSV,2334,2335,0.0351987
FlowCSV,2335,2336,0.0625487
FlowCSV,2336,2337,0.0875746
FlowCSV,2337,2338,0.0492503
FlowCSV,2338,2339,0.0401801
FlowCSV,2339,2340,0
FlowCSV,2340,2341,0
FlowCSV,2341,2342,0
FlowCSV,2342,2343,0
FlowCSV,2343,2344,0
FlowCSV,2344,2345,0
FlowCSV,2345,2346,3.53276e-05
FlowCSV,2346,2347,5.19911e-05
FlowCSV,2347,2348,0.00242643
FlowCSV,2348,2349,0.0039769
FlowCSV,2349,2350,0.0040511
FlowCSV,2350,2351,0.0031768
FlowCSV,2351,2352,0.0042759
FlowCSV,2352,2353,0.00396465
FlowCSV,2353,2354,0.00330544
FlowCSV,2354,2355,0.00302924
FlowCSV,2355,2356,0.00193376
FlowCSV,2356,2357,0.00314099
FlowCSV,2357,2358,0.00302462
FlowCSV,2358,2359,0.0020024
FlowCSV,2359,2360,0.00191834
FlowCSV,2360,2361,0.00180565
FlowCSV,2361,2362,0.00214648
FlowCSV,2362,2363,0.00180024
FlowCSV,2363,2364,0.00274314
FlowCSV,2364,2365,0.00328953
FlowCSV,2365,2366,0.00271216
FlowCSV,2366,2367,0.00185585
FlowCSV,2367,2368,0.00178287
FlowCSV,2368,2369,0.00218611
FlowCSV,2369,2370,0.00267265
FlowCSV,2370,2371,0.00219596
FlowCSV,2371,2372,0.00193795
FlowCSV,2372,2373,0.00144053
FlowCSV,2373,2374,0.00130211
FlowCSV,2374,2375,0.00130298
FlowCSV,2375,2376,0.190923
FlowCSV,2376,2377,0
FlowCSV,2377,2378,0
FlowCSV,2378,2379,0
FlowCSV,2379,2380,0
FlowCSV,2380,2381,0
FlowCSV,2381,2382,0
FlowCSV,2382,2383,0
FlowCSV,2383,2384,0
FlowCSV,2384,2385,0
FlowCSV,2385,2386,0.00481443
FlowCSV,2386,2387,0.0161879
FlowCSV,2387,2388,0.0317722
FlowCSV,2388,2389,0.0290416
FlowCSV,2389,2390,0.0175976
FlowCSV,2390,2391,0.012652
FlowCSV,2391,2392,0.00519551
FlowCSV,2392,2393,0.0050874
FlowCSV,2393,2394,0.00177445
FlowCSV,2394,2395,0.0012638
FlowCSV,2395,2396,0.00116378
FlowCSV,2396,2397,0.00119308
FlowCSV,2397,2398,0.00109497
FlowCSV,2398,2399,0.00113325
FlowCSV,2399,2400,0.00104929
FlowCSV,2400,2401,0.00110123
FlowCSV,2401,2402,0.00917815
FlowCSV,2402,2403,0.0127526
FlowCSV,2403,2404,0.031257
FlowCSV,2404,2405,0.0477265
FlowCSV,2405,2406,0.0853702
FlowCSV,2406,2407,0.112123
FlowCSV,2407,2408,0.123561
FlowCSV,2408,2409,0.0764428
FlowCSV,2409,2410,0.0330259
FlowCSV,2410,2411,0
FlowCSV,2411,2412,0
FlowCSV,2412,2413,0
FlowCSV,2413,2414,0
FlowCSV,2414,2415,0
FlowCSV,2415,2416,0
FlowCSV,2416,2417,0
FlowCSV,2417,2418,0
FlowCSV,2418,2419,0
FlowCSV,2419,2420,0
FlowCSV,2420,2421,0
FlowCSV,2421,2422,0
FlowCSV,2422,2423,1.31295e-05
FlowCSV,2423,2424,0.00636418
FlowCSV,2424,2425,0.0107018
FlowCSV,2425,2426,0.0200477
FlowCSV,2426,2427,0.0136789
FlowCSV,2427,2428,0.00719567
FlowCSV,2428,2429,0.00627203
FlowCSV,2429,2430,0.00382482
FlowCSV,2430,2431,0.00272263
FlowCSV,2431,2432,0.00233248
FlowCSV,2432,2433,0.00221879
FlowCSV,2433,2434,0.0022336
FlowCSV,2434,2435,0.00191843
FlowCSV,2435,2436,0.00185189
FlowCSV,2436,2437,0.00177843
FlowCSV,2437,2438,0.00182842
FlowCSV,2438,2439,0.00177782
FlowCSV,2439,2440,0.00178171
FlowCSV,2440,2441,0.00179482
FlowCSV,2441,2442,0.00173989
FlowCSV,2442,2443,0.00177023
FlowCSV,2443,2444,0.0017357
FlowCSV,2444,2445,0.00168799
FlowCSV,2445,2446,0.00166519
FlowCSV,2446,2447,0.00164129
FlowCSV,2447,2448,0.0017397
FlowCSV,2448,2449,0.00174135
FlowCSV,2449,2450,0.00166098
FlowCSV,2450,2451,0.00170116
FlowCSV,2451,2452,0.00168951
FlowCSV,2452,2453,0.238915
FlowCSV,2453,2454,0
FlowCSV,2454,2455,0
FlowCSV,2455,2456,0
FlowCSV,2456,2457,0
FlowCSV,2457,2458,0
FlowCSV,2458,2459,0
FlowCSV,2459,2460,0
FlowCSV,2460,2461,0
FlowCSV,2461,2462,3.1828e-05
FlowCSV,2462,2463,7.1229e-05
FlowCSV,2463,2464,0.00525308
FlowCSV,2464,2465,0.00332622
FlowCSV,2465,2466,0.00601804
FlowCSV,2466,2467,0.0290085
FlowCSV,2467,2468,0.0709478
FlowCSV,2468,2469,0.0644026
FlowCSV,2469,2470,0.0537372
FlowCSV,2470,2471,0.0430162
FlowCSV,2471,2472,0.0312267
FlowCSV,2472,2473,0.0140143
FlowCSV,2473,2474,0.00820422
FlowCSV,2474,2475,0.00651145
FlowCSV,2475,2476,0.00553814
FlowCSV,2476,2477,0.00532115
FlowCSV,2477,2478,0.0997
FlowCSV,2478,2479,0.0140141
FlowCSV,2479,2480,0.0204573
FlowCSV,2480,2481,0.0132872
FlowCSV,2481,2482,0.0141857
FlowCSV,2482,2483,0.0115697
FlowCSV,2483,2484,0.00935706
FlowCSV,2484,2485,0.142771
FlowCSV,2485,2486,0.0239097
FlowCSV,2486,2487,0.027519
FlowCSV,2487,2488,0.0249605
FlowCSV,2488,2489,0.0375691
FlowCSV,2489,2490,0.0348149
FlowCSV,2490,2491,0.044124
FlowCSV,2491,2492,0.0365614
FlowCSV,2492,2493,0.0353119
FlowCSV,2493,2494,0.0319892
FlowCSV,2494,2495,0.0259282
FlowCSV,2495,2496,0.0329573
FlowCSV,2496,2497,0.0357101
FlowCSV,2497,2498,0.282489
FlowCSV,2498,2499,0
FlowCSV,2499,2500,0
FlowCSV,2500,2501,0
FlowCSV,2501,2502,0
FlowCSV,2502,2503,0
FlowCSV,2503,2504,0
FlowCSV,2504,2505,0
FlowCSV,2505,2506,0
FlowCSV,2506,2507,0.000184794
FlowCSV,2507,2508,0.0473137
FlowCSV,2508,2509,0.0327763
FlowCSV,2509,2510,0.0799445
FlowCSV,2510,2511,0.0611933
FlowCSV,2511,2512,0.0437703
FlowCSV,2512,2513,0.0259764
FlowCSV,2513,2514,0.00960298
FlowCSV,2514,2515,0.0107912
FlowCSV,2515,2516,0.00914155
FlowCSV,2516,2517,0.00867834
FlowCSV,2517,2518,0.00880647
FlowCSV,2518,2519,0.0108888
FlowCSV,2519,2520,0.0113542
FlowCSV,2520,2521,0.00297975
FlowCSV,2521,2522,0.00278408
FlowCSV,2522,2523,0.00256196
FlowCSV,2523,2524,0.128172
FlowCSV,2524,2525,0.00149178
FlowCSV,2525,2526,0.00174372
FlowCSV,2526,2527,0.00184624
FlowCSV,2527,2528,0.00161704
FlowCSV,2528,2529,0.0013951
FlowCSV,2529,2530,0.00155332
FlowCSV,2530,2531,0.00146782
FlowCSV,2531,2532,0.00143662
FlowCSV,2532,2533,0.00130074
FlowCSV,2533,2534,0.00134389
FlowCSV,2534,2535,0.00124529
FlowCSV,2535,2536,0.00129574
FlowCSV,2536,2537,0.0012855
FlowCSV,2537,2538,0.00125499
FlowCSV,2538,2539,0.00112607
FlowCSV,2539,2540,0.000974181
FlowCSV,2540,2541,0.000976034
FlowCSV,2541,2542,0.103339
FlowCSV,2542,2543,0.00063167
FlowCSV,2543,2544,0.000710849
FlowCSV,2544,2545,0.00054173
FlowCSV,2545,2546,0.000539938
FlowCSV,2546,2547,0.000770411
FlowCSV,2547,2548,0.000703363
FlowCSV,2548,2549,0.000659847
FlowCSV,2549,2550,0.000753916
FlowCSV,2550,2551,0.000728549
FlowCSV,2551,2552,0.116523
FlowCSV,2552,2553,0.0528505
FlowCSV,2553,2554,0.0552491
FlowCSV,2554,2555,0.0237286
FlowCSV,2555,2556,0.0966653
FlowCSV,2556,2557,0.027232
FlowCSV,2557,2558,0.016422
FlowCSV,2558,2559,0.015965
FlowCSV,2559,2560,0.0180381
FlowCSV,2560,2561,0.123947
FlowCSV,2561,2562,0.0131965
FlowCSV,2562,2563,0.00603201
FlowCSV,2563,2564,0.00283489
FlowCSV,2564,2565,0.00441896
FlowCSV,2565,2566,0.00340937
FlowCSV,2566,2567,0.00838212
FlowCSV,2567,2568,0.0101724
FlowCSV,2568,2569,0.0118801
FlowCSV,2569,2570,0.0129897
FlowCSV,2570,2571,0.0125357
FlowCSV,2571,2572,0.0102708
FlowCSV,2572,2573,0.0157084
FlowCSV,2573,2574,0.0125595
FlowCSV,2574,2575,0.0168108
FlowCSV,2575,2576,0.0139487
FlowCSV,2576,2577,0.0997441
FlowCSV,2577,2578,0.00128791
FlowCSV,2578,2579,0.00106013
FlowCSV,2579,2580,0.00121158
FlowCSV,2580,2581,0.00104458
FlowCSV,2581,2582,0.0013252
FlowCSV,2582,2583,0.00108852
FlowCSV,2583,2584,0.00166015
FlowCSV,2584,2585,0.00148051
FlowCSV,2585,2586,0.00168535
FlowCSV,2586,2587,0.00179355
FlowCSV,2587,2588,0.00175635
FlowCSV,2588,2589,0.00219195
FlowCSV,2589,2590,0.00194472
FlowCSV,2590,2591,0.00216741
FlowCSV,2591,2592,0.00293094
FlowCSV,2592,2593,0.00273051
FlowCSV,2593,2594,0.00294064
FlowCSV,2594,2595,0.00275458
FlowCSV,2595,2596,0.00319004
FlowCSV,2596,2597,0.00337025
FlowCSV,2597,2598,0.00334194
FlowCSV,2598,2599,0.00230226
FlowCSV,2599,2600,0.0027196
FlowCSV,2600,2601,0.00270445
FlowCSV,2601,2602,0.00262108
FlowCSV,2602,2603,0.00263637
FlowCSV,2603,2604,0.201431
FlowCSV,2604,2605,0
FlowCSV,2605,2606,0
FlowCSV,2606,2607,0
FlowCSV,2607,2608,0
FlowCSV,2608,2609,0
FlowCSV,2609,2610,0
FlowCSV,2610,2611,0
FlowCSV,2611,2612,0
FlowCSV,2612,2613,0
FlowCSV,2613,2614,0
FlowCSV,2614,2615,0
FlowCSV,2615,2616,0
FlowCSV,2616,2617,0
FlowCSV,2617,2618,0
FlowCSV,2618,2619,0
FlowCSV,2619,2620,0
FlowCSV,2620,2621,0
FlowCSV,2621,2622,0
FlowCSV,2622,2623,0
FlowCSV,2623,2624,0
FlowCSV,2624,2625,0
FlowCSV,2625,2626,0
FlowCSV,2626,2627,0
FlowCSV,2627,2628,0
FlowCSV,2628,2629,0.0673509
FlowCSV,2629,2630,0.00222037
FlowCSV,2630,2631,0.00225714
FlowCSV,2631,2632,0.00312296
FlowCSV,2632,2633,0.00184164
FlowCSV,2633,2634,0.00265389
FlowCSV,2634,2635,0.0054244
FlowCSV,2635,2636,0.00131129
FlowCSV,2636,2637,0.000749751
FlowCSV,2637,2638,0.00101027
FlowCSV,2638,2639,0.000941328
FlowCSV,2639,2640,0.000701564
FlowCSV,2640,2641,0.000943653
FlowCSV,2641,2642,0.000857233
FlowCSV,2642,2643,0.000636842
FlowCSV,2643,2644,0.000520556
FlowCSV,2644,2645,0.000763187
FlowCSV,2645,2646,0.000933834
FlowCSV,2646,2647,0.131453
FlowCSV,2647,2648,0.00218367
FlowCSV,2648,2649,0.00213997
FlowCSV,2649,2650,0.00166098
FlowCSV,2650,2651,0.00139583
FlowCSV,2651,2652,0.00190384
FlowCSV,2652,2653,0.00122824
FlowCSV,2653,2654,0.00115664
FlowCSV,2654,2655,0.00158306
FlowCSV,2655,2656,0.0018976
FlowCSV,2656,2657,0.00254379
FlowCSV,2657,2658,0.00245981
FlowCSV,2658,2659,0.00415488
FlowCSV,2659,2660,0.00524446
FlowCSV,2660,2661,0.00870223
FlowCSV,2661,2662,0.00554794
FlowCSV,2662,2663,0.00716548
FlowCSV,2663,2664,0.00665547
FlowCSV,2664,2665,0.00393801
FlowCSV,2665,2666,0.00556908
FlowCSV,2666,2667,0.00741407
FlowCSV,2667,2668,0.00561892
FlowCSV,2668,2669,0.00205517
FlowCSV,2669,2670,1.09445e-06
FlowCSV,2670,2671,0
FlowCSV,2671,2672,9.01966e-08
FlowCSV,2672,2673,0
FlowCSV,2673,2674,0
FlowCSV,2674,2675,0
FlowCSV,2675,2676,0
FlowCSV,2676,2677,0
FlowCSV,2677,2678,0
FlowCSV,2678,2679,0
FlowCSV,2679,2680,0
FlowCSV,2680,2681,0
FlowCSV,2681,2682,0
FlowCSV,2682,2683,0
FlowCSV,2683,2684,2.35174e-06
FlowCSV,2684,2685,0.0022136
FlowCSV,2685,2686,0.00390102
FlowCSV,2686,2687,0.00517012
FlowCSV,2687,2688,0.0157768
FlowCSV,2688,2689,0.029216
FlowCSV,2689,2690,0.0267129
FlowCSV,2690,2691,0.0238361
FlowCSV,2691,2692,0.0192873
FlowCSV,2692,2693,0.0151066
FlowCSV,2693,2694,0.0103162
FlowCSV,2694,2695,0.0024296
FlowCSV,2695,2696,0.00224027
FlowCSV,2696,2697,0.00232935
FlowCSV,2697,2698,0.00220199
FlowCSV,2698,2699,0.00219829
FlowCSV,2699,2700,0.00219758
FlowCSV,2700,2701,0.00244252
FlowCSV,2701,2702,0.00228422
FlowCSV,2702,2703,0.00245961
FlowCSV,2703,2704,0.0025647
FlowCSV,2704,2705,0.00257873
FlowCSV,2705,2706,0.00247031
FlowCSV,2706,2707,0.00246523
FlowCSV,2707,2708,0.00230678
FlowCSV,2708,2709,0.00229019
FlowCSV,2709,2710,0.00232617
FlowCSV,2710,2711,0.00233698
FlowCSV,2711,2712,0.00244207
FlowCSV,2712,2713,0.00234919
FlowCSV,2713,2714,0.0022679
FlowCSV,2714,2715,0.113082
FlowCSV,2715,2716,0.00194114
FlowCSV,2716,2717,0.00190968
FlowCSV,2717,2718,0.00191043
FlowCSV,2718,2719,0.00165617
FlowCSV,2719,2720,0.0017267
FlowCSV,2720,2721,0.00177395
FlowCSV,2721,2722,0.0017663
FlowCSV,2722,2723,0.00173578
FlowCSV,2723,2724,0.00173881
FlowCSV,2724,2725,0.00158748
FlowCSV,2725,2726,0.00178732
FlowCSV,2726,2727,0.00174854
FlowCSV,2727,2728,0.00195425
FlowCSV,2728,2729,0.0019685
FlowCSV,2729,2730,0.00196868
FlowCSV,2730,2731,0.0018431
FlowCSV,2731,2732,0.00163418
FlowCSV,2732,2733,0.00161936
FlowCSV,2733,2734,0.00152402
FlowCSV,2734,2735,0.00156978
FlowCSV,2735,2736,0.00175378
FlowCSV,2736,2737,0.00177397
FlowCSV,2737,2738,0.00181477
FlowCSV,2738,2739,0.00170215
FlowCSV,2739,2740,0.00171619
FlowCSV,2740,2741,0.00155365
FlowCSV,2741,2742,0.200268
FlowCSV,2742,2743,0.00173923
FlowCSV,2743,2744,0.230423
FlowCSV,2744,2745,0.253312
FlowCSV,2745,2746,0.240512
FlowCSV,2746,2747,0.000386796
FlowCSV,2747,2748,0.282664
FlowCSV,2748,2749,0.0004523
FlowCSV,2749,2750,0.0081509
FlowCSV,2750,2751,0.27888
FlowCSV,2751,2752,0
FlowCSV,2752,2753,0
FlowCSV,2753,2754,0
FlowCSV,2754,2755,0
FlowCSV,2755,2756,0
FlowCSV,2756,2757,0
FlowCSV,2757,2758,0
FlowCSV,2758,2759,0
FlowCSV,2759,2760,0
FlowCSV,2760,2761,0
FlowCSV,2761,2762,0
FlowCSV,2762,2763,0
FlowCSV,2763,2764,0
FlowCSV,2764,2765,0
FlowCSV,2765,2766,0
FlowCSV,2766,2767,0
FlowCSV,2767,2768,0
FlowCSV,2768,2769,0
FlowCSV,2769,2770,0
FlowCSV,2770,2771,0
FlowCSV,2771,2772,0
FlowCSV,2772,2773,0
FlowCSV,2773,2774,0
FlowCSV,2774,2775,0
FlowCSV,2775,2776,0
FlowCSV,2776,2777,0
FlowCSV,2777,2778,0
FlowCSV,2778,2779,0
FlowCSV,2779,2780,0
FlowCSV,2780,2781,0
FlowCSV,2781,2782,0
FlowCSV,2782,2783,0
FlowCSV,2783,2784,0
FlowCSV,2784,2785,0
FlowCSV,2785,2786,0
FlowCSV,2786,2787,0
FlowCSV,2787,2788,0
FlowCSV,2788,2789,0
FlowCSV,2789,2790,0
FlowCSV,2790,2791,0
FlowCSV,2791,2792,0
FlowCSV,2792,2793,0
FlowCSV,2793,2794,0
FlowCSV,2794,2795,0
FlowCSV,2795,2796,0.000358895
FlowCSV,2796,2797,0.0036605
FlowCSV,2797,2798,0.00490333
FlowCSV,2798,2799,0.00364781
FlowCSV,2799,2800,0.00425157
FlowCSV,2800,2801,0.00476279
FlowCSV,2801,2802,0.0050704
FlowCSV,2802,2803,0.00579432
FlowCSV,2803,2804,0.00593321
FlowCSV,2804,2805,0.00804537
FlowCSV,2805,2806,0.00545031
FlowCSV,2806,2807,0.00443177
FlowCSV,2807,2808,0.00459647
FlowCSV,2808,2809,0.00567957
FlowCSV,2809,2810,0.00252532
FlowCSV,2810,2811,0.00477094
FlowCSV,2811,2812,0.00732247
FlowCSV,2812,2813,0.00657073
FlowCSV,2813,2814,0.00581425
FlowCSV,2814,2815,0.0017544
FlowCSV,2815,2816,0.00148723
FlowCSV,2816,2817,0.00216501
FlowCSV,2817,2818,0.00187321
FlowCSV,2818,2819,0.00162955
FlowCSV,2819,2820,0.00172436
FlowCSV,2820,2821,0.00130084
FlowCSV,2821,2822,0.0019487
FlowCSV,2822,2823,0.00136363
FlowCSV,2823,2824,0.00144611
FlowCSV,2824,2825,0.00189365
FlowCSV,2825,2826,0.00163585
FlowCSV,2826,2827,0.00485362
FlowCSV,2827,2828,0.0170198
FlowCSV,2828,2829,0.00466017
FlowCSV,2829,2830,0.00221402
FlowCSV,2830,2831,0.00405607
FlowCSV,2831,2832,0.00753974
FlowCSV,2832,2833,0.00163595
FlowCSV,2833,2834,0.00141712
FlowCSV,2834,2835,0.00140602
FlowCSV,2835,2836,0.00130677
FlowCSV,2836,2837,0.00134655
FlowCSV,2837,2838,0.00134296
FlowCSV,2838,2839,0.00141677
FlowCSV,2839,2840,0.00335726
FlowCSV,2840,2841,0.00510848
FlowCSV,2841,2842,0.0018795
FlowCSV,2842,2843,0.00193152
FlowCSV,2843,2844,0.00197633
FlowCSV,2844,2845,0.00718066
FlowCSV,2845,2846,0.0101059
FlowCSV,2846,2847,0.00267919
FlowCSV,2847,2848,0.00356991
FlowCSV,2848,2849,0.00823178
FlowCSV,2849,2850,0.0141316
FlowCSV,2850,2851,0.00291822
FlowCSV,2851,2852,0.00237552
FlowCSV,2852,2853,0.00205563
FlowCSV,2853,2854,0.00240458
FlowCSV,2854,2855,0.00183631
FlowCSV,2855,2856,0.0017533
FlowCSV,2856,2857,0.00539217
FlowCSV,2857,2858,0.00506027
FlowCSV,2858,2859,0.00226266
FlowCSV,2859,2860,0.00236332
FlowCSV,2860,2861,0.00698075
FlowCSV,2861,2862,0.00685209
FlowCSV,2862,2863,0.00267556
FlowCSV,2863,2864,0.00310418
FlowCSV,2864,2865,0.00356123
FlowCSV,2865,2866,0.00313174
FlowCSV,2866,2867,0.00345635
FlowCSV,2867,2868,0.0112442
FlowCSV,2868,2869,0.0179555
FlowCSV,2869,2870,0.00193401
FlowCSV,2870,2871,0.00186182
FlowCSV,2871,2872,0.00326747
FlowCSV,2872,2873,0.0143512
FlowCSV,2873,2874,0.00200296
FlowCSV,2874,2875,0.00210318
FlowCSV,2875,2876,0.00201931
FlowCSV,2876,2877,0.00506513
FlowCSV,2877,2878,0.00203333
FlowCSV,2878,2879,0.00176967
FlowCSV,2879,2880,0.00257707
FlowCSV,2880,2881,0.00188281
FlowCSV,2881,2882,0.00263822
FlowCSV,2882,2883,0.0017676
FlowCSV,2883,2884,0.00243631
FlowCSV,2884,2885,0.00149584
FlowCSV,2885,2886,0.00246782
FlowCSV,2886,2887,0.00300084
FlowCSV,2887,2888,0.0020063
FlowCSV,2888,2889,0.00585459
FlowCSV,2889,2890,0.00731221
FlowCSV,2890,2891,0.0028595
FlowCSV,2891,2892,0.00181074
FlowCSV,2892,2893,0.004961
FlowCSV,2893,2894,0.0140395
FlowCSV,2894,2895,0.00166348
FlowCSV,2895,2896,0.00164331
FlowCSV,2896,2897,0.00197869
FlowCSV,2897,2898,0.0161075
FlowCSV,2898,2899,0.0198943
FlowCSV,2899,2900,0.00295182
FlowCSV,2900,2901,0.00267959
FlowCSV,2901,2902,0.00202341
FlowCSV,2902,2903,0.00201833
FlowCSV,2903,2904,0.00214986
FlowCSV,2904,2905,0.00236805
FlowCSV,2905,2906,0.00272993
FlowCSV,2906,2907,0.00685077
FlowCSV,2907,2908,0.00198003
FlowCSV,2908,2909,0.00457544
FlowCSV,2909,2910,0.00825518
FlowCSV,2910,2911,0.00234799
FlowCSV,2911,2912,0.00177555
FlowCSV,2912,2913,0.00862953
FlowCSV,2913,2914,0.0105829
FlowCSV,2914,2915,0.00227894
FlowCSV,2915,2916,0.00269211
FlowCSV,2916,2917,0.00200379
FlowCSV,2917,2918,0.00208864
FlowCSV,2918,2919,0.00305333
FlowCSV,2919,2920,0.00177801
FlowCSV,2920,2921,0.0144305
FlowCSV,2921,2922,0.0170411
FlowCSV,2922,2923,0.00194721
FlowCSV,2923,2924,0.00200861
FlowCSV,2924,2925,0.0078118
FlowCSV,2925,2926,0.00887962
FlowCSV,2926,2927,0.00719966
FlowCSV,2927,2928,0.00494538
FlowCSV,2928,2929,0.010929
FlowCSV,2929,2930,0.0273226
FlowCSV,2930,2931,0.00228038
FlowCSV,2931,2932,0.00166874
FlowCSV,2932,2933,0.00160745
FlowCSV,2933,2934,0.00153945
FlowCSV,2934,2935,0.00177184
FlowCSV,2935,2936,0.0939905
FlowCSV,2936,2937,0.0221875
FlowCSV,2937,2938,0.0201583
FlowCSV,2938,2939,0.0281615
FlowCSV,2939,2940,0.0168821
FlowCSV,2940,2941,0.0216779
FlowCSV,2941,2942,0.0284704
FlowCSV,2942,2943,0.0177464
FlowCSV,2943,2944,0.0185661
FlowCSV,2944,2945,0.017559
FlowCSV,2945,2946,0.0228301
FlowCSV,2946,2947,0.0229844
FlowCSV,2947,2948,0.0174117
FlowCSV,2948,2949,0.128522
FlowCSV,2949,2950,0.00926735
FlowCSV,2950,2951,0.00871357
FlowCSV,2951,2952,0.00933834
FlowCSV,2952,2953,0.00876932
FlowCSV,2953,2954,0.00868239
FlowCSV,2954,2955,0.00818508
FlowCSV,2955,2956,0.0104418
FlowCSV,2956,2957,0.00778604
FlowCSV,2957,2958,0.0096921
FlowCSV,2958,2959,0.00773304
FlowCSV,2959,2960,0.0065406
FlowCSV,2960,2961,0.00563628
FlowCSV,2961,2962,0.170143
FlowCSV,2962,2963,0.0518876
FlowCSV,2963,2964,0.0705602
FlowCSV,2964,2965,0.0555166
FlowCSV,2965,2966,0.0430932
FlowCSV,2966,2967,0.0414713
FlowCSV,2967,2968,0.0619131
FlowCSV,2968,2969,0.0556186
FlowCSV,2969,2970,0.055371
FlowCSV,2970,2971,0.0530315
FlowCSV,2971,2972,0.161081
FlowCSV,2972,2973,0.131495
FlowCSV,2973,2974,0.0297165
FlowCSV,2974,2975,0.0335325
FlowCSV,2975,2976,0.519151
FlowCSV,2976,2977,0.437245
FlowCSV,2977,2978,0.0721587
FlowCSV,2978,2979,0.25423
FlowCSV,2979,2980,0.052777
FlowCSV,2980,2981,0.0590954
FlowCSV,2981,2982,0.094119
FlowCSV,2982,2983,0.0929456
FlowCSV,2983,2984,0.0771514
FlowCSV,2984,2985,0.162339
FlowCSV,2985,2986,0.018243
FlowCSV,2986,2987,0.0110339
FlowCSV,2987,2988,0.0104388
FlowCSV,2988,2989,0.0110968
FlowCSV,2989,2990,0.0106706
FlowCSV,2990,2991,0.00704295
FlowCSV,2991,2992,0.00756018
FlowCSV,2992,2993,0.00804324
FlowCSV,2993,2994,0.0120365
FlowCSV,2994,2995,0.0083733
FlowCSV,2995,2996,0.00955753
FlowCSV,2996,2997,0.0103717
FlowCSV,2997,2998,0.0110308
FlowCSV,2998,2999,0.00899688
FlowCSV,2999,3000,0.00832487
FlowCSV,3000,3001,0.00789525
FlowCSV,3001,3002,0.00730341
FlowCSV,3002,3003,0.0053995
FlowCSV,3003,3004,0.00386472
FlowCSV,3004,3005,0.168127
FlowCSV,3005,3006,0.0701981
FlowCSV,3006,3007,0.0859328
FlowCSV,3007,3008,0.136144
FlowCSV,3008,3009,0.0188939
FlowCSV,3009,3010,0.020875
FlowCSV,3010,3011,0.0166806
FlowCSV,3011,3012,0.0175677
FlowCSV,3012,3013,0.0174208
FlowCSV,3013,3014,0.0103548
FlowCSV,3014,3015,0.00886104
FlowCSV,3015,3016,0.00930585
FlowCSV,3016,3017,0.00867422
FlowCSV,3017,3018,0.00796988
FlowCSV,3018,3019,0.00820562
FlowCSV,3019,3020,0.0080823
FlowCSV,3020,3021,0.00751159
FlowCSV,3021,3022,0.00662726
FlowCSV,3022,3023,0.00490558
FlowCSV,3023,3024,0.00430813
FlowCSV,3024,3025,0.00477686
FlowCSV,3025,3026,0.00226209
FlowCSV,3026,3027,0.0016928
FlowCSV,3027,3028,0.000913866
FlowCSV,3028,3029,0.143488
FlowCSV,3029,3030,0.00192535
FlowCSV,3030,3031,0.00203583
FlowCSV,3031,3032,0.00262094
FlowCSV,3032,3033,0.00208447
FlowCSV,3033,3034,0.00863239
FlowCSV,3034,3035,0.00820449
FlowCSV,3035,3036,0.00575086
FlowCSV,3036,3037,0.00540839
FlowCSV,3037,3038,0.00607271
FlowCSV,3038,3039,0.00422459
FlowCSV,3039,3040,0.0032355
FlowCSV,3040,3041,0.00394564
FlowCSV,3041,3042,0.00366562
FlowCSV,3042,3043,0.00485152
FlowCSV,3043,3044,0.00365974
FlowCSV,3044,3045,0.00435527
FlowCSV,3045,3046,0.00416946
FlowCSV,3046,3047,0.154033
FlowCSV,3047,3048,0.00902121
FlowCSV,3048,3049,0.00678357
FlowCSV,3049,3050,0.00909001
FlowCSV,3050,3051,0.0077299
FlowCSV,3051,3052,0.00950361
FlowCSV,3052,3053,0.00544484
FlowCSV,3053,3054,0.00424588
FlowCSV,3054,3055,0.00431922
FlowCSV,3055,3056,0.00463847
FlowCSV,3056,3057,0.00487819
FlowCSV,3057,3058,0.00533967
FlowCSV,3058,3059,0.112007
FlowCSV,3059,3060,0.00099264
FlowCSV,3060,3061,0.00115844
FlowCSV,3061,3062,0.00133017
FlowCSV,3062,3063,0.00135729
FlowCSV,3063,3064,0.00126388
FlowCSV,3064,3065,0.00142378
FlowCSV,3065,3066,0.0014187
FlowCSV,3066,3067,0.00109277
FlowCSV,3067,3068,0.00108758
FlowCSV,3068,3069,0.00103228
FlowCSV,3069,3070,0.00105715
FlowCSV,3070,3071,0.00103597
FlowCSV,3071,3072,0.00110622
FlowCSV,3072,3073,0.00120133
FlowCSV,3073,3074,0.00102898
FlowCSV,3074,3075,0.216237
FlowCSV,3075,3076,0.0906041
FlowCSV,3076,3077,0.146412
FlowCSV,3077,3078,0.0227633
FlowCSV,3078,3079,0.0260621
FlowCSV,3079,3080,0.0252683
FlowCSV,3080,3081,0.0241907
FlowCSV,3081,3082,0.0134434
FlowCSV,3082,3083,0.0121466
FlowCSV,3083,3084,0.0155631
FlowCSV,3084,3085,0.0145185
FlowCSV,3085,3086,0.0130494
FlowCSV,3086,3087,0.011992
FlowCSV,3087,3088,0.00909758
FlowCSV,3088,3089,0.00989626
FlowCSV,3089,3090,0.00960843
FlowCSV,3090,3091,0.00772071
FlowCSV,3091,3092,0.00589485
FlowCSV,3092,3093,0.00349748
FlowCSV,3093,3094,0.00163317
FlowCSV,3094,3095,0.00183782
FlowCSV,3095,3096,0.00170366
FlowCSV,3096,3097,9.2643e-05
FlowCSV,3097,3098,9.40537e-05
FlowCSV,3098,3099,8.55504e-05
FlowCSV,3099,3100,7.66148e-05
FlowCSV,3100,3101,8.00549e-05
FlowCSV,3101,3102,8.90475e-05
FlowCSV,3102,3103,7.48704e-05
FlowCSV,3103,3104,7.88225e-05
FlowCSV,3104,3105,0.0420798
FlowCSV,3105,3106,0.000730663
FlowCSV,3106,3107,0.000651052
FlowCSV,3107,3108,0.000973112
FlowCSV,3108,3109,0.00113305
FlowCSV,3109,3110,0.000848542
FlowCSV,3110,3111,0.00089336
FlowCSV,3111,3112,0.000960723
FlowCSV,3112,3113,0.00139645
FlowCSV,3113,3114,0.00123736
FlowCSV,3114,3115,0.10917
FlowCSV,3115,3116,0.00906107
FlowCSV,3116,3117,0.0095352
FlowCSV,3117,3118,0.0148597
FlowCSV,3118,3119,0.0147713
FlowCSV,3119,3120,0.0133983
FlowCSV,3120,3121,0.0207689
FlowCSV,3121,3122,0.0189062
FlowCSV,3122,3123,0.0156315
FlowCSV,3123,3124,0.0176506
FlowCSV,3124,3125,0.0116394
FlowCSV,3125,3126,0.00724391
FlowCSV,3126,3127,0.00865868
FlowCSV,3127,3128,0.0113792
FlowCSV,3128,3129,0.350457
FlowCSV,3129,3130,0.230387
FlowCSV,3130,3131,0.00902933
FlowCSV,3131,3132,0.0103878
FlowCSV,3132,3133,0.00721395
FlowCSV,3133,3134,0.0164083
FlowCSV,3134,3135,0.0229494
FlowCSV,3135,3136,0.0100008
FlowCSV,3136,3137,0.0621378
FlowCSV,3137,3138,0.107818
FlowCSV,3138,3139,0.176527
FlowCSV,3139,3140,0.119266
FlowCSV,3140,3141,0.0564597
FlowCSV,3141,3142,0.117117
FlowCSV,3142,3143,0.0941345
FlowCSV,3143,3144,0.0695255
FlowCSV,3144,3145,0.228997
FlowCSV,3145,3146,0.14898
FlowCSV,3146,3147,0.0176518
FlowCSV,3147,3148,0.0247143
FlowCSV,3148,3149,0.0194991
FlowCSV,3149,3150,0.020304
FlowCSV,3150,3151,0.0207715
FlowCSV,3151,3152,0.0161752
FlowCSV,3152,3153,0.0158726
FlowCSV,3153,3154,0.0125424
FlowCSV,3154,3155,0.0113984
FlowCSV,3155,3156,0.0115305
FlowCSV,3156,3157,0.00933153
FlowCSV,3157,3158,0.00988177
FlowCSV,3158,3159,0.00894571
FlowCSV,3159,3160,0.00833406
FlowCSV,3160,3161,0.00784266
FlowCSV,3161,3162,0.00659466
FlowCSV,3162,3163,0.00704727
FlowCSV,3163,3164,0.00582934
FlowCSV,3164,3165,0.00176313
FlowCSV,3165,3166,0.000749212
FlowCSV,3166,3167,0.00014003
FlowCSV,3167,3168,0.000138184
FlowCSV,3168,3169,0.000141133
FlowCSV,3169,3170,0.000142548
FlowCSV,3170,3171,0.000133583
FlowCSV,3171,3172,0.000137975
FlowCSV,3172,3173,0.0648
FlowCSV,3173,3174,0.0137246
FlowCSV,3174,3175,0.0116509
FlowCSV,3175,3176,0.0155426
FlowCSV,3176,3177,0.0105798
FlowCSV,3177,3178,0.0108742
FlowCSV,3178,3179,0.0143747
FlowCSV,3179,3180,0.01292
FlowCSV,3180,3181,0.0109243
FlowCSV,3181,3182,0.0127026
FlowCSV,3182,3183,0.033846
FlowCSV,3183,3184,0.0363607
FlowCSV,3184,3185,0.0274221
FlowCSV,3185,3186,0.0345057
FlowCSV,3186,3187,0.0730822
FlowCSV,3187,3188,0.00220726
FlowCSV,3188,3189,0.0023028
FlowCSV,3189,3190,0.00269694
FlowCSV,3190,3191,0.0140015
FlowCSV,3191,3192,0.00239419
FlowCSV,3192,3193,0.00231483
FlowCSV,3193,3194,0.00218388
FlowCSV,3194,3195,0.00213515
FlowCSV,3195,3196,0.00430113
FlowCSV,3196,3197,0.0181097
FlowCSV,3197,3198,0.0161838
FlowCSV,3198,3199,0.0138442
FlowCSV,3199,3200,0.0125433
FlowCSV,3200,3201,0.0111496
FlowCSV,3201,3202,0.00947009
FlowCSV,3202,3203,0.0155267
FlowCSV,3203,3204,0.00219066
FlowCSV,3204,3205,0.00925897
FlowCSV,3205,3206,0.000961441
FlowCSV,3206,3207,0.00183921
FlowCSV,3207,3208,0.00143758
FlowCSV,3208,3209,0.00127754
FlowCSV,3209,3210,0.00153213
FlowCSV,3210,3211,0.00272062
FlowCSV,3211,3212,0.00200072
FlowCSV,3212,3213,0.00219613
FlowCSV,3213,3214,0.00124955
FlowCSV,3214,3215,0.00169606
FlowCSV,3215,3216,0.00176873
FlowCSV,3216,3217,0.00464919
FlowCSV,3217,3218,0.255481
FlowCSV,3218,3219,0.0862995
FlowCSV,3219,3220,0.100392
FlowCSV,3220,3221,0.15939
FlowCSV,3221,3222,0.030418
FlowCSV,3222,3223,0.0294683
FlowCSV,3223,3224,0.0320034
FlowCSV,3224,3225,0.027589
FlowCSV,3225,3226,0.0312666
FlowCSV,3226,3227,0.0269663
FlowCSV,3227,3228,0.0227601
FlowCSV,3228,3229,0.0242785
FlowCSV,3229,3230,0.0208627
FlowCSV,3230,3231,0.0198302
FlowCSV,3231,3232,0.0190341
FlowCSV,3232,3233,0.0150828
FlowCSV,3233,3234,0.0141101
FlowCSV,3234,3235,0.0142065
FlowCSV,3235,3236,0.0124362
FlowCSV,3236,3237,0.0108597
FlowCSV,3237,3238,0.00650781
FlowCSV,3238,3239,0.00245413
FlowCSV,3239,3240,0.00105025
FlowCSV,3240,3241,0.190438
FlowCSV,3241,3242,0.0629001
FlowCSV,3242,3243,0.0182839
FlowCSV,3243,3244,0.0188642
FlowCSV,3244,3245,0.0154132
FlowCSV,3245,3246,0.0321245
FlowCSV,3246,3247,0.0203424
FlowCSV,3247,3248,0.0369401
FlowCSV,3248,3249,0.0352125
FlowCSV,3249,3250,0.0450889
FlowCSV,3250,3251,0.0943474
FlowCSV,3251,3252,0.0233795
FlowCSV,3252,3253,0.0167914
FlowCSV,3253,3254,0.0146494
FlowCSV,3254,3255,0.120873
FlowCSV,3255,3256,0.0222233
FlowCSV,3256,3257,0.00960971
FlowCSV,3257,3258,0.103363
FlowCSV,3258,3259,0.00410687
FlowCSV,3259,3260,0.00248045
FlowCSV,3260,3261,0.00439987
FlowCSV,3261,3262,0.00659088
FlowCSV,3262,3263,0.015189
FlowCSV,3263,3264,0.160881
FlowCSV,3264,3265,0.00199598
FlowCSV,3265,3266,0.00216189
FlowCSV,3266,3267,0.00177612
FlowCSV,3267,3268,0.00192328
FlowCSV,3268,3269,0.00253766
FlowCSV,3269,3270,0.231906
FlowCSV,3270,3271,0.0109819
FlowCSV,3271,3272,0.0128927
FlowCSV,3272,3273,0.0372611
FlowCSV,3273,3274,0.0384267
FlowCSV,3274,3275,0.0300345
FlowCSV,3275,3276,0.0152332
FlowCSV,3276,3277,0.0100195
FlowCSV,3277,3278,0.0101181
FlowCSV,3278,3279,0.00902142
FlowCSV,3279,3280,0.11943
FlowCSV,3280,3281,0.00079969
FlowCSV,3281,3282,0.00115949
FlowCSV,3282,3283,0.00364867
FlowCSV,3283,3284,0.00127322
FlowCSV,3284,3285,0.00109514
FlowCSV,3285,3286,0.0011348
FlowCSV,3286,3287,0.00165906
FlowCSV,3287,3288,0.00622939
FlowCSV,3288,3289,0.00347487
FlowCSV,3289,3290,0.00722156
FlowCSV,3290,3291,0.0859636
FlowCSV,3291,3292,0.141705
FlowCSV,3292,3293,0.403616
FlowCSV,3293,3294,0.000275212
FlowCSV,3294,3295,-1.95589e-25
FlowCSV,3295,3296,-1.95589e-25
FlowCSV,3296,3297,-1.95589e-25
FlowCSV,3297,3298,-inf
FlowCSV,3298,3299,0.205209
FlowCSV,3299,3300,0.135742
FlowCSV,3300,3301,0.171425
FlowCSV,3301,3302,0.0914423
FlowCSV,3302,3303,0.0929127
FlowCSV,3303,3304,0.0703278
FlowCSV,3304,3305,0.0592211
FlowCSV,3305,3306,0.0583603
FlowCSV,3306,3307,0.0493429
FlowCSV,3307,3308,0.0408032
FlowCSV,3308,3309,0.0326161
FlowCSV,3309,3310,0.0307787
FlowCSV,3310,3311,0.0180761
FlowCSV,3311,3312,0.0175353
FlowCSV,3312,3313,0.0154828
FlowCSV,3313,3314,0.0158654
FlowCSV,3314,3315,0.0126464
FlowCSV,3315,3316,0.0115941
FlowCSV,3316,3317,0.0105331
FlowCSV,3317,3318,0.010005
FlowCSV,3318,3319,0.00981014
FlowCSV,3319,3320,0.00863041
FlowCSV,3320,3321,0.0085891
FlowCSV,3321,3322,0.00763835
FlowCSV,3322,3323,0.00713807
FlowCSV,3323,3324,0.00677489
FlowCSV,3324,3325,0.00601199
FlowCSV,3325,3326,0.00655821
FlowCSV,3326,3327,0.00511262
FlowCSV,3327,3328,0.00589837
FlowCSV,3328,3329,0.00467221
FlowCSV,3329,3330,0.00495611
FlowCSV,3330,3331,0.00381429
FlowCSV,3331,3332,0.00414817
FlowCSV,3332,3333,0.00303207
FlowCSV,3333,3334,0.00462004
FlowCSV,3334,3335,0.0025928
FlowCSV,3335,3336,0.00292504
FlowCSV,3336,3337,0.00209267
FlowCSV,3337,3338,0.00268605
FlowCSV,3338,3339,0.00189056
FlowCSV,3339,3340,0.0029713
FlowCSV,3340,3341,0.00173233
FlowCSV,3341,3342,0.00448954
FlowCSV,3342,3343,0.00612937
FlowCSV,3343,3344,0.0112656
FlowCSV,3344,3345,0.0108617
FlowCSV,3345,3346,0.0118325
FlowCSV,3346,3347,0.0114504
FlowCSV,3347,3348,0.0125681
FlowCSV,3348,3349,0.0112098
FlowCSV,3349,3350,0.0150235
FlowCSV,3350,3351,0.0276333
FlowCSV,3351,3352,0.033206
FlowCSV,3352,3353,0.00487318
FlowCSV,3353,3354,0.00805991
FlowCSV,3354,3355,0.00566863
FlowCSV,3355,3356,0.0065634
FlowCSV,3356,3357,0.00879234
FlowCSV,3357,3358,0.00767527
FlowCSV,3358,3359,0.00764023
FlowCSV,3359,3360,0.00705274
FlowCSV,3360,3361,0.00663909
FlowCSV,3361,3362,0.0059422
FlowCSV,3362,3363,0.00631778
FlowCSV,3363,3364,0.00806501
FlowCSV,3364,3365,0.0127391
FlowCSV,3365,3366,0.0150179
FlowCSV,3366,3367,0.0116645
FlowCSV,3367,3368,0.00710698
FlowCSV,3368,3369,0.00570781
FlowCSV,3369,3370,0.00507845
FlowCSV,3370,3371,0.00452237
FlowCSV,3371,3372,0.000451244
FlowCSV,3372,3373,0.000442313
FlowCSV,3373,3374,0.000433552
FlowCSV,3374,3375,0.000449302
FlowCSV,3375,3376,0.000443397
FlowCSV,3376,3377,0.000461377
FlowCSV,3377,3378,0.000454635
FlowCSV,3378,3379,0.000459678
FlowCSV,3379,3380,0.000471853
FlowCSV,3380,3381,0.000469905
FlowCSV,3381,3382,0.000471696
FlowCSV,3382,3383,0.00047365
FlowCSV,3383,3384,0.000464121
FlowCSV,3384,3385,0.00047057
FlowCSV,3385,3386,0.00047827
FlowCSV,3386,3387,0.000469653
FlowCSV,3387,3388,0.000478083
FlowCSV,3388,3389,0.000481161
FlowCSV,3389,3390,0.000479259
FlowCSV,3390,3391,0.000481055
FlowCSV,3391,3392,0.000487174
FlowCSV,3392,3393,0.000492043
FlowCSV,3393,3394,0.0004789
FlowCSV,3394,3395,0.0004871
FlowCSV,3395,3396,0.000485609
FlowCSV,3396,3397,0.000483865
FlowCSV,3397,3398,0.000479249
FlowCSV,3398,3399,0.000497757
FlowCSV,3399,3400,0.000504639
FlowCSV,3400,3401,0.023579
FlowCSV,3401,3402,0.0157498
FlowCSV,3402,3403,0.0121486
FlowCSV,3403,3404,0.00952298
FlowCSV,3404,3405,0.0081418
FlowCSV,3405,3406,0.0109751
FlowCSV,3406,3407,0.0181383
FlowCSV,3407,3408,0.0401559
FlowCSV,3408,3409,0.0815183
FlowCSV,3409,3410,0.0731085
FlowCSV,3410,3411,0.0731058
FlowCSV,3411,3412,3.37071e-05
FlowCSV,3412,3413,-2.20037e-25
FlowCSV,3413,3414,-2.20037e-25
FlowCSV,3414,3415,-2.20037e-25
FlowCSV,3415,3416,-2.20037e-25
FlowCSV,3416,3417,-2.20037e-25
FlowCSV,3417,3418,-2.20037e-25
FlowCSV,3418,3419,-2.20037e-25
FlowCSV,3419,3420,-2.20037e-25
FlowCSV,3420,3421,-2.20037e-25
FlowCSV,3421,3422,-2.20037e-25
FlowCSV,3422,3423,-2.20037e-25
FlowCSV,3423,3424,5.12311e-06
FlowCSV,3424,3425,0.00178802
FlowCSV,3425,3426,0.0159256
FlowCSV,3426,3427,0.0304243
FlowCSV,3427,3428,0.00799338
FlowCSV,3428,3429,0.00415782
FlowCSV,3429,3430,0.00414054
FlowCSV,3430,3431,0.00360975
FlowCSV,3431,3432,0.00511056
FlowCSV,3432,3433,0.0048081
FlowCSV,3433,3434,0.00463805
FlowCSV,3434,3435,0.00516872
FlowCSV,3435,3436,0.00446137
FlowCSV,3436,3437,0.0050817
FlowCSV,3437,3438,0.00611987
FlowCSV,3438,3439,0.0076444
FlowCSV,3439,3440,0.00582642
FlowCSV,3440,3441,0.0043291
FlowCSV,3441,3442,0.00368946
FlowCSV,3442,3443,0.00342499
FlowCSV,3443,3444,0.121778
FlowCSV,3444,3445,0.000581637
FlowCSV,3445,3446,0.00168614
FlowCSV,3446,3447,0.000557749
FlowCSV,3447,3448,0.000505749
FlowCSV,3448,3449,0.000517207
FlowCSV,3449,3450,0.000486311
FlowCSV,3450,3451,0.000447282
FlowCSV,3451,3452,0.000568498
FlowCSV,3452,3453,0.000614194
FlowCSV,3453,3454,0.000527797
FlowCSV,3454,3455,0.000584445
FlowCSV,3455,3456,0.000739107
FlowCSV,3456,3457,0.000595369
FlowCSV,3457,3458,0.0933442
FlowCSV,3458,3459,0.00476868
FlowCSV,3459,3460,0.00720256
FlowCSV,3460,3461,0.00854577
FlowCSV,3461,3462,0.00961304
FlowCSV,3462,3463,0.00629043
FlowCSV,3463,3464,0.00505407
FlowCSV,3464,3465,0.00276259
FlowCSV,3465,3466,0.231904
FlowCSV,3466,3467,0.000312307
FlowCSV,3467,3468,0.000416497
FlowCSV,3468,3469,0.00191235
FlowCSV,3469,3470,0.00495115
FlowCSV,3470,3471,0.0064786
FlowCSV,3471,3472,0.0144456
FlowCSV,3472,3473,0.0287789
FlowCSV,3473,3474,0.0265688
FlowCSV,3474,3475,0.0211314
FlowCSV,3475,3476,0.0256103
FlowCSV,3476,3477,0.0592219
FlowCSV,3477,3478,0.0154298
FlowCSV,3478,3479,0.0224611
FlowCSV,3479,3480,0.0308041
FlowCSV,3480,3481,0.0202154
FlowCSV,3481,3482,0.0210175
FlowCSV,3482,3483,0.0185671
FlowCSV,3483,3484,0.014737
FlowCSV,3484,3485,0.0119689
FlowCSV,3485,3486,0.0104103
FlowCSV,3486,3487,0.00899576
FlowCSV,3487,3488,0.00792046
FlowCSV,3488,3489,0.0102438
FlowCSV,3489,3490,0.00489646
FlowCSV,3490,3491,0.00499795
FlowCSV,3491,3492,0.00335999
FlowCSV,3492,3493,0.00310966
FlowCSV,3493,3494,0.00288887
FlowCSV,3494,3495,0.00274959
FlowCSV,3495,3496,0.00223769
FlowCSV,3496,3497,0.00225808
FlowCSV,3497,3498,0.0112437
FlowCSV,3498,3499,0.0076047
FlowCSV,3499,3500,0.00838087
FlowCSV,3500,3501,0.00673966
FlowCSV,3501,3502,0.150658
FlowCSV,3502,3503,0.00686808
FlowCSV,3503,3504,0.0135806
FlowCSV,3504,3505,0.00236321
FlowCSV,3505,3506,0.00291608
FlowCSV,3506,3507,0.00179024
FlowCSV,3507,3508,0.00198247
FlowCSV,3508,3509,0.00195996
FlowCSV,3509,3510,0.000874885
FlowCSV,3510,3511,0.000994273
FlowCSV,3511,3512,0.000990297
FlowCSV,3512,3513,0.00118948
FlowCSV,3513,3514,0.00107344
FlowCSV,3514,3515,0.00100855
FlowCSV,3515,3516,0.000860325
FlowCSV,3516,3517,0.000804871
FlowCSV,3517,3518,0.000693475
FlowCSV,3518,3519,0.000812029
FlowCSV,3519,3520,0.000741625
FlowCSV,3520,3521,0.173999
FlowCSV,3521,3522,0.00296444
FlowCSV,3522,3523,0.002389
FlowCSV,3523,3524,0.00249192
FlowCSV,3524,3525,0.0024508
FlowCSV,3525,3526,0.00249868
FlowCSV,3526,3527,0.00239078
FlowCSV,3527,3528,0.00220085
FlowCSV,3528,3529,0.0021208
FlowCSV,3529,3530,0.00209835
FlowCSV,3530,3531,0.00195213
FlowCSV,3531,3532,0.00197423
FlowCSV,3532,3533,0.00182215
FlowCSV,3533,3534,0.00186766
FlowCSV,3534,3535,0.00164556
FlowCSV,3535,3536,0.00162273
FlowCSV,3536,3537,0.00162458
FlowCSV,3537,3538,0.00158391
FlowCSV,3538,3539,0.00104825
FlowCSV,3539,3540,0.00080942
FlowCSV,3540,3541,0.000791464
FlowCSV,3541,3542,0.000929566
FlowCSV,3542,3543,0.000976069
FlowCSV,3543,3544,0.00113059
FlowCSV,3544,3545,0.0857907
FlowCSV,3545,3546,0.000446978
FlowCSV,3546,3547,0.00047993
FlowCSV,3547,3548,0.000508581
FlowCSV,3548,3549,0.000474619
FlowCSV,3549,3550,0.000409247
FlowCSV,3550,3551,0.000407267
FlowCSV,3551,3552,0.000383659
FlowCSV,3552,3553,0.000323046
FlowCSV,3553,3554,0.000247604
FlowCSV,3554,3555,0.000210042
FlowCSV,3555,3556,0.000208954
FlowCSV,3556,3557,0.000225562
FlowCSV,3557,3558,0.000256893
FlowCSV,3558,3559,0.000321462
FlowCSV,3559,3560,0.00037174
FlowCSV,3560,3561,0.000321413
FlowCSV,3561,3562,0.000236366
FlowCSV,3562,3563,0.000195864
FlowCSV,3563,3564,0.000150344
FlowCSV,3564,3565,0.000108127
FlowCSV,3565,3566,0.000173842
FlowCSV,3566,3567,0.00032702
FlowCSV,3567,3568,0.000209278
FlowCSV,3568,3569,0.000207168
FlowCSV,3569,3570,0.167897
FlowCSV,3570,3571,5.00629e-06
FlowCSV,3571,3572,6.5123e-06
FlowCSV,3572,3573,6.17957e-06
FlowCSV,3573,3574,5.77019e-06
FlowCSV,3574,3575,7.94898e-06
FlowCSV,3575,3576,6.3094e-06
FlowCSV,3576,3577,0.0117278
FlowCSV,3577,3578,0.00123349
FlowCSV,3578,3579,0.00102903
FlowCSV,3579,3580,0.00109043
FlowCSV,3580,3581,0.00204772
FlowCSV,3581,3582,0.00337046
FlowCSV,3582,3583,0.00233053
FlowCSV,3583,3584,0.00169544
FlowCSV,3584,3585,0.00224161
FlowCSV,3585,3586,0.00193565
FlowCSV,3586,3587,0.0013415
FlowCSV,3587,3588,0.00113096
FlowCSV,3588,3589,0.000991944
FlowCSV,3589,3590,0.000784
FlowCSV,3590,3591,0.000806395
FlowCSV,3591,3592,0.000701532
FlowCSV,3592,3593,0.000742038
FlowCSV,3593,3594,0.000725527
FlowCSV,3594,3595,0.000796653
FlowCSV,3595,3596,0.000541407
FlowCSV,3596,3597,0.00018376
FlowCSV,3597,3598,9.18483e-06
FlowCSV,3598,3599,1.14521e-05
FlowCSV,3599,3600,1.08567e-05
FlowCSV,3600,3601,1.08822e-05
FlowCSV,3601,3602,8.37213e-06
FlowCSV,3602,3603,6.04263e-08

General Information
  File: ../recordings/acmmm2011/video/captain-1080.mov
  Dimensions: 1920 x 816
  Coefficient Planes: 0
  Frames Rendered: 3603

Configuration Information:
  Configuring NDDI to compute optical flow.

Transmission Statistics:
  Total Pixel Data Updated (bytes): 16934676480 Total NDDI Cost (bytes): 0 Ratio: 0

Memory Statistics:
  Input Vector
    - Num Reads: 0 - Bytes Read: 0
    - Num Writes: 0 - Bytes Written: 0
  Coefficient Plane
    - Num Reads: 0 - Bytes Read: 0
    - Num Writes: 0 - Bytes Written: 0
  Frame Volume
    - Num Reads: 0 - Bytes Read: 0
    - Num Writes: 0 - Bytes Written: 0

Pixel Statistics:
  Pixel Mappings: 0
  Pixel Blends: 0

Performance Statistics:
  Average FPS: 16.1681

Quality Statistics:
  Use --psnr to enable.

CSV Headings:
Frames,Commands Sent,Bytes Transmitted,IV Num Reads,IV Bytes Read,IV Num Writes,IV Bytes Written,CP Num Reads,CP Bytes Read,CP Num Writes,CP Bytes Written,FV Num Reads,FV Bytes Read,FV Num Writes,FV Bytes Written,FV Time,Pixels Mapped,Pixels Blended,PSNR,File Name
3603 , 0 , 0 , 0 , 0 , 0 , 0 , 0 , 0 , 0 , 0 , 0 , 0 , 0 , 0 , 0 , 0 , 0 , inf,../recordings/acmmm2011/video/captain-1080.mov
