FlowCSV,1,2,1.73166e-07
FlowCSV,2,3,1.90986e-07
FlowCSV,3,4,1.8421e-08
FlowCSV,4,5,1.01214e-07
FlowCSV,5,6,3.35462e-08
FlowCSV,6,7,-0
FlowCSV,7,8,-0
FlowCSV,8,9,1.4625e-07
FlowCSV,9,10,1.70375e-07
FlowCSV,10,11,-0
FlowCSV,11,12,9.74261e-09
FlowCSV,12,13,1.50748e-08
FlowCSV,13,14,-0
FlowCSV,14,15,3.52197e-07
FlowCSV,15,16,-0
FlowCSV,16,17,-0
FlowCSV,17,18,1.40682e-06
FlowCSV,18,19,3.73887e-07
FlowCSV,19,20,3.00093e-08
FlowCSV,20,21,5.26114e-08
FlowCSV,21,22,4.18314e-09
FlowCSV,22,23,3.8688e-09
FlowCSV,23,24,2.47862e-10
FlowCSV,24,25,1.11359e-08
FlowCSV,25,26,2.92777e-07
FlowCSV,26,27,4.25873e-08
FlowCSV,27,28,2.42886e-08
FlowCSV,28,29,1.41983e-07
FlowCSV,29,30,3.81012e-08
FlowCSV,30,31,5.26523e-10
FlowCSV,31,32,2.38565e-09
FlowCSV,32,33,1.87138e-07
FlowCSV,33,34,4.561e-08
FlowCSV,34,35,1.56341e-08
FlowCSV,35,36,1.43958e-08
FlowCSV,36,37,1.95474e-08
FlowCSV,37,38,1.30149e-08
FlowCSV,38,39,7.0418e-09
FlowCSV,39,40,1.96371e-09
FlowCSV,40,41,1.04303e-07
FlowCSV,41,42,2.2693e-06
FlowCSV,42,43,2.22491e-08
FlowCSV,43,44,3.09827e-10
FlowCSV,44,45,2.18044e-09
FlowCSV,45,46,5.81331e-07
FlowCSV,46,47,4.43503e-07
FlowCSV,47,48,8.27851e-07
FlowCSV,48,49,1.91256e-06
FlowCSV,49,50,3.86909e-07
FlowCSV,50,51,3.70833e-08
FlowCSV,51,52,4.65562e-09
FlowCSV,52,53,1.74648e-07
FlowCSV,53,54,3.75087e-08
FlowCSV,54,55,2.37877e-09
FlowCSV,55,56,1.10456e-09
FlowCSV,56,57,2.06195e-07
FlowCSV,57,58,5.50734e-08
FlowCSV,58,59,-0
FlowCSV,59,60,-0
FlowCSV,60,61,3.4886e-09
FlowCSV,61,62,6.57368e-09
FlowCSV,62,63,-0
FlowCSV,63,64,-0
FlowCSV,64,65,4.55032e-08
FlowCSV,65,66,4.13675e-09
FlowCSV,66,67,-0
FlowCSV,67,68,-0
FlowCSV,68,69,-0
FlowCSV,69,70,-0
FlowCSV,70,71,-0
FlowCSV,71,72,-0
FlowCSV,72,73,-0
FlowCSV,73,74,-0
FlowCSV,74,75,-0
FlowCSV,75,76,-0
FlowCSV,76,77,-0
FlowCSV,77,78,-0
FlowCSV,78,79,-0
FlowCSV,79,80,-0
FlowCSV,80,81,-0
FlowCSV,81,82,-0
FlowCSV,82,83,-0
FlowCSV,83,84,-0
FlowCSV,84,85,-0
FlowCSV,85,86,-0
FlowCSV,86,87,-0
FlowCSV,87,88,-0
FlowCSV,88,89,0
FlowCSV,89,90,1.47988e-06
FlowCSV,90,91,3.76761e-07
FlowCSV,91,92,1.39321e-08
FlowCSV,92,93,2.35839e-08
FlowCSV,93,94,3.33607e-08
FlowCSV,94,95,7.99036e-09
FlowCSV,95,96,2.2319e-07
FlowCSV,96,97,1.50381e-06
FlowCSV,97,98,2.78745e-07
FlowCSV,98,99,4.30453e-08
FlowCSV,99,100,1.66871e-08
FlowCSV,100,101,1.69113e-07
FlowCSV,101,102,2.54267e-08
FlowCSV,102,103,1.55542e-09
FlowCSV,103,104,1.42528e-09
FlowCSV,104,105,1.24637e-07
FlowCSV,105,106,3.85855e-08
FlowCSV,106,107,0
FlowCSV,107,108,0
FlowCSV,108,109,5.72017e-09
FlowCSV,109,110,7.83236e-09
FlowCSV,110,111,7.65971e-10
FlowCSV,111,112,0
FlowCSV,112,113,3.10913e-08
FlowCSV,113,114,9.25236e-09
FlowCSV,114,115,0
FlowCSV,115,116,0
FlowCSV,116,117,1.14445e-09
FlowCSV,117,118,6.47425e-09
FlowCSV,118,119,5.1547e-10
FlowCSV,119,120,0
FlowCSV,120,121,2.17514e-09
FlowCSV,121,122,0
FlowCSV,122,123,0
FlowCSV,123,124,0
FlowCSV,124,125,0
FlowCSV,125,126,0
FlowCSV,126,127,0
FlowCSV,127,128,0
FlowCSV,128,129,0
FlowCSV,129,130,1.24073e-09
FlowCSV,130,131,0
FlowCSV,131,132,0
FlowCSV,132,133,2.9966e-09
FlowCSV,133,134,0
FlowCSV,134,135,0.0389412
FlowCSV,135,136,0
FlowCSV,136,137,0
FlowCSV,137,138,1.33501e-06
FlowCSV,138,139,4.74795e-07
FlowCSV,139,140,0
FlowCSV,140,141,0
FlowCSV,141,142,2.86775e-08
FlowCSV,142,143,1.38714e-08
FlowCSV,143,144,1.91504e-07
FlowCSV,144,145,1.57618e-06
FlowCSV,145,146,1.88476e-07
FlowCSV,146,147,2.09702e-07
FlowCSV,147,148,2.39841e-08
FlowCSV,148,149,1.07991e-07
FlowCSV,149,150,4.53469e-08
FlowCSV,150,151,0
FlowCSV,151,152,7.41599e-09
FlowCSV,152,153,1.43039e-07
FlowCSV,153,154,1.09587e-08
FlowCSV,154,155,0
FlowCSV,155,156,0
FlowCSV,156,157,0
FlowCSV,157,158,0
FlowCSV,158,159,0
FlowCSV,159,160,0
FlowCSV,160,161,7.00578e-08
FlowCSV,161,162,6.82883e-08
FlowCSV,162,163,0
FlowCSV,163,164,0
FlowCSV,164,165,4.78132e-09
FlowCSV,165,166,0
FlowCSV,166,167,0
FlowCSV,167,168,1.72592e-07
FlowCSV,168,169,0
FlowCSV,169,170,1.19349e-06
FlowCSV,170,171,0
FlowCSV,171,172,0
FlowCSV,172,173,4.39014e-08
FlowCSV,173,174,1.5074e-06
FlowCSV,174,175,1.45198e-06
FlowCSV,175,176,1.91221e-06
FlowCSV,176,177,1.54007e-06
FlowCSV,177,178,3.23147e-06
FlowCSV,178,179,2.41063e-06
FlowCSV,179,180,4.5646e-06
FlowCSV,180,181,1.53076e-07
FlowCSV,181,182,1.0631e-05
FlowCSV,182,183,1.11701e-08
FlowCSV,183,184,0.00157157
FlowCSV,184,185,3.25214e-08
FlowCSV,185,186,0.00058795
FlowCSV,186,187,0.00477302
FlowCSV,187,188,0.0152425
FlowCSV,188,189,0.00501933
FlowCSV,189,190,0.00180027
FlowCSV,190,191,8.78019e-06
FlowCSV,191,192,1.42835e-05
FlowCSV,192,193,0.000410288
FlowCSV,193,194,0.000255409
FlowCSV,194,195,0.000417997
FlowCSV,195,196,0.00171186
FlowCSV,196,197,0.00186678
FlowCSV,197,198,0.00316326
FlowCSV,198,199,0.000765346
FlowCSV,199,200,0.00159928
FlowCSV,200,201,0.000664336
FlowCSV,201,202,0.00165328
FlowCSV,202,203,0.000531713
FlowCSV,203,204,0.000984867
FlowCSV,204,205,0.00130485
FlowCSV,205,206,0.00261243
FlowCSV,206,207,0.000344149
FlowCSV,207,208,0.00116993
FlowCSV,208,209,0.00277121
FlowCSV,209,210,0.00176282
FlowCSV,210,211,0.0024034
FlowCSV,211,212,0.00228766
FlowCSV,212,213,0.00248672
FlowCSV,213,214,0.0021246
FlowCSV,214,215,0.00201473
FlowCSV,215,216,0.00108127
FlowCSV,216,217,0.00203902
FlowCSV,217,218,0.0028932
FlowCSV,218,219,0.0023622
FlowCSV,219,220,0.00281104
FlowCSV,220,221,0.00287543
FlowCSV,221,222,0.00386498
FlowCSV,222,223,0.00370216
FlowCSV,223,224,0.00311202
FlowCSV,224,225,0.00400391
FlowCSV,225,226,0.0040379
FlowCSV,226,227,0.00352736
FlowCSV,227,228,0.00471046
FlowCSV,228,229,0.00732499
FlowCSV,229,230,0.00696876
FlowCSV,230,231,0.00166003
FlowCSV,231,232,0
FlowCSV,232,233,0
FlowCSV,233,234,1.01826e-06
FlowCSV,234,235,8.22761e-07
FlowCSV,235,236,1.80456e-07
FlowCSV,236,237,3.07223e-07
FlowCSV,237,238,0
FlowCSV,238,239,1.03133e-09
FlowCSV,239,240,2.61132e-07
FlowCSV,240,241,1.5855e-06
FlowCSV,241,242,0.000461473
FlowCSV,242,243,0.00234021
FlowCSV,243,244,0.00283782
FlowCSV,244,245,0.00474954
FlowCSV,245,246,0.00598707
FlowCSV,246,247,0.0064126
FlowCSV,247,248,0.00661345
FlowCSV,248,249,0.00875364
FlowCSV,249,250,0.00782563
FlowCSV,250,251,0.00802856
FlowCSV,251,252,0.00712021
FlowCSV,252,253,0.00605012
FlowCSV,253,254,0.00711425
FlowCSV,254,255,0.00804632
FlowCSV,255,256,0.0075151
FlowCSV,256,257,0.00719195
FlowCSV,257,258,0.00542113
FlowCSV,258,259,0.00516045
FlowCSV,259,260,0.00536661
FlowCSV,260,261,0.00526633
FlowCSV,261,262,0.00618015
FlowCSV,262,263,0.00437085
FlowCSV,263,264,0.00414683
FlowCSV,264,265,0.00459478
FlowCSV,265,266,0.00328972
FlowCSV,266,267,0.0038731
FlowCSV,267,268,0.00405578
FlowCSV,268,269,0.00287783
FlowCSV,269,270,0.00283779
FlowCSV,270,271,0.00333255
FlowCSV,271,272,0.00223155
FlowCSV,272,273,0.00202497
FlowCSV,273,274,0.00161442
FlowCSV,274,275,0.000638776
FlowCSV,275,276,0.000714928
FlowCSV,276,277,0.000745838
FlowCSV,277,278,0.000674789
FlowCSV,278,279,0.000159664
FlowCSV,279,280,0.000453387
FlowCSV,280,281,7.29026e-05
FlowCSV,281,282,6.16851e-05
FlowCSV,282,283,6.56148e-05
FlowCSV,283,284,6.87914e-05
FlowCSV,284,285,8.23582e-05
FlowCSV,285,286,8.13601e-05
FlowCSV,286,287,9.76172e-05
FlowCSV,287,288,0.000104998
FlowCSV,288,289,0.000111091
FlowCSV,289,290,0.000102256
FlowCSV,290,291,4.57392e-05
FlowCSV,291,292,0
FlowCSV,292,293,0
FlowCSV,293,294,0
FlowCSV,294,295,0
FlowCSV,295,296,0
FlowCSV,296,297,0
FlowCSV,297,298,4.22791e-08
FlowCSV,298,299,0
FlowCSV,299,300,0
FlowCSV,300,301,8.41066e-09
FlowCSV,301,302,0
FlowCSV,302,303,0
FlowCSV,303,304,7.68522e-08
FlowCSV,304,305,1.06766e-07
FlowCSV,305,306,1.63188e-06
FlowCSV,306,307,0
FlowCSV,307,308,7.88144e-05
FlowCSV,308,309,0.00236499
FlowCSV,309,310,0.000755277
FlowCSV,310,311,0.00661274
FlowCSV,311,312,0.00299513
FlowCSV,312,313,0.00520554
FlowCSV,313,314,0.00497082
FlowCSV,314,315,0.00615657
FlowCSV,315,316,0.00506985
FlowCSV,316,317,0.00613069
FlowCSV,317,318,0.00538682
FlowCSV,318,319,0.00530096
FlowCSV,319,320,0.00556056
FlowCSV,320,321,0.00453818
FlowCSV,321,322,0.00480504
FlowCSV,322,323,0.00435846
FlowCSV,323,324,0.00427245
FlowCSV,324,325,0.00545045
FlowCSV,325,326,0.00432042
FlowCSV,326,327,0.00479592
FlowCSV,327,328,0.00404857
FlowCSV,328,329,0.00532834
FlowCSV,329,330,0.00455263
FlowCSV,330,331,0.00457499
FlowCSV,331,332,0.00494614
FlowCSV,332,333,0.00438563
FlowCSV,333,334,0.00528496
FlowCSV,334,335,0.00474819
FlowCSV,335,336,0.00445039
FlowCSV,336,337,0.00559382
FlowCSV,337,338,0.00469018
FlowCSV,338,339,0.00437837
FlowCSV,339,340,0.00429451
FlowCSV,340,341,0.0041715
FlowCSV,341,342,0.00497696
FlowCSV,342,343,0.00450243
FlowCSV,343,344,0.00444318
FlowCSV,344,345,0.00428743
FlowCSV,345,346,0.00425984
FlowCSV,346,347,0.00449679
FlowCSV,347,348,0.00436986
FlowCSV,348,349,0.00446647
FlowCSV,349,350,0.00392196
FlowCSV,350,351,0.00396338
FlowCSV,351,352,0.00388805
FlowCSV,352,353,0.00467855
FlowCSV,353,354,0.00403336
FlowCSV,354,355,0.00404287
FlowCSV,355,356,0.00399561
FlowCSV,356,357,0.00384684
FlowCSV,357,358,0.00364585
FlowCSV,358,359,0.0036773
FlowCSV,359,360,0.00384263
FlowCSV,360,361,0.00384265
FlowCSV,361,362,0.00369692
FlowCSV,362,363,0.00399488
FlowCSV,363,364,0.00376123
FlowCSV,364,365,0.00370968
FlowCSV,365,366,0.00386589
FlowCSV,366,367,0.00410148
FlowCSV,367,368,0.00407735
FlowCSV,368,369,0.00402978
FlowCSV,369,370,0.00408364
FlowCSV,370,371,0.0042219
FlowCSV,371,372,0.00456212
FlowCSV,372,373,0.00416235
FlowCSV,373,374,0.0043346
FlowCSV,374,375,0.00452276
FlowCSV,375,376,0.0046287
FlowCSV,376,377,0.00434273
FlowCSV,377,378,0.00438247
FlowCSV,378,379,0.00420689
FlowCSV,379,380,0.00425928
FlowCSV,380,381,0.00390733
FlowCSV,381,382,0.00410796
FlowCSV,382,383,0.00418522
FlowCSV,383,384,0.004298
FlowCSV,384,385,0.00411984
FlowCSV,385,386,0.00435656
FlowCSV,386,387,0.00405901
FlowCSV,387,388,0.00351508
FlowCSV,388,389,0.00400231
FlowCSV,389,390,0.154666
FlowCSV,390,391,-0
FlowCSV,391,392,-0
FlowCSV,392,393,-0
FlowCSV,393,394,-0
FlowCSV,394,395,-0
FlowCSV,395,396,-0
FlowCSV,396,397,-0
FlowCSV,397,398,-0
FlowCSV,398,399,1.60425e-05
FlowCSV,399,400,1.47222e-05
FlowCSV,400,401,1.60274e-05
FlowCSV,401,402,1.72587e-05
FlowCSV,402,403,1.67236e-05
FlowCSV,403,404,1.6668e-05
FlowCSV,404,405,1.56713e-05
FlowCSV,405,406,1.59667e-05
FlowCSV,406,407,1.74965e-05
FlowCSV,407,408,1.73442e-05
FlowCSV,408,409,1.74993e-05
FlowCSV,409,410,1.68747e-05
FlowCSV,410,411,1.75014e-05
FlowCSV,411,412,1.78941e-05
FlowCSV,412,413,1.66784e-05
FlowCSV,413,414,1.58264e-05
FlowCSV,414,415,1.61846e-05
FlowCSV,415,416,1.67623e-05
FlowCSV,416,417,1.75809e-05
FlowCSV,417,418,1.5565e-05
FlowCSV,418,419,1.70054e-05
FlowCSV,419,420,1.6686e-05
FlowCSV,420,421,1.80286e-05
FlowCSV,421,422,1.5326e-05
FlowCSV,422,423,1.6437e-05
FlowCSV,423,424,1.7055e-05
FlowCSV,424,425,1.78172e-05
FlowCSV,425,426,1.46273e-05
FlowCSV,426,427,1.67962e-05
FlowCSV,427,428,1.6901e-05
FlowCSV,428,429,1.89814e-05
FlowCSV,429,430,1.52215e-05
FlowCSV,430,431,1.84965e-05
FlowCSV,431,432,1.76185e-05
FlowCSV,432,433,2.11735e-05
FlowCSV,433,434,1.72988e-05
FlowCSV,434,435,2.22367e-05
FlowCSV,435,436,2.3645e-05
FlowCSV,436,437,3.2902e-05
FlowCSV,437,438,3.22711e-05
FlowCSV,438,439,5.426e-05
FlowCSV,439,440,0.000146453
FlowCSV,440,441,0
FlowCSV,441,442,0
FlowCSV,442,443,1.32779e-07
FlowCSV,443,444,0
FlowCSV,444,445,6.75686e-08
FlowCSV,445,446,0.00338702
FlowCSV,446,447,0.00192534
FlowCSV,447,448,0.00225799
FlowCSV,448,449,0.00126102
FlowCSV,449,450,0.000884789
FlowCSV,450,451,0.000531228
FlowCSV,451,452,0.000386422
FlowCSV,452,453,0.000399118
FlowCSV,453,454,0.000431688
FlowCSV,454,455,0.000413062
FlowCSV,455,456,0.000410993
FlowCSV,456,457,0.000401817
FlowCSV,457,458,0.000376788
FlowCSV,458,459,0.000364869
FlowCSV,459,460,0.000331295
FlowCSV,460,461,0.000323729
FlowCSV,461,462,0.000327709
FlowCSV,462,463,0.000367448
FlowCSV,463,464,0.000390067
FlowCSV,464,465,0.000361297
FlowCSV,465,466,0.000346492
FlowCSV,466,467,0.00032872
FlowCSV,467,468,0.000331188
FlowCSV,468,469,0.000326748
FlowCSV,469,470,0.000329774
FlowCSV,470,471,0.000324016
FlowCSV,471,472,0.00032665
FlowCSV,472,473,0.000318657
FlowCSV,473,474,0.000316437
FlowCSV,474,475,0.000330173
FlowCSV,475,476,0.00031669
FlowCSV,476,477,0.155748
FlowCSV,477,478,0
FlowCSV,478,479,0
FlowCSV,479,480,2.75558e-05
FlowCSV,480,481,2.55272e-05
FlowCSV,481,482,2.71377e-05
FlowCSV,482,483,2.67727e-05
FlowCSV,483,484,2.54728e-05
FlowCSV,484,485,2.57783e-05
FlowCSV,485,486,2.5475e-05
FlowCSV,486,487,2.53365e-05
FlowCSV,487,488,2.59284e-05
FlowCSV,488,489,2.52846e-05
FlowCSV,489,490,2.59597e-05
FlowCSV,490,491,2.48381e-05
FlowCSV,491,492,2.50267e-05
FlowCSV,492,493,2.5409e-05
FlowCSV,493,494,2.51645e-05
FlowCSV,494,495,2.46219e-05
FlowCSV,495,496,2.51254e-05
FlowCSV,496,497,2.4549e-05
FlowCSV,497,498,2.62926e-05
FlowCSV,498,499,2.61891e-05
FlowCSV,499,500,2.54693e-05
FlowCSV,500,501,2.4583e-05
FlowCSV,501,502,2.4955e-05
FlowCSV,502,503,2.52014e-05
FlowCSV,503,504,2.46214e-05
FlowCSV,504,505,2.60431e-05
FlowCSV,505,506,2.38484e-05
FlowCSV,506,507,2.63522e-05
FlowCSV,507,508,2.29783e-05
FlowCSV,508,509,2.56195e-05
FlowCSV,509,510,2.38407e-05
FlowCSV,510,511,2.47627e-05
FlowCSV,511,512,2.21974e-05
FlowCSV,512,513,2.44473e-05
FlowCSV,513,514,2.27504e-05
FlowCSV,514,515,2.5805e-05
FlowCSV,515,516,2.32974e-05
FlowCSV,516,517,2.89006e-05
FlowCSV,517,518,2.99867e-05
FlowCSV,518,519,3.8263e-05
FlowCSV,519,520,4.3396e-05
FlowCSV,520,521,7.97728e-05
FlowCSV,521,522,0.000121334
FlowCSV,522,523,3.30492e-08
FlowCSV,523,524,0
FlowCSV,524,525,3.36964e-08
FlowCSV,525,526,0
FlowCSV,526,527,0
FlowCSV,527,528,0
FlowCSV,528,529,2.12626e-06
FlowCSV,529,530,3.4464e-07
FlowCSV,530,531,0.000165706
FlowCSV,531,532,1.97556e-08
FlowCSV,532,533,7.74195e-05
FlowCSV,533,534,3.2499e-07
FlowCSV,534,535,0.000751924
FlowCSV,535,536,0.000910889
FlowCSV,536,537,0.00181328
FlowCSV,537,538,0.000278023
FlowCSV,538,539,0.00033555
FlowCSV,539,540,0.000134144
FlowCSV,540,541,0.000483623
FlowCSV,541,542,0.000410048
FlowCSV,542,543,0.000677599
FlowCSV,543,544,0.000231291
FlowCSV,544,545,0.000553272
FlowCSV,545,546,0.00046918
FlowCSV,546,547,0.00121849
FlowCSV,547,548,0.00102042
FlowCSV,548,549,0.00133054
FlowCSV,549,550,0.00104844
FlowCSV,550,551,0.00164563
FlowCSV,551,552,0.000514057
FlowCSV,552,553,0.000520904
FlowCSV,553,554,0.000450249
FlowCSV,554,555,0.0004358
FlowCSV,555,556,0.00119599
FlowCSV,556,557,0.000286357
FlowCSV,557,558,0.00034407
FlowCSV,558,559,0.000419237
FlowCSV,559,560,0.011115
FlowCSV,560,561,0.00213821
FlowCSV,561,562,0.00502065
FlowCSV,562,563,0.00239571
FlowCSV,563,564,0.00160222
FlowCSV,564,565,0.00170677
FlowCSV,565,566,0.00178005
FlowCSV,566,567,0.00171121
FlowCSV,567,568,0.00182231
FlowCSV,568,569,0.0016906
FlowCSV,569,570,0.00143462
FlowCSV,570,571,0.0015499
FlowCSV,571,572,0.00129096
FlowCSV,572,573,0.00119301
FlowCSV,573,574,0.00129917
FlowCSV,574,575,0.00128046
FlowCSV,575,576,0.00129319
FlowCSV,576,577,0.00114255
FlowCSV,577,578,0.00101905
FlowCSV,578,579,0.00111202
FlowCSV,579,580,0.00103781
FlowCSV,580,581,0.00124568
FlowCSV,581,582,0.001125
FlowCSV,582,583,0.00107964
FlowCSV,583,584,0.00100972
FlowCSV,584,585,0.00117703
FlowCSV,585,586,0.00112731
FlowCSV,586,587,0.00109076
FlowCSV,587,588,0.00120527
FlowCSV,588,589,0.00103737
FlowCSV,589,590,0.000924027
FlowCSV,590,591,0.000922879
FlowCSV,591,592,0.000996567
FlowCSV,592,593,0.00103553
FlowCSV,593,594,0.00108849
FlowCSV,594,595,0.0010195
FlowCSV,595,596,0.00117837
FlowCSV,596,597,0.00105711
FlowCSV,597,598,0.0011204
FlowCSV,598,599,0.00125457
FlowCSV,599,600,0.00140322
FlowCSV,600,601,0.00129969
FlowCSV,601,602,0.19689
FlowCSV,602,603,0
FlowCSV,603,604,2.72564e-05
FlowCSV,604,605,2.66112e-05
FlowCSV,605,606,2.64117e-05
FlowCSV,606,607,2.6519e-05
FlowCSV,607,608,2.54663e-05
FlowCSV,608,609,2.50734e-05
FlowCSV,609,610,2.71657e-05
FlowCSV,610,611,2.52622e-05
FlowCSV,611,612,2.66159e-05
FlowCSV,612,613,2.61664e-05
FlowCSV,613,614,2.72102e-05
FlowCSV,614,615,2.47396e-05
FlowCSV,615,616,2.40162e-05
FlowCSV,616,617,2.41434e-05
FlowCSV,617,618,2.80077e-05
FlowCSV,618,619,2.53904e-05
FlowCSV,619,620,2.65566e-05
FlowCSV,620,621,2.49164e-05
FlowCSV,621,622,2.42513e-05
FlowCSV,622,623,2.65588e-05
FlowCSV,623,624,2.55212e-05
FlowCSV,624,625,2.63159e-05
FlowCSV,625,626,2.78652e-05
FlowCSV,626,627,2.63555e-05
FlowCSV,627,628,2.57969e-05
FlowCSV,628,629,2.63815e-05
FlowCSV,629,630,2.50486e-05
FlowCSV,630,631,2.45007e-05
FlowCSV,631,632,2.52293e-05
FlowCSV,632,633,2.45816e-05
FlowCSV,633,634,2.55819e-05
FlowCSV,634,635,2.46395e-05
FlowCSV,635,636,2.49496e-05
FlowCSV,636,637,2.50219e-05
FlowCSV,637,638,2.40037e-05
FlowCSV,638,639,2.64722e-05
FlowCSV,639,640,2.47296e-05
FlowCSV,640,641,2.70081e-05
FlowCSV,641,642,2.66159e-05
FlowCSV,642,643,2.69952e-05
FlowCSV,643,644,2.54094e-05
FlowCSV,644,645,2.63478e-05
FlowCSV,645,646,2.41537e-05
FlowCSV,646,647,2.56721e-05
FlowCSV,647,648,2.39006e-05
FlowCSV,648,649,2.83829e-05
FlowCSV,649,650,2.5607e-05
FlowCSV,650,651,3.04496e-05
FlowCSV,651,652,3.19809e-05
FlowCSV,652,653,3.84332e-05
FlowCSV,653,654,6.00576e-05
FlowCSV,654,655,0.00497948
FlowCSV,655,656,0
FlowCSV,656,657,0
FlowCSV,657,658,0
FlowCSV,658,659,6.68232e-08
FlowCSV,659,660,0
FlowCSV,660,661,1.97762e-07
FlowCSV,661,662,0.000149019
FlowCSV,662,663,0.000250556
FlowCSV,663,664,0.000351452
FlowCSV,664,665,0.000392987
FlowCSV,665,666,0.00041692
FlowCSV,666,667,0.000379877
FlowCSV,667,668,0.00039589
FlowCSV,668,669,0.000346117
FlowCSV,669,670,0.000450905
FlowCSV,670,671,0.000404197
FlowCSV,671,672,0.000389819
FlowCSV,672,673,0.000367364
FlowCSV,673,674,0.000370285
FlowCSV,674,675,0.000389988
FlowCSV,675,676,0.000384892
FlowCSV,676,677,0.00037215
FlowCSV,677,678,0.000382429
FlowCSV,678,679,0.000394816
FlowCSV,679,680,0.000385918
FlowCSV,680,681,0.000465832
FlowCSV,681,682,0.000602287
FlowCSV,682,683,0.000388889
FlowCSV,683,684,0.000405323
FlowCSV,684,685,0.00039604
FlowCSV,685,686,0.000380093
FlowCSV,686,687,0.000417484
FlowCSV,687,688,0.000441435
FlowCSV,688,689,0.000388011
FlowCSV,689,690,0.000350141
FlowCSV,690,691,0.000342707
FlowCSV,691,692,0.000321825
FlowCSV,692,693,0.000358836
FlowCSV,693,694,0.00034695
FlowCSV,694,695,0.000371259
FlowCSV,695,696,0.000373327
FlowCSV,696,697,0.000329678
FlowCSV,697,698,0.000371879
FlowCSV,698,699,0.000378323
FlowCSV,699,700,0.000341944
FlowCSV,700,701,0.000346051
FlowCSV,701,702,0.000341413
FlowCSV,702,703,0.000363752
FlowCSV,703,704,0.000347618
FlowCSV,704,705,0.000354308
FlowCSV,705,706,0.000356066
FlowCSV,706,707,0.000353287
FlowCSV,707,708,0.00035119
FlowCSV,708,709,0.000363879
FlowCSV,709,710,0.000377519
FlowCSV,710,711,0.0004831
FlowCSV,711,712,0.000861406
FlowCSV,712,713,0.0013206
FlowCSV,713,714,0.00301647
FlowCSV,714,715,0.00147913
FlowCSV,715,716,0.00187774
FlowCSV,716,717,2.94794e-07
FlowCSV,717,718,3.12575e-08
FlowCSV,718,719,3.61548e-08
FlowCSV,719,720,7.9648e-07
FlowCSV,720,721,1.22121e-06
FlowCSV,721,722,0.00326574
FlowCSV,722,723,0.00299612
FlowCSV,723,724,0.00216036
FlowCSV,724,725,0.00173148
FlowCSV,725,726,0.0014742
FlowCSV,726,727,0.00123734
FlowCSV,727,728,0.00116061
FlowCSV,728,729,0.00108917
FlowCSV,729,730,0.00110227
FlowCSV,730,731,0.000934552
FlowCSV,731,732,0.000588847
FlowCSV,732,733,0.000697461
FlowCSV,733,734,0.000610377
FlowCSV,734,735,0.000653576
FlowCSV,735,736,0.000723676
FlowCSV,736,737,0.00081965
FlowCSV,737,738,0.000675152
FlowCSV,738,739,0.000563028
FlowCSV,739,740,0.00050378
FlowCSV,740,741,0.000573143
FlowCSV,741,742,0.000499159
FlowCSV,742,743,0.000632644
FlowCSV,743,744,0.000586047
FlowCSV,744,745,0.000645517
FlowCSV,745,746,0.000688039
FlowCSV,746,747,0.000783053
FlowCSV,747,748,0.000755421
FlowCSV,748,749,0.000830547
FlowCSV,749,750,0.00078498
FlowCSV,750,751,0.000674487
FlowCSV,751,752,0.000723134
FlowCSV,752,753,0.000705151
FlowCSV,753,754,0.000534406
FlowCSV,754,755,0.000717951
FlowCSV,755,756,0.00054433
FlowCSV,756,757,0.000466817
FlowCSV,757,758,0.000494969
FlowCSV,758,759,0.00048943
FlowCSV,759,760,0.000512962
FlowCSV,760,761,0.000554682
FlowCSV,761,762,0.000553997
FlowCSV,762,763,0.000544485
FlowCSV,763,764,0.000583208
FlowCSV,764,765,0.000433149
FlowCSV,765,766,0.000485917
FlowCSV,766,767,0.0916502
FlowCSV,767,768,3.89199e-07
FlowCSV,768,769,1.2456e-06
FlowCSV,769,770,3.27303e-05
FlowCSV,770,771,3.18446e-05
FlowCSV,771,772,2.03589e-05
FlowCSV,772,773,2.26416e-05
FlowCSV,773,774,1.90432e-05
FlowCSV,774,775,2.06055e-05
FlowCSV,775,776,1.90199e-05
FlowCSV,776,777,2.13391e-05
FlowCSV,777,778,2.55074e-05
FlowCSV,778,779,2.18188e-05
FlowCSV,779,780,2.1341e-05
FlowCSV,780,781,2.11885e-05
FlowCSV,781,782,2.41576e-05
FlowCSV,782,783,2.07628e-05
FlowCSV,783,784,2.32697e-05
FlowCSV,784,785,2.16547e-05
FlowCSV,785,786,2.32823e-05
FlowCSV,786,787,2.85399e-05
FlowCSV,787,788,2.95138e-05
FlowCSV,788,789,2.84485e-05
FlowCSV,789,790,2.75876e-05
FlowCSV,790,791,2.6369e-05
FlowCSV,791,792,2.53296e-05
FlowCSV,792,793,3.65815e-05
FlowCSV,793,794,2.73754e-05
FlowCSV,794,795,2.64638e-05
FlowCSV,795,796,2.41085e-05
FlowCSV,796,797,2.20968e-05
FlowCSV,797,798,2.17989e-05
FlowCSV,798,799,2.19107e-05
FlowCSV,799,800,2.11503e-05
FlowCSV,800,801,2.275e-05
FlowCSV,801,802,2.12449e-05
FlowCSV,802,803,2.36932e-05
FlowCSV,803,804,2.24289e-05
FlowCSV,804,805,2.39301e-05
FlowCSV,805,806,3.85106e-05
FlowCSV,806,807,4.4908e-05
FlowCSV,807,808,4.27254e-05
FlowCSV,808,809,4.59448e-05
FlowCSV,809,810,5.79803e-05
FlowCSV,810,811,0.000273785
FlowCSV,811,812,2.18149e-05
FlowCSV,812,813,2.06463e-05
FlowCSV,813,814,2.56223e-05
FlowCSV,814,815,2.59784e-05
FlowCSV,815,816,2.6403e-05
FlowCSV,816,817,2.72925e-05
FlowCSV,817,818,2.78312e-05
FlowCSV,818,819,2.78913e-05
FlowCSV,819,820,3.04494e-05
FlowCSV,820,821,3.02747e-05
FlowCSV,821,822,2.9352e-05
FlowCSV,822,823,3.19125e-05
FlowCSV,823,824,3.05654e-05
FlowCSV,824,825,3.70576e-05
FlowCSV,825,826,3.26817e-05
FlowCSV,826,827,0.000170082
FlowCSV,827,828,2.43694e-05
FlowCSV,828,829,2.4378e-05
FlowCSV,829,830,2.33408e-05
FlowCSV,830,831,2.30864e-05
FlowCSV,831,832,2.25755e-05
FlowCSV,832,833,2.20645e-05
FlowCSV,833,834,2.1756e-05
FlowCSV,834,835,2.17581e-05
FlowCSV,835,836,1.81248e-05
FlowCSV,836,837,1.59615e-05
FlowCSV,837,838,1.62758e-05
FlowCSV,838,839,1.65511e-05
FlowCSV,839,840,1.89586e-05
FlowCSV,840,841,1.95623e-05
FlowCSV,841,842,1.91523e-05
FlowCSV,842,843,2.39756e-05
FlowCSV,843,844,2.79256e-05
FlowCSV,844,845,3.46973e-05
FlowCSV,845,846,0.000105142
FlowCSV,846,847,1.07643e-06
FlowCSV,847,848,0
FlowCSV,848,849,8.49318e-08
FlowCSV,849,850,5.0131e-07
FlowCSV,850,851,0
FlowCSV,851,852,4.67218e-05
FlowCSV,852,853,0.000821526
FlowCSV,853,854,0.00169345
FlowCSV,854,855,0.00126855
FlowCSV,855,856,0.00109973
FlowCSV,856,857,0.000909505
FlowCSV,857,858,0.00111204
FlowCSV,858,859,0.000743566
FlowCSV,859,860,0.000685475
FlowCSV,860,861,0.00106767
FlowCSV,861,862,0.000909447
FlowCSV,862,863,0.00095657
FlowCSV,863,864,0.000904632
FlowCSV,864,865,0.000922176
FlowCSV,865,866,0.000898572
FlowCSV,866,867,0.000894616
FlowCSV,867,868,0.000891931
FlowCSV,868,869,0.000931283
FlowCSV,869,870,0.00079205
FlowCSV,870,871,0.00104755
FlowCSV,871,872,0.000808679
FlowCSV,872,873,0.000898953
FlowCSV,873,874,0.000784115
FlowCSV,874,875,0.0007492
FlowCSV,875,876,0.000670226
FlowCSV,876,877,0.000588262
FlowCSV,877,878,0.000579898
FlowCSV,878,879,0.00071725
FlowCSV,879,880,0.000813834
FlowCSV,880,881,0.000666818
FlowCSV,881,882,0.000726364
FlowCSV,882,883,0.000823118
FlowCSV,883,884,0.000813709
FlowCSV,884,885,0.000808513
FlowCSV,885,886,0.00114823
FlowCSV,886,887,0.0522159
FlowCSV,887,888,0.000335701
FlowCSV,888,889,0.000335962
FlowCSV,889,890,0.000341297
FlowCSV,890,891,0.000342901
FlowCSV,891,892,0.000383514
FlowCSV,892,893,0.000375771
FlowCSV,893,894,0.000367586
FlowCSV,894,895,0.000364585
FlowCSV,895,896,0.000353244
FlowCSV,896,897,0.000349987
FlowCSV,897,898,0.000375982
FlowCSV,898,899,0.000372717
FlowCSV,899,900,0.000356981
FlowCSV,900,901,0.000339422
FlowCSV,901,902,0.000321608
FlowCSV,902,903,0.000256796
FlowCSV,903,904,0.000254545
FlowCSV,904,905,0.000263082
FlowCSV,905,906,0.000289515
FlowCSV,906,907,0.000295712
FlowCSV,907,908,0.000257698
FlowCSV,908,909,0.000256087
FlowCSV,909,910,0.000236579
FlowCSV,910,911,0.000231425
FlowCSV,911,912,0.000203355
FlowCSV,912,913,0.000194846
FlowCSV,913,914,0.000182495
FlowCSV,914,915,0.000140718
FlowCSV,915,916,0.000141496
FlowCSV,916,917,0.000142883
FlowCSV,917,918,0.000156397
FlowCSV,918,919,0.000157538
FlowCSV,919,920,0.00015941
FlowCSV,920,921,0.000165077
FlowCSV,921,922,0.0001748
FlowCSV,922,923,0.000180132
FlowCSV,923,924,0.000179202
FlowCSV,924,925,0.00018683
FlowCSV,925,926,0.000184191
FlowCSV,926,927,0.000180831
FlowCSV,927,928,0.000185359
FlowCSV,928,929,0.000185352
FlowCSV,929,930,0.0459996
FlowCSV,930,931,1.47115e-05
FlowCSV,931,932,2.19385e-05
FlowCSV,932,933,9.65369e-05
FlowCSV,933,934,7.77241e-05
FlowCSV,934,935,6.60878e-05
FlowCSV,935,936,8.65882e-05
FlowCSV,936,937,4.95974e-05
FlowCSV,937,938,8.50926e-05
FlowCSV,938,939,0.000174478
FlowCSV,939,940,0.000295148
FlowCSV,940,941,8.5155e-05
FlowCSV,941,942,4.57344e-05
FlowCSV,942,943,2.55977e-05
FlowCSV,943,944,4.14152e-05
FlowCSV,944,945,5.12064e-05
FlowCSV,945,946,3.81583e-05
FlowCSV,946,947,2.41603e-05
FlowCSV,947,948,3.25062e-05
FlowCSV,948,949,4.19235e-05
FlowCSV,949,950,4.13308e-05
FlowCSV,950,951,5.22308e-05
FlowCSV,951,952,5.31344e-05
FlowCSV,952,953,6.49519e-05
FlowCSV,953,954,9.4192e-05
FlowCSV,954,955,0.0623873
FlowCSV,955,956,3.07315e-05
FlowCSV,956,957,0.00160855
FlowCSV,957,958,0.000659165
FlowCSV,958,959,0.000890443
FlowCSV,959,960,0.000313371
FlowCSV,960,961,0.00054652
FlowCSV,961,962,0.00127652
FlowCSV,962,963,0.00150186
FlowCSV,963,964,0.00328675
FlowCSV,964,965,0.00245755
FlowCSV,965,966,0.00165703
FlowCSV,966,967,0.00088814
FlowCSV,967,968,0.00142954
FlowCSV,968,969,0.00109492
FlowCSV,969,970,0.00028403
FlowCSV,970,971,0.000252228
FlowCSV,971,972,0.00035955
FlowCSV,972,973,0.000315387
FlowCSV,973,974,0.000321545
FlowCSV,974,975,0.00041014
FlowCSV,975,976,0.000654787
FlowCSV,976,977,0.000360003
FlowCSV,977,978,0.00023956
FlowCSV,978,979,0.000335077
FlowCSV,979,980,0.000162752
FlowCSV,980,981,0.000751366
FlowCSV,981,982,0.000471958
FlowCSV,982,983,0.000193184
FlowCSV,983,984,0.000242447
FlowCSV,984,985,0.000390552
FlowCSV,985,986,0.000539496
FlowCSV,986,987,0.000638201
FlowCSV,987,988,0.000720777
FlowCSV,988,989,0.000526407
FlowCSV,989,990,0.0574189
FlowCSV,990,991,0.00070661
FlowCSV,991,992,0.000624421
FlowCSV,992,993,0.000638246
FlowCSV,993,994,0.000667724
FlowCSV,994,995,0.0110444
FlowCSV,995,996,0.000744509
FlowCSV,996,997,0.00102722
FlowCSV,997,998,0.00158168
FlowCSV,998,999,0.00124936
FlowCSV,999,1000,0.0016099
FlowCSV,1000,1001,0.00093383
FlowCSV,1001,1002,0.00159813
FlowCSV,1002,1003,0.000783067
FlowCSV,1003,1004,0.00114825
FlowCSV,1004,1005,0.000835695
FlowCSV,1005,1006,0.00237931
FlowCSV,1006,1007,0.000992528
FlowCSV,1007,1008,0.00159941
FlowCSV,1008,1009,0.00142963
FlowCSV,1009,1010,0.000952365
FlowCSV,1010,1011,0.00157444
FlowCSV,1011,1012,0.000773186
FlowCSV,1012,1013,0.000983619
FlowCSV,1013,1014,0.149228
FlowCSV,1014,1015,2.3704e-05
FlowCSV,1015,1016,2.58836e-05
FlowCSV,1016,1017,2.55142e-05
FlowCSV,1017,1018,2.64279e-05
FlowCSV,1018,1019,2.64109e-05
FlowCSV,1019,1020,2.5586e-05
FlowCSV,1020,1021,2.61156e-05
FlowCSV,1021,1022,2.57271e-05
FlowCSV,1022,1023,2.46446e-05
FlowCSV,1023,1024,2.45494e-05
FlowCSV,1024,1025,2.66168e-05
FlowCSV,1025,1026,2.5762e-05
FlowCSV,1026,1027,2.50071e-05
FlowCSV,1027,1028,2.55289e-05
FlowCSV,1028,1029,2.37457e-05
FlowCSV,1029,1030,2.43979e-05
FlowCSV,1030,1031,2.41501e-05
FlowCSV,1031,1032,2.50438e-05
FlowCSV,1032,1033,2.55389e-05
FlowCSV,1033,1034,2.40577e-05
FlowCSV,1034,1035,2.50577e-05
FlowCSV,1035,1036,2.32866e-05
FlowCSV,1036,1037,2.31459e-05
FlowCSV,1037,1038,2.32741e-05
FlowCSV,1038,1039,2.1897e-05
FlowCSV,1039,1040,2.25121e-05
FlowCSV,1040,1041,2.33806e-05
FlowCSV,1041,1042,2.62521e-05
FlowCSV,1042,1043,3.07192e-05
FlowCSV,1043,1044,3.44248e-05
FlowCSV,1044,1045,4.41618e-05
FlowCSV,1045,1046,6.76143e-05
FlowCSV,1046,1047,7.49487e-06
FlowCSV,1047,1048,0
FlowCSV,1048,1049,8.37157e-08
FlowCSV,1049,1050,0
FlowCSV,1050,1051,0
FlowCSV,1051,1052,0
FlowCSV,1052,1053,0
FlowCSV,1053,1054,0
FlowCSV,1054,1055,0
FlowCSV,1055,1056,0
FlowCSV,1056,1057,7.35793e-05
FlowCSV,1057,1058,2.7433e-07
FlowCSV,1058,1059,0.00168282
FlowCSV,1059,1060,0.000326968
FlowCSV,1060,1061,0.000354703
FlowCSV,1061,1062,0.000117155
FlowCSV,1062,1063,0.000195768
FlowCSV,1063,1064,0.000158174
FlowCSV,1064,1065,0.00150747
FlowCSV,1065,1066,0.00102838
FlowCSV,1066,1067,0.000368333
FlowCSV,1067,1068,0.00038921
FlowCSV,1068,1069,0.000420993
FlowCSV,1069,1070,0.000466531
FlowCSV,1070,1071,0.000465061
FlowCSV,1071,1072,0.000450696
FlowCSV,1072,1073,0.000410811
FlowCSV,1073,1074,0.000529908
FlowCSV,1074,1075,0.000440687
FlowCSV,1075,1076,0.000356512
FlowCSV,1076,1077,0.000271891
FlowCSV,1077,1078,0.000299534
FlowCSV,1078,1079,0.000292653
FlowCSV,1079,1080,0.000192041
FlowCSV,1080,1081,0.000131254
FlowCSV,1081,1082,6.6821e-05
FlowCSV,1082,1083,7.64282e-05
FlowCSV,1083,1084,3.64937e-05
FlowCSV,1084,1085,0.000148532
FlowCSV,1085,1086,0.000300127
FlowCSV,1086,1087,0.000274869
FlowCSV,1087,1088,0.000322975
FlowCSV,1088,1089,0.000185043
FlowCSV,1089,1090,0.000121078
FlowCSV,1090,1091,0.000171145
FlowCSV,1091,1092,0.000122853
FlowCSV,1092,1093,4.76488e-05
FlowCSV,1093,1094,0.000108572
FlowCSV,1094,1095,0.000144167
FlowCSV,1095,1096,0.0297019
FlowCSV,1096,1097,0
FlowCSV,1097,1098,1.39347e-06
FlowCSV,1098,1099,3.53343e-07
FlowCSV,1099,1100,1.26274e-07
FlowCSV,1100,1101,2.4305e-07
FlowCSV,1101,1102,1.5756e-08
FlowCSV,1102,1103,2.99587e-09
FlowCSV,1103,1104,2.43981e-07
FlowCSV,1104,1105,1.59985e-06
FlowCSV,1105,1106,1.88476e-07
FlowCSV,1106,1107,2.09702e-07
FlowCSV,1107,1108,2.39841e-08
FlowCSV,1108,1109,1.07991e-07
FlowCSV,1109,1110,4.53469e-08
FlowCSV,1110,1111,0
FlowCSV,1111,1112,7.41599e-09
FlowCSV,1112,1113,1.43039e-07
FlowCSV,1113,1114,1.09587e-08
FlowCSV,1114,1115,0
FlowCSV,1115,1116,0
FlowCSV,1116,1117,0
FlowCSV,1117,1118,0
FlowCSV,1118,1119,0
FlowCSV,1119,1120,0
FlowCSV,1120,1121,2.28369e-05
FlowCSV,1121,1122,2.1442e-05
FlowCSV,1122,1123,2.27338e-05
FlowCSV,1123,1124,2.15841e-05
FlowCSV,1124,1125,2.16874e-05
FlowCSV,1125,1126,2.20567e-05
FlowCSV,1126,1127,2.20458e-05
FlowCSV,1127,1128,2.1315e-05
FlowCSV,1128,1129,2.27322e-05
FlowCSV,1129,1130,2.2051e-05
FlowCSV,1130,1131,2.23383e-05
FlowCSV,1131,1132,2.12234e-05
FlowCSV,1132,1133,2.26502e-05
FlowCSV,1133,1134,2.19604e-05
FlowCSV,1134,1135,2.23897e-05
FlowCSV,1135,1136,2.12334e-05
FlowCSV,1136,1137,2.22012e-05
FlowCSV,1137,1138,2.34338e-05
FlowCSV,1138,1139,2.13754e-05
FlowCSV,1139,1140,2.21258e-05
FlowCSV,1140,1141,2.32999e-05
FlowCSV,1141,1142,2.15401e-05
FlowCSV,1142,1143,2.15462e-05
FlowCSV,1143,1144,2.13561e-05
FlowCSV,1144,1145,2.20062e-05
FlowCSV,1145,1146,2.28627e-05
FlowCSV,1146,1147,0.000114753
FlowCSV,1147,1148,0.000332623
FlowCSV,1148,1149,0.000532774
FlowCSV,1149,1150,0.000551241
FlowCSV,1150,1151,0.000595395
FlowCSV,1151,1152,0.000507523
FlowCSV,1152,1153,0.000588651
FlowCSV,1153,1154,0.000553754
FlowCSV,1154,1155,0.000556627
FlowCSV,1155,1156,0.000525779
FlowCSV,1156,1157,0.000579696
FlowCSV,1157,1158,0.000555092
FlowCSV,1158,1159,0.00056225
FlowCSV,1159,1160,0.000579658
FlowCSV,1160,1161,0.0005916
FlowCSV,1161,1162,0.000629993
FlowCSV,1162,1163,0.000655447
FlowCSV,1163,1164,0.000686609
FlowCSV,1164,1165,0.000662008
FlowCSV,1165,1166,0.0007088
FlowCSV,1166,1167,0.000723125
FlowCSV,1167,1168,0.000799098
FlowCSV,1168,1169,0.000765963
FlowCSV,1169,1170,0.000676511
FlowCSV,1170,1171,0.000739275
FlowCSV,1171,1172,0.000694319
FlowCSV,1172,1173,0.000670289
FlowCSV,1173,1174,0.000715987
FlowCSV,1174,1175,0.000710239
FlowCSV,1175,1176,0.000669275
FlowCSV,1176,1177,0.000788999
FlowCSV,1177,1178,0.000746688
FlowCSV,1178,1179,0.00095541
FlowCSV,1179,1180,0.000805847
FlowCSV,1180,1181,0.000947481
FlowCSV,1181,1182,0.0008582
FlowCSV,1182,1183,0.000771277
FlowCSV,1183,1184,0.00072897
FlowCSV,1184,1185,0.000833228
FlowCSV,1185,1186,0.000755828
FlowCSV,1186,1187,0.00075132
FlowCSV,1187,1188,0.000709826
FlowCSV,1188,1189,0.000744008
FlowCSV,1189,1190,0.000655365
FlowCSV,1190,1191,0.00118406
FlowCSV,1191,1192,0.000654072
FlowCSV,1192,1193,0.00071406
FlowCSV,1193,1194,0.000708436
FlowCSV,1194,1195,0.000707472
FlowCSV,1195,1196,0.000879455
FlowCSV,1196,1197,0.000929321
FlowCSV,1197,1198,0.00122734
FlowCSV,1198,1199,0.00275871
FlowCSV,1199,1200,0.00652083
FlowCSV,1200,1201,0.00922806
FlowCSV,1201,1202,4.75418e-07
FlowCSV,1202,1203,2.57855e-08
FlowCSV,1203,1204,2.46985e-08
FlowCSV,1204,1205,5.25318e-08
FlowCSV,1205,1206,0.000927194
FlowCSV,1206,1207,0.000734596
FlowCSV,1207,1208,0.00104909
FlowCSV,1208,1209,0.00347705
FlowCSV,1209,1210,0.00197528
FlowCSV,1210,1211,0.00205991
FlowCSV,1211,1212,0.00207968
FlowCSV,1212,1213,0.00241315
FlowCSV,1213,1214,0.00270621
FlowCSV,1214,1215,0.00248622
FlowCSV,1215,1216,0.00207229
FlowCSV,1216,1217,0.00159954
FlowCSV,1217,1218,0.00108624
FlowCSV,1218,1219,0.00116615
FlowCSV,1219,1220,0.00141534
FlowCSV,1220,1221,0.00166143
FlowCSV,1221,1222,0.00213212
FlowCSV,1222,1223,0.0029119
FlowCSV,1223,1224,0.00497555
FlowCSV,1224,1225,0.00500587
FlowCSV,1225,1226,0.00235735
FlowCSV,1226,1227,0.00355153
FlowCSV,1227,1228,0.00342145
FlowCSV,1228,1229,3.74483e-10
FlowCSV,1229,1230,1.0592e-09
FlowCSV,1230,1231,0
FlowCSV,1231,1232,0
FlowCSV,1232,1233,0
FlowCSV,1233,1234,0
FlowCSV,1234,1235,0
FlowCSV,1235,1236,0
FlowCSV,1236,1237,0
FlowCSV,1237,1238,0
FlowCSV,1238,1239,0
FlowCSV,1239,1240,0.000249586
FlowCSV,1240,1241,0.000463748
FlowCSV,1241,1242,0.00169009
FlowCSV,1242,1243,0.00112053
FlowCSV,1243,1244,0.00290003
FlowCSV,1244,1245,0.00225134
FlowCSV,1245,1246,0.00239946
FlowCSV,1246,1247,0.00223969
FlowCSV,1247,1248,0.00239168
FlowCSV,1248,1249,0.00248955
FlowCSV,1249,1250,0.00227444
FlowCSV,1250,1251,0.00210948
FlowCSV,1251,1252,0.00216134
FlowCSV,1252,1253,0.00207468
FlowCSV,1253,1254,0.00220772
FlowCSV,1254,1255,0.00241561
FlowCSV,1255,1256,0.00228295
FlowCSV,1256,1257,0.00236269
FlowCSV,1257,1258,0.00241927
FlowCSV,1258,1259,0.00171065
FlowCSV,1259,1260,0.00169147
FlowCSV,1260,1261,0.000778373
FlowCSV,1261,1262,0.00100741
FlowCSV,1262,1263,0.00124581
FlowCSV,1263,1264,0.00103004
FlowCSV,1264,1265,0.000824646
FlowCSV,1265,1266,1.96851e-08
FlowCSV,1266,1267,0
FlowCSV,1267,1268,2.10137e-08
FlowCSV,1268,1269,1.34527e-08
FlowCSV,1269,1270,6.01927e-08
FlowCSV,1270,1271,0.000895219
FlowCSV,1271,1272,0.000493773
FlowCSV,1272,1273,0.00245025
FlowCSV,1273,1274,0.00456306
FlowCSV,1274,1275,0.00857006
FlowCSV,1275,1276,0.00794959
FlowCSV,1276,1277,0.00565369
FlowCSV,1277,1278,0.00830199
FlowCSV,1278,1279,0.00890396
FlowCSV,1279,1280,0.00546158
FlowCSV,1280,1281,0.00334393
FlowCSV,1281,1282,0.00205466
FlowCSV,1282,1283,0.00353539
FlowCSV,1283,1284,0.00434287
FlowCSV,1284,1285,0.00583463
FlowCSV,1285,1286,0.00583426
FlowCSV,1286,1287,0.0133186
FlowCSV,1287,1288,0.00585844
FlowCSV,1288,1289,0.0205398
FlowCSV,1289,1290,0.000761591
FlowCSV,1290,1291,0.00363036
FlowCSV,1291,1292,0.0111962
FlowCSV,1292,1293,0.00537699
FlowCSV,1293,1294,0.00203889
FlowCSV,1294,1295,0.00395234
FlowCSV,1295,1296,0.00248883
FlowCSV,1296,1297,0.000955755
FlowCSV,1297,1298,0.000897261
FlowCSV,1298,1299,0.00444526
FlowCSV,1299,1300,0.0067157
FlowCSV,1300,1301,0.00939792
FlowCSV,1301,1302,0.00688888
FlowCSV,1302,1303,0.00737353
FlowCSV,1303,1304,0.00628037
FlowCSV,1304,1305,0.00982153
FlowCSV,1305,1306,0.0050012
FlowCSV,1306,1307,0.00587702
FlowCSV,1307,1308,0.00923877
FlowCSV,1308,1309,0.00728453
FlowCSV,1309,1310,0.00867939
FlowCSV,1310,1311,0.00652787
FlowCSV,1311,1312,0.00586066
FlowCSV,1312,1313,0.00714028
FlowCSV,1313,1314,0.00506722
FlowCSV,1314,1315,0.015889
FlowCSV,1315,1316,0.012981
FlowCSV,1316,1317,0.0195561
FlowCSV,1317,1318,0.000742971
FlowCSV,1318,1319,0.000693785
FlowCSV,1319,1320,0.000995163
FlowCSV,1320,1321,0.00876855
FlowCSV,1321,1322,0.00109171
FlowCSV,1322,1323,0.0079471
FlowCSV,1323,1324,0.0010514
FlowCSV,1324,1325,0.0014795
FlowCSV,1325,1326,0.0015031
FlowCSV,1326,1327,0.0118422
FlowCSV,1327,1328,0.0122503
FlowCSV,1328,1329,0.00650095
FlowCSV,1329,1330,0.0359065
FlowCSV,1330,1331,0.00340168
FlowCSV,1331,1332,0.00419274
FlowCSV,1332,1333,0.00332339
FlowCSV,1333,1334,0.00249936
FlowCSV,1334,1335,0.0049357
FlowCSV,1335,1336,0.00118705
FlowCSV,1336,1337,0.00397607
FlowCSV,1337,1338,0.00167546
FlowCSV,1338,1339,0.0044786
FlowCSV,1339,1340,0.0029481
FlowCSV,1340,1341,0.00749377
FlowCSV,1341,1342,0.00417721
FlowCSV,1342,1343,0.0060137
FlowCSV,1343,1344,0.00312539
FlowCSV,1344,1345,0.00252231
FlowCSV,1345,1346,0.012459
FlowCSV,1346,1347,0.0042856
FlowCSV,1347,1348,0.00420102
FlowCSV,1348,1349,0.00715599
FlowCSV,1349,1350,0.00687987
FlowCSV,1350,1351,0.00634543
FlowCSV,1351,1352,0.00439325
FlowCSV,1352,1353,0.0039115
FlowCSV,1353,1354,0.00252675
FlowCSV,1354,1355,0.00709598
FlowCSV,1355,1356,0.00193217
FlowCSV,1356,1357,0.0137678
FlowCSV,1357,1358,0.00262843
FlowCSV,1358,1359,0.00545431
FlowCSV,1359,1360,0.00819117
FlowCSV,1360,1361,0.00378953
FlowCSV,1361,1362,0.00233153
FlowCSV,1362,1363,0.00448659
FlowCSV,1363,1364,0.00432593
FlowCSV,1364,1365,0.0122356
FlowCSV,1365,1366,3.00345e-07
FlowCSV,1366,1367,2.63879e-05
FlowCSV,1367,1368,2.63975e-05
FlowCSV,1368,1369,2.57923e-05
FlowCSV,1369,1370,2.67672e-05
FlowCSV,1370,1371,2.61694e-05
FlowCSV,1371,1372,2.69735e-05
FlowCSV,1372,1373,2.61776e-05
FlowCSV,1373,1374,2.59613e-05
FlowCSV,1374,1375,2.59261e-05
FlowCSV,1375,1376,2.68951e-05
FlowCSV,1376,1377,2.69241e-05
FlowCSV,1377,1378,2.64302e-05
FlowCSV,1378,1379,2.72637e-05
FlowCSV,1379,1380,2.52659e-05
FlowCSV,1380,1381,2.63658e-05
FlowCSV,1381,1382,2.47378e-05
FlowCSV,1382,1383,2.5847e-05
FlowCSV,1383,1384,2.64342e-05
FlowCSV,1384,1385,2.89227e-05
FlowCSV,1385,1386,2.62412e-05
FlowCSV,1386,1387,2.69242e-05
FlowCSV,1387,1388,2.53148e-05
FlowCSV,1388,1389,2.56958e-05
FlowCSV,1389,1390,2.21238e-05
FlowCSV,1390,1391,2.40951e-05
FlowCSV,1391,1392,2.38166e-05
FlowCSV,1392,1393,2.70994e-05
FlowCSV,1393,1394,2.34844e-05
FlowCSV,1394,1395,2.7063e-05
FlowCSV,1395,1396,2.65343e-05
FlowCSV,1396,1397,3.15205e-05
FlowCSV,1397,1398,2.63649e-05
FlowCSV,1398,1399,3.46601e-05
FlowCSV,1399,1400,4.12799e-05
FlowCSV,1400,1401,5.59146e-05
FlowCSV,1401,1402,0.0225184
FlowCSV,1402,1403,0
FlowCSV,1403,1404,7.74979e-08
FlowCSV,1404,1405,0
FlowCSV,1405,1406,0.000170942
FlowCSV,1406,1407,0.000338003
FlowCSV,1407,1408,0.000445759
FlowCSV,1408,1409,0.000446188
FlowCSV,1409,1410,0.00143148
FlowCSV,1410,1411,0.00111342
FlowCSV,1411,1412,0.000715243
FlowCSV,1412,1413,0.000579625
FlowCSV,1413,1414,0.000909356
FlowCSV,1414,1415,0.000677753
FlowCSV,1415,1416,0.00086251
FlowCSV,1416,1417,0.0012465
FlowCSV,1417,1418,0.00114663
FlowCSV,1418,1419,0.00179584
FlowCSV,1419,1420,0.00440649
FlowCSV,1420,1421,0.00517831
FlowCSV,1421,1422,0.0015497
FlowCSV,1422,1423,0.00126396
FlowCSV,1423,1424,0.000547902
FlowCSV,1424,1425,0.000436967
FlowCSV,1425,1426,0.000792643
FlowCSV,1426,1427,0.039218
FlowCSV,1427,1428,0.000311427
FlowCSV,1428,1429,0.000331633
FlowCSV,1429,1430,0.000374558
FlowCSV,1430,1431,0.000420696
FlowCSV,1431,1432,0.000451685
FlowCSV,1432,1433,0.00046184
FlowCSV,1433,1434,0.000489778
FlowCSV,1434,1435,0.000487729
FlowCSV,1435,1436,0.000478387
FlowCSV,1436,1437,0.00045833
FlowCSV,1437,1438,0.00042553
FlowCSV,1438,1439,0.000396434
FlowCSV,1439,1440,0.000365057
FlowCSV,1440,1441,0.000358309
FlowCSV,1441,1442,0.000360337
FlowCSV,1442,1443,0.000855896
FlowCSV,1443,1444,0.000645888
FlowCSV,1444,1445,0.000674922
FlowCSV,1445,1446,0.000660025
FlowCSV,1446,1447,0.00073137
FlowCSV,1447,1448,0.000685795
FlowCSV,1448,1449,0.000759985
FlowCSV,1449,1450,0.000817322
FlowCSV,1450,1451,0.000613049
FlowCSV,1451,1452,0.000683721
FlowCSV,1452,1453,0.000738492
FlowCSV,1453,1454,0.000859739
FlowCSV,1454,1455,0.000291524
FlowCSV,1455,1456,0
FlowCSV,1456,1457,0
FlowCSV,1457,1458,1.5524e-06
FlowCSV,1458,1459,1.99097e-07
FlowCSV,1459,1460,0.000111442
FlowCSV,1460,1461,2.81042e-05
FlowCSV,1461,1462,1.24442e-05
FlowCSV,1462,1463,0.000880718
FlowCSV,1463,1464,0.00856302
FlowCSV,1464,1465,5.90791e-05
FlowCSV,1465,1466,0.0103453
FlowCSV,1466,1467,0.00253442
FlowCSV,1467,1468,8.65528e-05
FlowCSV,1468,1469,0.00265162
FlowCSV,1469,1470,0
FlowCSV,1470,1471,0.00366763
FlowCSV,1471,1472,0.00450788
FlowCSV,1472,1473,0
FlowCSV,1473,1474,0.00509345
FlowCSV,1474,1475,0.00594529
FlowCSV,1475,1476,0
FlowCSV,1476,1477,0.00623216
FlowCSV,1477,1478,0.00899944
FlowCSV,1478,1479,0
FlowCSV,1479,1480,0.0152426
FlowCSV,1480,1481,0.00769394
FlowCSV,1481,1482,0.000102748
FlowCSV,1482,1483,0.00705852
FlowCSV,1483,1484,0.006197
FlowCSV,1484,1485,0.000114944
FlowCSV,1485,1486,0.00499627
FlowCSV,1486,1487,0.00148639
FlowCSV,1487,1488,8.27986e-05
FlowCSV,1488,1489,0.000696137
FlowCSV,1489,1490,4.38015e-05
FlowCSV,1490,1491,0
FlowCSV,1491,1492,0.0011336
FlowCSV,1492,1493,0
FlowCSV,1493,1494,0
FlowCSV,1494,1495,0
FlowCSV,1495,1496,5.15311e-05
FlowCSV,1496,1497,0.00045183
FlowCSV,1497,1498,0.0011122
FlowCSV,1498,1499,0.000167223
FlowCSV,1499,1500,0.00122114
FlowCSV,1500,1501,0.000782094
FlowCSV,1501,1502,0.000192097
FlowCSV,1502,1503,0.000809881
FlowCSV,1503,1504,0.000687431
FlowCSV,1504,1505,0.000168944
FlowCSV,1505,1506,0.000902205
FlowCSV,1506,1507,0.000830557
FlowCSV,1507,1508,0.000169376
FlowCSV,1508,1509,0.000512602
FlowCSV,1509,1510,0.000147804
FlowCSV,1510,1511,0.000621819
FlowCSV,1511,1512,0.000701429
FlowCSV,1512,1513,0.000137295
FlowCSV,1513,1514,0.000547273
FlowCSV,1514,1515,0.000456401
FlowCSV,1515,1516,0.000141943
FlowCSV,1516,1517,0.000424768
FlowCSV,1517,1518,0.000525546
FlowCSV,1518,1519,0.000141407
FlowCSV,1519,1520,0.000572181
FlowCSV,1520,1521,0.000564131
FlowCSV,1521,1522,0.000144196
FlowCSV,1522,1523,0.000527753
FlowCSV,1523,1524,0.000429402
FlowCSV,1524,1525,0.00013966
FlowCSV,1525,1526,0.000407914
FlowCSV,1526,1527,0.000356605
FlowCSV,1527,1528,0.00014987
FlowCSV,1528,1529,0.000244812
FlowCSV,1529,1530,0.000151704
FlowCSV,1530,1531,0.000253706
FlowCSV,1531,1532,0.000259767
FlowCSV,1532,1533,0.000178776
FlowCSV,1533,1534,0.000293437
FlowCSV,1534,1535,0.000256613
FlowCSV,1535,1536,0.000158798
FlowCSV,1536,1537,0.000214624
FlowCSV,1537,1538,0.000172399
FlowCSV,1538,1539,0.00190952
FlowCSV,1539,1540,0.0021516
FlowCSV,1540,1541,0
FlowCSV,1541,1542,0
FlowCSV,1542,1543,0
FlowCSV,1543,1544,0
FlowCSV,1544,1545,0
FlowCSV,1545,1546,0
FlowCSV,1546,1547,0.000179581
FlowCSV,1547,1548,4.39432e-06
FlowCSV,1548,1549,7.49482e-06
FlowCSV,1549,1550,1.70196e-05
FlowCSV,1550,1551,2.49996e-05
FlowCSV,1551,1552,3.38951e-05
FlowCSV,1552,1553,3.85541e-05
FlowCSV,1553,1554,7.93552e-05
FlowCSV,1554,1555,7.92104e-05
FlowCSV,1555,1556,8.41047e-05
FlowCSV,1556,1557,6.81117e-05
FlowCSV,1557,1558,0.000104595
FlowCSV,1558,1559,0.000137359
FlowCSV,1559,1560,0.000233994
FlowCSV,1560,1561,0.000275653
FlowCSV,1561,1562,0.000396213
FlowCSV,1562,1563,0.00029482
FlowCSV,1563,1564,0.000238878
FlowCSV,1564,1565,0.000181433
FlowCSV,1565,1566,0.000161956
FlowCSV,1566,1567,0.000114005
FlowCSV,1567,1568,0.00014841
FlowCSV,1568,1569,0.000160564
FlowCSV,1569,1570,0.000162113
FlowCSV,1570,1571,0.000119485
FlowCSV,1571,1572,8.14158e-05
FlowCSV,1572,1573,3.2703e-05
FlowCSV,1573,1574,4.07751e-05
FlowCSV,1574,1575,3.99655e-05
FlowCSV,1575,1576,6.23953e-05
FlowCSV,1576,1577,7.22074e-05
FlowCSV,1577,1578,0.00011365
FlowCSV,1578,1579,0.00012481
FlowCSV,1579,1580,0.000149101
FlowCSV,1580,1581,0.000168452
FlowCSV,1581,1582,0.000232107
FlowCSV,1582,1583,0.000238508
FlowCSV,1583,1584,0.000222785
FlowCSV,1584,1585,0.000276399
FlowCSV,1585,1586,0.000362616
FlowCSV,1586,1587,0.000276211
FlowCSV,1587,1588,0.000295084
FlowCSV,1588,1589,0.000301559
FlowCSV,1589,1590,0.000281953
FlowCSV,1590,1591,0.000213656
FlowCSV,1591,1592,0.000151457
FlowCSV,1592,1593,9.26076e-05
FlowCSV,1593,1594,0.00013836
FlowCSV,1594,1595,0.0749406
FlowCSV,1595,1596,0
FlowCSV,1596,1597,0
FlowCSV,1597,1598,1.99455e-08
FlowCSV,1598,1599,0
FlowCSV,1599,1600,0
FlowCSV,1600,1601,8.06045e-08
FlowCSV,1601,1602,8.33035e-08
FlowCSV,1602,1603,0
FlowCSV,1603,1604,0
FlowCSV,1604,1605,5.39472e-09
FlowCSV,1605,1606,6.39593e-08
FlowCSV,1606,1607,0
FlowCSV,1607,1608,0
FlowCSV,1608,1609,7.68274e-08
FlowCSV,1609,1610,1.77808e-08
FlowCSV,1610,1611,0
FlowCSV,1611,1612,0
FlowCSV,1612,1613,1.41271e-08
FlowCSV,1613,1614,0
FlowCSV,1614,1615,0
FlowCSV,1615,1616,0
FlowCSV,1616,1617,4.51795e-09
FlowCSV,1617,1618,3.42851e-08
FlowCSV,1618,1619,1.34067e-05
FlowCSV,1619,1620,0.000264104
FlowCSV,1620,1621,0.000335116
FlowCSV,1621,1622,0.00176319
FlowCSV,1622,1623,0.00114664
FlowCSV,1623,1624,0.00151311
FlowCSV,1624,1625,0.00140712
FlowCSV,1625,1626,0.00209713
FlowCSV,1626,1627,0.00367388
FlowCSV,1627,1628,0.00440673
FlowCSV,1628,1629,0.00276224
FlowCSV,1629,1630,0.00213124
FlowCSV,1630,1631,0.00155617
FlowCSV,1631,1632,0.00124577
FlowCSV,1632,1633,0.00214674
FlowCSV,1633,1634,0.00234659
FlowCSV,1634,1635,0.0027714
FlowCSV,1635,1636,0.00280646
FlowCSV,1636,1637,0.00156149
FlowCSV,1637,1638,0.00226827
FlowCSV,1638,1639,0.00324277
FlowCSV,1639,1640,0.00422157
FlowCSV,1640,1641,0.00546178
FlowCSV,1641,1642,0.00394759
FlowCSV,1642,1643,0.00458899
FlowCSV,1643,1644,0.00805721
FlowCSV,1644,1645,0.00499286
FlowCSV,1645,1646,0.00920578
FlowCSV,1646,1647,0.00571579
FlowCSV,1647,1648,0.00469178
FlowCSV,1648,1649,0.00282791
FlowCSV,1649,1650,0.00183703
FlowCSV,1650,1651,0.00204722
FlowCSV,1651,1652,0.00209286
FlowCSV,1652,1653,0.0555165
FlowCSV,1653,1654,0.000397136
FlowCSV,1654,1655,0.000100056
FlowCSV,1655,1656,0.000503848
FlowCSV,1656,1657,0.000876751
FlowCSV,1657,1658,0.00105767
FlowCSV,1658,1659,0.000982259
FlowCSV,1659,1660,0.000903539
FlowCSV,1660,1661,0.000686983
FlowCSV,1661,1662,0.000318359
FlowCSV,1662,1663,0.000243088
FlowCSV,1663,1664,0.00062937
FlowCSV,1664,1665,0.00090337
FlowCSV,1665,1666,0.00130167
FlowCSV,1666,1667,0.00130788
FlowCSV,1667,1668,0.00133609
FlowCSV,1668,1669,0.00131609
FlowCSV,1669,1670,0.00163007
FlowCSV,1670,1671,0.00153552
FlowCSV,1671,1672,0.00133861
FlowCSV,1672,1673,0.000843311
FlowCSV,1673,1674,0.00058345
FlowCSV,1674,1675,0.00028846
FlowCSV,1675,1676,0.000837813
FlowCSV,1676,1677,0.00112734
FlowCSV,1677,1678,0.0014598
FlowCSV,1678,1679,0.0012803
FlowCSV,1679,1680,0.0012901
FlowCSV,1680,1681,0.00103819
FlowCSV,1681,1682,0.00100848
FlowCSV,1682,1683,0.000843259
FlowCSV,1683,1684,0.000937298
FlowCSV,1684,1685,0.000769973
FlowCSV,1685,1686,0.000141042
FlowCSV,1686,1687,0.000737017
FlowCSV,1687,1688,0.00076238
FlowCSV,1688,1689,0.00306482
FlowCSV,1689,1690,0.00467972
FlowCSV,1690,1691,0.00419688
FlowCSV,1691,1692,0.00374757
FlowCSV,1692,1693,0.00253286
FlowCSV,1693,1694,0.00075658
FlowCSV,1694,1695,0.00217275
FlowCSV,1695,1696,0
FlowCSV,1696,1697,4.71005e-08
FlowCSV,1697,1698,0
FlowCSV,1698,1699,0
FlowCSV,1699,1700,0
FlowCSV,1700,1701,0
FlowCSV,1701,1702,0.000923764
FlowCSV,1702,1703,0.000888528
FlowCSV,1703,1704,0.0488283
FlowCSV,1704,1705,0.00979848
FlowCSV,1705,1706,0.0110259
FlowCSV,1706,1707,0.0201363
FlowCSV,1707,1708,0.00318954
FlowCSV,1708,1709,0.0126225
FlowCSV,1709,1710,0.022299
FlowCSV,1710,1711,0.0025101
FlowCSV,1711,1712,0.00513823
FlowCSV,1712,1713,0.00869662
FlowCSV,1713,1714,0.0183217
FlowCSV,1714,1715,0.000888741
FlowCSV,1715,1716,0.00236881
FlowCSV,1716,1717,0.0060165
FlowCSV,1717,1718,0.0157269
FlowCSV,1718,1719,0.00697373
FlowCSV,1719,1720,0.00396284
FlowCSV,1720,1721,0.0137632
FlowCSV,1721,1722,0.00198638
FlowCSV,1722,1723,0.000412035
FlowCSV,1723,1724,0
FlowCSV,1724,1725,0
FlowCSV,1725,1726,4.30709e-09
FlowCSV,1726,1727,0.000905176
FlowCSV,1727,1728,0.000367349
FlowCSV,1728,1729,0.000653713
FlowCSV,1729,1730,0.000758779
FlowCSV,1730,1731,0.00111137
FlowCSV,1731,1732,0.00107355
FlowCSV,1732,1733,0.00100425
FlowCSV,1733,1734,0.000742191
FlowCSV,1734,1735,0.000689547
FlowCSV,1735,1736,0.000840926
FlowCSV,1736,1737,0.00135725
FlowCSV,1737,1738,0.0027805
FlowCSV,1738,1739,0.00169524
FlowCSV,1739,1740,0.000403984
FlowCSV,1740,1741,0.000493759
FlowCSV,1741,1742,0.00179453
FlowCSV,1742,1743,0
FlowCSV,1743,1744,0.0104083
FlowCSV,1744,1745,0
FlowCSV,1745,1746,0.0278566
FlowCSV,1746,1747,6.57457e-07
FlowCSV,1747,1748,0.00421274
FlowCSV,1748,1749,0
FlowCSV,1749,1750,0.00286936
FlowCSV,1750,1751,0
FlowCSV,1751,1752,0.00323561
FlowCSV,1752,1753,9.20417e-05
FlowCSV,1753,1754,0.00312693
FlowCSV,1754,1755,0.000111623
FlowCSV,1755,1756,0.0146049
FlowCSV,1756,1757,0.000102463
FlowCSV,1757,1758,0.0214138
FlowCSV,1758,1759,9.19688e-05
FlowCSV,1759,1760,0.0143819
FlowCSV,1760,1761,7.41952e-05
FlowCSV,1761,1762,0.00376247
FlowCSV,1762,1763,6.83457e-05
FlowCSV,1763,1764,0.00149321
FlowCSV,1764,1765,6.61942e-05
FlowCSV,1765,1766,0.00706114
FlowCSV,1766,1767,1.84e-05
FlowCSV,1767,1768,0
FlowCSV,1768,1769,0
FlowCSV,1769,1770,1.42721e-06
FlowCSV,1770,1771,0
FlowCSV,1771,1772,0
FlowCSV,1772,1773,0
FlowCSV,1773,1774,0.000330818
FlowCSV,1774,1775,0.000512014
FlowCSV,1775,1776,0.00773132
FlowCSV,1776,1777,0.00273191
FlowCSV,1777,1778,0.00356387
FlowCSV,1778,1779,0.00347013
FlowCSV,1779,1780,0.00302274
FlowCSV,1780,1781,0.00394689
FlowCSV,1781,1782,0.00298219
FlowCSV,1782,1783,0.00516896
FlowCSV,1783,1784,0.0044739
FlowCSV,1784,1785,0.0040172
FlowCSV,1785,1786,0.00364275
FlowCSV,1786,1787,0.00412845
FlowCSV,1787,1788,0.00238993
FlowCSV,1788,1789,0.00251825
FlowCSV,1789,1790,0.00170614
FlowCSV,1790,1791,0.00248465
FlowCSV,1791,1792,0.00272027
FlowCSV,1792,1793,0.00361557
FlowCSV,1793,1794,0.00345357
FlowCSV,1794,1795,0.00327032
FlowCSV,1795,1796,0.00315531
FlowCSV,1796,1797,0.00323124
FlowCSV,1797,1798,0.00232694
FlowCSV,1798,1799,0.00136048
FlowCSV,1799,1800,0.00230735
FlowCSV,1800,1801,0.00202046
FlowCSV,1801,1802,2.61487e-07
FlowCSV,1802,1803,0
FlowCSV,1803,1804,0.00470592
FlowCSV,1804,1805,0.00571291
FlowCSV,1805,1806,0.00937115
FlowCSV,1806,1807,0
FlowCSV,1807,1808,0.00987923
FlowCSV,1808,1809,0.00833469
FlowCSV,1809,1810,0.00694603
FlowCSV,1810,1811,0
FlowCSV,1811,1812,0.0170474
FlowCSV,1812,1813,0.0132804
FlowCSV,1813,1814,0.00701768
FlowCSV,1814,1815,0
FlowCSV,1815,1816,0.00673789
FlowCSV,1816,1817,0.00355661
FlowCSV,1817,1818,0.0104918
FlowCSV,1818,1819,1.80457e-09
FlowCSV,1819,1820,0.00246023
FlowCSV,1820,1821,0.00310898
FlowCSV,1821,1822,0.00251998
FlowCSV,1822,1823,6.41866e-05
FlowCSV,1823,1824,0.0027238
FlowCSV,1824,1825,0.0026087
FlowCSV,1825,1826,0.00356643
FlowCSV,1826,1827,3.53059e-05
FlowCSV,1827,1828,0.00145713
FlowCSV,1828,1829,0.00212132
FlowCSV,1829,1830,0.00115971
FlowCSV,1830,1831,3.89279e-05
FlowCSV,1831,1832,0.00095744
FlowCSV,1832,1833,0.00132241
FlowCSV,1833,1834,2.64801e-07
FlowCSV,1834,1835,5.80067e-08
FlowCSV,1835,1836,0
FlowCSV,1836,1837,5.45078e-08
FlowCSV,1837,1838,2.27424e-08
FlowCSV,1838,1839,0
FlowCSV,1839,1840,0.000194496
FlowCSV,1840,1841,0.000524324
FlowCSV,1841,1842,0.000174565
FlowCSV,1842,1843,5.32996e-05
FlowCSV,1843,1844,0.000509835
FlowCSV,1844,1845,0.00105986
FlowCSV,1845,1846,0.00205793
FlowCSV,1846,1847,0.0029354
FlowCSV,1847,1848,0.00276235
FlowCSV,1848,1849,0.00606064
FlowCSV,1849,1850,0.00424721
FlowCSV,1850,1851,0.00478325
FlowCSV,1851,1852,0.00413241
FlowCSV,1852,1853,0.00493842
FlowCSV,1853,1854,0.00592444
FlowCSV,1854,1855,0.00737268
FlowCSV,1855,1856,0.00391546
FlowCSV,1856,1857,0.00350288
FlowCSV,1857,1858,0.00311909
FlowCSV,1858,1859,0.00297348
FlowCSV,1859,1860,0.00291218
FlowCSV,1860,1861,0.00249915
FlowCSV,1861,1862,0.00306105
FlowCSV,1862,1863,0.00194605
FlowCSV,1863,1864,0.00197901
FlowCSV,1864,1865,0.0019472
FlowCSV,1865,1866,0.000332569
FlowCSV,1866,1867,0.00031615
FlowCSV,1867,1868,1.90572e-05
FlowCSV,1868,1869,6.15839e-06
FlowCSV,1869,1870,0.000123133
FlowCSV,1870,1871,0.000556557
FlowCSV,1871,1872,0.000377333
FlowCSV,1872,1873,0.000329484
FlowCSV,1873,1874,0
FlowCSV,1874,1875,5.8364e-05
FlowCSV,1875,1876,3.8924e-05
FlowCSV,1876,1877,0
FlowCSV,1877,1878,0
FlowCSV,1878,1879,0
FlowCSV,1879,1880,0
FlowCSV,1880,1881,0
FlowCSV,1881,1882,1.08772e-06
FlowCSV,1882,1883,5.38861e-05
FlowCSV,1883,1884,2.2842e-05
FlowCSV,1884,1885,3.23872e-05
FlowCSV,1885,1886,0.000210251
FlowCSV,1886,1887,0.000922404
FlowCSV,1887,1888,0.000125944
FlowCSV,1888,1889,0.000166362
FlowCSV,1889,1890,0.000907693
FlowCSV,1890,1891,0.000118734
FlowCSV,1891,1892,0.00024474
FlowCSV,1892,1893,0.000543915
FlowCSV,1893,1894,0.00127817
FlowCSV,1894,1895,0.000722523
FlowCSV,1895,1896,0.000478184
FlowCSV,1896,1897,0.000740383
FlowCSV,1897,1898,0.00322751
FlowCSV,1898,1899,0.00137501
FlowCSV,1899,1900,0.00318479
FlowCSV,1900,1901,0.000749738
FlowCSV,1901,1902,0.00106884
FlowCSV,1902,1903,0.0033845
FlowCSV,1903,1904,0.0013468
FlowCSV,1904,1905,0.00218308
FlowCSV,1905,1906,0.00224879
FlowCSV,1906,1907,0.00291195
FlowCSV,1907,1908,0.000481618
FlowCSV,1908,1909,0.0456593
FlowCSV,1909,1910,0
FlowCSV,1910,1911,0
FlowCSV,1911,1912,5.74248e-06
FlowCSV,1912,1913,0.000577017
FlowCSV,1913,1914,0.000263857
FlowCSV,1914,1915,0.000212485
FlowCSV,1915,1916,0.000133042
FlowCSV,1916,1917,0.000180277
FlowCSV,1917,1918,0.000179334
FlowCSV,1918,1919,0.000212816
FlowCSV,1919,1920,0.000246252
FlowCSV,1920,1921,0.000239833
FlowCSV,1921,1922,0.000271937
FlowCSV,1922,1923,0.000256523
FlowCSV,1923,1924,0.000223399
FlowCSV,1924,1925,0.000219322
FlowCSV,1925,1926,0.000202438
FlowCSV,1926,1927,0.000194589
FlowCSV,1927,1928,0.000200346
FlowCSV,1928,1929,0.000247317
FlowCSV,1929,1930,0.000305041
FlowCSV,1930,1931,0.000231716
FlowCSV,1931,1932,0.000285789
FlowCSV,1932,1933,0.000205361
FlowCSV,1933,1934,0.000179987
FlowCSV,1934,1935,0.000142318
FlowCSV,1935,1936,0.000167477
FlowCSV,1936,1937,0.000181663
FlowCSV,1937,1938,0.0557896
FlowCSV,1938,1939,0.000433767
FlowCSV,1939,1940,0.000351002
FlowCSV,1940,1941,0.000312386
FlowCSV,1941,1942,0.000259575
FlowCSV,1942,1943,0.000313342
FlowCSV,1943,1944,0.000262771
FlowCSV,1944,1945,0.000448347
FlowCSV,1945,1946,0.000374072
FlowCSV,1946,1947,0.000322784
FlowCSV,1947,1948,0.000415368
FlowCSV,1948,1949,0.0657468
FlowCSV,1949,1950,0.000315307
FlowCSV,1950,1951,0.00024096
FlowCSV,1951,1952,0.000317518
FlowCSV,1952,1953,0.00048304
FlowCSV,1953,1954,0.000542846
FlowCSV,1954,1955,0.000391929
FlowCSV,1955,1956,0.000437689
FlowCSV,1956,1957,0.000633265
FlowCSV,1957,1958,0.000996829
FlowCSV,1958,1959,0.000691335
FlowCSV,1959,1960,0.000389467
FlowCSV,1960,1961,0.00498375
FlowCSV,1961,1962,0.0135773
FlowCSV,1962,1963,0.00577773
FlowCSV,1963,1964,0.00347457
FlowCSV,1964,1965,0.00967411
FlowCSV,1965,1966,0.00341754
FlowCSV,1966,1967,0
FlowCSV,1967,1968,1.07273e-07
FlowCSV,1968,1969,1.34395e-07
FlowCSV,1969,1970,8.12454e-05
FlowCSV,1970,1971,0.000346256
FlowCSV,1971,1972,6.14428e-05
FlowCSV,1972,1973,0.000174136
FlowCSV,1973,1974,0.00117578
FlowCSV,1974,1975,0.00102995
FlowCSV,1975,1976,0.0014212
FlowCSV,1976,1977,0.000255138
FlowCSV,1977,1978,0.000842652
FlowCSV,1978,1979,0.000739147
FlowCSV,1979,1980,0.000793169
FlowCSV,1980,1981,0.00115949
FlowCSV,1981,1982,0.000931397
FlowCSV,1982,1983,0.00306983
FlowCSV,1983,1984,0.00367459
FlowCSV,1984,1985,0.0464498
FlowCSV,1985,1986,0.0067451
FlowCSV,1986,1987,0.00452307
FlowCSV,1987,1988,0.00351352
FlowCSV,1988,1989,0.00481416
FlowCSV,1989,1990,0.00629187
FlowCSV,1990,1991,0.00643912
FlowCSV,1991,1992,0.00596954
FlowCSV,1992,1993,0.00571693
FlowCSV,1993,1994,0.00572672
FlowCSV,1994,1995,0.00523742
FlowCSV,1995,1996,0.00380571
FlowCSV,1996,1997,0.00363272
FlowCSV,1997,1998,0.00378271
FlowCSV,1998,1999,0.00477902
FlowCSV,1999,2000,0.00440159
FlowCSV,2000,2001,0.00548855
FlowCSV,2001,2002,0.00742532
FlowCSV,2002,2003,0.00821902
FlowCSV,2003,2004,0.00801857
FlowCSV,2004,2005,0.00661266
FlowCSV,2005,2006,0.00440351
FlowCSV,2006,2007,0.00346007
FlowCSV,2007,2008,0.00402461
FlowCSV,2008,2009,0.00405338
FlowCSV,2009,2010,0.00539254
FlowCSV,2010,2011,0.00499037
FlowCSV,2011,2012,0.00356314
FlowCSV,2012,2013,0.00421184
FlowCSV,2013,2014,0.00323063
FlowCSV,2014,2015,0.00268207
FlowCSV,2015,2016,0.0020852
FlowCSV,2016,2017,0.00199722
FlowCSV,2017,2018,0.00310407
FlowCSV,2018,2019,0.00392273
FlowCSV,2019,2020,0.125293
FlowCSV,2020,2021,2.3328e-05
FlowCSV,2021,2022,2.31827e-05
FlowCSV,2022,2023,2.33585e-05
FlowCSV,2023,2024,2.36301e-05
FlowCSV,2024,2025,2.27691e-05
FlowCSV,2025,2026,2.33127e-05
FlowCSV,2026,2027,2.41868e-05
FlowCSV,2027,2028,2.34962e-05
FlowCSV,2028,2029,2.45437e-05
FlowCSV,2029,2030,2.30341e-05
FlowCSV,2030,2031,2.31367e-05
FlowCSV,2031,2032,2.39176e-05
FlowCSV,2032,2033,2.36938e-05
FlowCSV,2033,2034,2.51861e-05
FlowCSV,2034,2035,2.42515e-05
FlowCSV,2035,2036,2.22219e-05
FlowCSV,2036,2037,2.36189e-05
FlowCSV,2037,2038,2.35952e-05
FlowCSV,2038,2039,2.20427e-05
FlowCSV,2039,2040,2.23659e-05
FlowCSV,2040,2041,2.40988e-05
FlowCSV,2041,2042,2.50173e-05
FlowCSV,2042,2043,2.27386e-05
FlowCSV,2043,2044,2.26151e-05
FlowCSV,2044,2045,2.19406e-05
FlowCSV,2045,2046,2.20397e-05
FlowCSV,2046,2047,2.3204e-05
FlowCSV,2047,2048,2.1118e-05
FlowCSV,2048,2049,2.32277e-05
FlowCSV,2049,2050,2.15147e-05
FlowCSV,2050,2051,2.33655e-05
FlowCSV,2051,2052,2.31541e-05
FlowCSV,2052,2053,2.07233e-05
FlowCSV,2053,2054,2.13133e-05
FlowCSV,2054,2055,2.22691e-05
FlowCSV,2055,2056,2.13294e-05
FlowCSV,2056,2057,2.28027e-05
FlowCSV,2057,2058,2.10422e-05
FlowCSV,2058,2059,2.46318e-05
FlowCSV,2059,2060,2.64853e-05
FlowCSV,2060,2061,3.00637e-05
FlowCSV,2061,2062,3.39923e-05
FlowCSV,2062,2063,4.95912e-05
FlowCSV,2063,2064,8.8667e-05
FlowCSV,2064,2065,0.000268247
FlowCSV,2065,2066,0
FlowCSV,2066,2067,3.25703e-07
FlowCSV,2067,2068,0
FlowCSV,2068,2069,1.50343e-07
FlowCSV,2069,2070,1.32953e-07
FlowCSV,2070,2071,7.27134e-08
FlowCSV,2071,2072,1.11964e-07
FlowCSV,2072,2073,9.86851e-05
FlowCSV,2073,2074,0
FlowCSV,2074,2075,0
FlowCSV,2075,2076,0
FlowCSV,2076,2077,0
FlowCSV,2077,2078,3.8306e-05
FlowCSV,2078,2079,0.000129463
FlowCSV,2079,2080,0
FlowCSV,2080,2081,0.00120509
FlowCSV,2081,2082,0.00329374
FlowCSV,2082,2083,0.000986009
FlowCSV,2083,2084,6.32233e-05
FlowCSV,2084,2085,0.000798764
FlowCSV,2085,2086,0.000419164
FlowCSV,2086,2087,0.00675756
FlowCSV,2087,2088,0.00197773
FlowCSV,2088,2089,0.0105856
FlowCSV,2089,2090,0.00554027
FlowCSV,2090,2091,0.00555659
FlowCSV,2091,2092,0.00059911
FlowCSV,2092,2093,0.00144674
FlowCSV,2093,2094,0.000146561
FlowCSV,2094,2095,0.00433407
FlowCSV,2095,2096,0.00137969
FlowCSV,2096,2097,0.00339162
FlowCSV,2097,2098,0.00313829
FlowCSV,2098,2099,0.00589868
FlowCSV,2099,2100,0.00622747
FlowCSV,2100,2101,0.00622979
FlowCSV,2101,2102,0.00897523
FlowCSV,2102,2103,0.00779645
FlowCSV,2103,2104,0.00913411
FlowCSV,2104,2105,0.00428749
FlowCSV,2105,2106,0.00326556
FlowCSV,2106,2107,0.00245244
FlowCSV,2107,2108,0.0026658
FlowCSV,2108,2109,0.00307997
FlowCSV,2109,2110,0.00347747
FlowCSV,2110,2111,0.00180507
FlowCSV,2111,2112,0.00233316
FlowCSV,2112,2113,0.00149348
FlowCSV,2113,2114,0.00182167
FlowCSV,2114,2115,0.00116901
FlowCSV,2115,2116,0.00143272
FlowCSV,2116,2117,0.000760869
FlowCSV,2117,2118,0.00158893
FlowCSV,2118,2119,0.000836196
FlowCSV,2119,2120,0.00170774
FlowCSV,2120,2121,0.000887361
FlowCSV,2121,2122,0.00182281
FlowCSV,2122,2123,0.000933906
FlowCSV,2123,2124,0.0019155
FlowCSV,2124,2125,0.000974157
FlowCSV,2125,2126,0.00197909
FlowCSV,2126,2127,0.00101686
FlowCSV,2127,2128,0.00206585
FlowCSV,2128,2129,0.00111285
FlowCSV,2129,2130,0.00216237
FlowCSV,2130,2131,0.00115835
FlowCSV,2131,2132,0.00223433
FlowCSV,2132,2133,0.00125958
FlowCSV,2133,2134,0.00236968
FlowCSV,2134,2135,0.00199157
FlowCSV,2135,2136,0.00300363
FlowCSV,2136,2137,0.00236664
FlowCSV,2137,2138,0.000367262
FlowCSV,2138,2139,0
FlowCSV,2139,2140,1.48403e-07
FlowCSV,2140,2141,0
FlowCSV,2141,2142,2.42371e-09
FlowCSV,2142,2143,0
FlowCSV,2143,2144,0
FlowCSV,2144,2145,3.95196e-05
FlowCSV,2145,2146,0.000126219
FlowCSV,2146,2147,3.59973e-05
FlowCSV,2147,2148,0.0100694
FlowCSV,2148,2149,0.00212381
FlowCSV,2149,2150,9.64753e-05
FlowCSV,2150,2151,0.00556335
FlowCSV,2151,2152,0.00731066
FlowCSV,2152,2153,0.00989072
FlowCSV,2153,2154,0.000144217
FlowCSV,2154,2155,0.00641745
FlowCSV,2155,2156,0.00506341
FlowCSV,2156,2157,8.76491e-05
FlowCSV,2157,2158,0.00419989
FlowCSV,2158,2159,0.00695126
FlowCSV,2159,2160,1.04995e-07
FlowCSV,2160,2161,0.00613465
FlowCSV,2161,2162,0.00546793
FlowCSV,2162,2163,0.00400693
FlowCSV,2163,2164,8.34234e-11
FlowCSV,2164,2165,0.003625
FlowCSV,2165,2166,0.00446064
FlowCSV,2166,2167,3.33694e-10
FlowCSV,2167,2168,0.00275793
FlowCSV,2168,2169,0.00827683
FlowCSV,2169,2170,0
FlowCSV,2170,2171,0.0137671
FlowCSV,2171,2172,0.00947917
FlowCSV,2172,2173,0.00535211
FlowCSV,2173,2174,1.38559e-10
FlowCSV,2174,2175,0.0075994
FlowCSV,2175,2176,0.0538649
FlowCSV,2176,2177,0.0055973
FlowCSV,2177,2178,0.0122904
FlowCSV,2178,2179,0.0154114
FlowCSV,2179,2180,0.0188306
FlowCSV,2180,2181,0.0123924
FlowCSV,2181,2182,0.0127305
FlowCSV,2182,2183,0.0288249
FlowCSV,2183,2184,0.0160251
FlowCSV,2184,2185,0.0120813
FlowCSV,2185,2186,0.0156389
FlowCSV,2186,2187,0.0128302
FlowCSV,2187,2188,0.0368812
FlowCSV,2188,2189,0.0416627
FlowCSV,2189,2190,0.00863883
FlowCSV,2190,2191,0.0132029
FlowCSV,2191,2192,0.0372174
FlowCSV,2192,2193,0.0116603
FlowCSV,2193,2194,0.0104582
FlowCSV,2194,2195,4.46839e-10
FlowCSV,2195,2196,0.0128849
FlowCSV,2196,2197,0.0125627
FlowCSV,2197,2198,0.012815
FlowCSV,2198,2199,3.09827e-11
FlowCSV,2199,2200,0.0184945
FlowCSV,2200,2201,0.0149918
FlowCSV,2201,2202,0.017931
FlowCSV,2202,2203,0.0160812
FlowCSV,2203,2204,2.54462e-09
FlowCSV,2204,2205,0.0148563
FlowCSV,2205,2206,0.0121691
FlowCSV,2206,2207,0.0124718
FlowCSV,2207,2208,0.00929041
FlowCSV,2208,2209,0.00913422
FlowCSV,2209,2210,3.41568e-08
FlowCSV,2210,2211,0.00733588
FlowCSV,2211,2212,0.00741554
FlowCSV,2212,2213,4.86193e-09
FlowCSV,2213,2214,0.0119306
FlowCSV,2214,2215,0.00735475
FlowCSV,2215,2216,0
FlowCSV,2216,2217,0.00764536
FlowCSV,2217,2218,0.0107921
FlowCSV,2218,2219,0.000167974
FlowCSV,2219,2220,0.0101999
FlowCSV,2220,2221,0.0111277
FlowCSV,2221,2222,0.000256942
FlowCSV,2222,2223,0.00999886
FlowCSV,2223,2224,0.0103663
FlowCSV,2224,2225,0.000426339
FlowCSV,2225,2226,0.00995012
FlowCSV,2226,2227,0.00937345
FlowCSV,2227,2228,0.00289348
FlowCSV,2228,2229,9.82942e-08
FlowCSV,2229,2230,1.01423e-07
FlowCSV,2230,2231,8.06941e-08
FlowCSV,2231,2232,0
FlowCSV,2232,2233,0.00113505
FlowCSV,2233,2234,0.0032131
FlowCSV,2234,2235,0.00377088
FlowCSV,2235,2236,0.00404886
FlowCSV,2236,2237,0.00477355
FlowCSV,2237,2238,0.00434265
FlowCSV,2238,2239,0.00429397
FlowCSV,2239,2240,0.00447414
FlowCSV,2240,2241,0.004284
FlowCSV,2241,2242,0.00419049
FlowCSV,2242,2243,0.00345853
FlowCSV,2243,2244,0.00345872
FlowCSV,2244,2245,0.00357451
FlowCSV,2245,2246,0.00293795
FlowCSV,2246,2247,0.00283986
FlowCSV,2247,2248,0.00258267
FlowCSV,2248,2249,0.00275246
FlowCSV,2249,2250,0.00288775
FlowCSV,2250,2251,0.00343398
FlowCSV,2251,2252,0.0036056
FlowCSV,2252,2253,0.00312831
FlowCSV,2253,2254,0.00230708
FlowCSV,2254,2255,0.00261783
FlowCSV,2255,2256,0.00173073
FlowCSV,2256,2257,0.00275489
FlowCSV,2257,2258,0.00327863
FlowCSV,2258,2259,0.0056556
FlowCSV,2259,2260,0.00526322
FlowCSV,2260,2261,0.00602283
FlowCSV,2261,2262,0.00483223
FlowCSV,2262,2263,0.00358855
FlowCSV,2263,2264,0.00417409
FlowCSV,2264,2265,0.00407731
FlowCSV,2265,2266,0.00483413
FlowCSV,2266,2267,0.00587959
FlowCSV,2267,2268,0.00407462
FlowCSV,2268,2269,0.00266052
FlowCSV,2269,2270,0.0064902
FlowCSV,2270,2271,0.00185563
FlowCSV,2271,2272,0.00191022
FlowCSV,2272,2273,0.00325349
FlowCSV,2273,2274,0.00400856
FlowCSV,2274,2275,0.00195391
FlowCSV,2275,2276,0.0019928
FlowCSV,2276,2277,0.00240856
FlowCSV,2277,2278,0.00145784
FlowCSV,2278,2279,0.00267243
FlowCSV,2279,2280,0.00367103
FlowCSV,2280,2281,0.00117319
FlowCSV,2281,2282,0.00163232
FlowCSV,2282,2283,0.00432463
FlowCSV,2283,2284,0.00283102
FlowCSV,2284,2285,0.00158018
FlowCSV,2285,2286,0.00386839
FlowCSV,2286,2287,0.0026077
FlowCSV,2287,2288,0.0510052
FlowCSV,2288,2289,0.0123373
FlowCSV,2289,2290,0.00664947
FlowCSV,2290,2291,0.00748633
FlowCSV,2291,2292,0.0198058
FlowCSV,2292,2293,0.0116248
FlowCSV,2293,2294,0.00809454
FlowCSV,2294,2295,0.0219673
FlowCSV,2295,2296,0.0226814
FlowCSV,2296,2297,0.0120897
FlowCSV,2297,2298,0.0105155
FlowCSV,2298,2299,0.0127656
FlowCSV,2299,2300,0.0115229
FlowCSV,2300,2301,0.0078687
FlowCSV,2301,2302,0.0100471
FlowCSV,2302,2303,0.00869532
FlowCSV,2303,2304,0.0840069
FlowCSV,2304,2305,0.0454771
FlowCSV,2305,2306,0.0304317
FlowCSV,2306,2307,0.0164597
FlowCSV,2307,2308,0.0153681
FlowCSV,2308,2309,0.00616583
FlowCSV,2309,2310,2.781e-07
FlowCSV,2310,2311,0.00158415
FlowCSV,2311,2312,2.35081e-08
FlowCSV,2312,2313,0
FlowCSV,2313,2314,1.5905e-07
FlowCSV,2314,2315,0
FlowCSV,2315,2316,0
FlowCSV,2316,2317,0
FlowCSV,2317,2318,0
FlowCSV,2318,2319,0
FlowCSV,2319,2320,0
FlowCSV,2320,2321,3.99478e-08
FlowCSV,2321,2322,5.86967e-08
FlowCSV,2322,2323,2.00953e-08
FlowCSV,2323,2324,0
FlowCSV,2324,2325,2.00235e-08
FlowCSV,2325,2326,5.2032e-08
FlowCSV,2326,2327,2.79367e-08
FlowCSV,2327,2328,0
FlowCSV,2328,2329,0.000528423
FlowCSV,2329,2330,3.24054e-07
FlowCSV,2330,2331,0
FlowCSV,2331,2332,0.000130417
FlowCSV,2332,2333,0.000570373
FlowCSV,2333,2334,0.00126156
FlowCSV,2334,2335,0.00217979
FlowCSV,2335,2336,0.00266523
FlowCSV,2336,2337,0.00248086
FlowCSV,2337,2338,0.00365423
FlowCSV,2338,2339,0.0033913
FlowCSV,2339,2340,0.00419951
FlowCSV,2340,2341,0.00478441
FlowCSV,2341,2342,0.00477353
FlowCSV,2342,2343,0.00574252
FlowCSV,2343,2344,0.00431343
FlowCSV,2344,2345,0.00539468
FlowCSV,2345,2346,0.00642404
FlowCSV,2346,2347,0.00718208
FlowCSV,2347,2348,0.00608139
FlowCSV,2348,2349,0.00674314
FlowCSV,2349,2350,0.00625848
FlowCSV,2350,2351,0.00531559
FlowCSV,2351,2352,0.00331693
FlowCSV,2352,2353,0.00269517
FlowCSV,2353,2354,0.00239197
FlowCSV,2354,2355,0.00240649
FlowCSV,2355,2356,0.00226695
FlowCSV,2356,2357,0.00248103
FlowCSV,2357,2358,0.00243537
FlowCSV,2358,2359,0.0027597
FlowCSV,2359,2360,0.00309092
FlowCSV,2360,2361,0.00302693
FlowCSV,2361,2362,0.00293131
FlowCSV,2362,2363,0.00252796
FlowCSV,2363,2364,0.00169089
FlowCSV,2364,2365,0.00068328
FlowCSV,2365,2366,0.000359548
FlowCSV,2366,2367,0.000165677
FlowCSV,2367,2368,4.90045e-05
FlowCSV,2368,2369,7.5638e-08
FlowCSV,2369,2370,4.4785e-08
FlowCSV,2370,2371,0
FlowCSV,2371,2372,4.14424e-08
FlowCSV,2372,2373,1.87362e-05
FlowCSV,2373,2374,1.99483e-05
FlowCSV,2374,2375,1.86342e-05
FlowCSV,2375,2376,2.14516e-05
FlowCSV,2376,2377,2.1876e-05
FlowCSV,2377,2378,1.99991e-05
FlowCSV,2378,2379,1.9631e-05
FlowCSV,2379,2380,1.87601e-05
FlowCSV,2380,2381,2.02267e-05
FlowCSV,2381,2382,1.90671e-05
FlowCSV,2382,2383,1.95604e-05
FlowCSV,2383,2384,2.06536e-05
FlowCSV,2384,2385,1.86746e-05
FlowCSV,2385,2386,2.00762e-05
FlowCSV,2386,2387,2.0485e-05
FlowCSV,2387,2388,1.91959e-05
FlowCSV,2388,2389,1.9416e-05
FlowCSV,2389,2390,1.80694e-05
FlowCSV,2390,2391,2.03674e-05
FlowCSV,2391,2392,1.88998e-05
FlowCSV,2392,2393,1.95172e-05
FlowCSV,2393,2394,2.00084e-05
FlowCSV,2394,2395,2.0162e-05
FlowCSV,2395,2396,2.17564e-05
FlowCSV,2396,2397,7.4515e-05
FlowCSV,2397,2398,0.000192603
FlowCSV,2398,2399,0.000217648
FlowCSV,2399,2400,0.000877195
FlowCSV,2400,2401,0.000909172
FlowCSV,2401,2402,0.00171019
FlowCSV,2402,2403,0.00990082
FlowCSV,2403,2404,0.0216372
FlowCSV,2404,2405,0.0030261
FlowCSV,2405,2406,0.00146756
FlowCSV,2406,2407,0.00733697
FlowCSV,2407,2408,0.0113996
FlowCSV,2408,2409,0.0022738
FlowCSV,2409,2410,0.00250561
FlowCSV,2410,2411,0.00347593
FlowCSV,2411,2412,0.00360931
FlowCSV,2412,2413,0.00220546
FlowCSV,2413,2414,0.00239422
FlowCSV,2414,2415,0.00273209
FlowCSV,2415,2416,0.00252149
FlowCSV,2416,2417,0.00130663
FlowCSV,2417,2418,0.00238972
FlowCSV,2418,2419,0.00187465
FlowCSV,2419,2420,0.000513685
FlowCSV,2420,2421,0.00156813
FlowCSV,2421,2422,0.000278086
FlowCSV,2422,2423,0.00568573
FlowCSV,2423,2424,0.00574784
FlowCSV,2424,2425,0.00258422
FlowCSV,2425,2426,0.00111115
FlowCSV,2426,2427,0.00630274
FlowCSV,2427,2428,0.000533371
FlowCSV,2428,2429,0.000476516
FlowCSV,2429,2430,0.000815135
FlowCSV,2430,2431,0.00862934
FlowCSV,2431,2432,0.0171777
FlowCSV,2432,2433,0.000103211
FlowCSV,2433,2434,0.00116664
FlowCSV,2434,2435,0.0096203
FlowCSV,2435,2436,0.00542181
FlowCSV,2436,2437,0.0118017
FlowCSV,2437,2438,0.0146556
FlowCSV,2438,2439,0.015312
FlowCSV,2439,2440,0.00414088
FlowCSV,2440,2441,0.00100936
FlowCSV,2441,2442,0.00133545
FlowCSV,2442,2443,0.00104067
FlowCSV,2443,2444,0.00328479
FlowCSV,2444,2445,0.0746004
FlowCSV,2445,2446,0.00042418
FlowCSV,2446,2447,0.000497471
FlowCSV,2447,2448,0.0385228
FlowCSV,2448,2449,3.73698e-05
FlowCSV,2449,2450,3.45957e-05
FlowCSV,2450,2451,0.00166317
FlowCSV,2451,2452,0.00668761
FlowCSV,2452,2453,0.0121468
FlowCSV,2453,2454,0.00983645
FlowCSV,2454,2455,0.0062552
FlowCSV,2455,2456,6.77955e-08
FlowCSV,2456,2457,0.000429627
FlowCSV,2457,2458,0.000636855
FlowCSV,2458,2459,0.0478759
FlowCSV,2459,2460,0.0446111
FlowCSV,2460,2461,3.15155e-08
FlowCSV,2461,2462,0
FlowCSV,2462,2463,0.0211171
FlowCSV,2463,2464,0.00211571
FlowCSV,2464,2465,0.0148201
FlowCSV,2465,2466,0.0464578
FlowCSV,2466,2467,0
FlowCSV,2467,2468,5.66359e-08
FlowCSV,2468,2469,0.038349
FlowCSV,2469,2470,0.000844701
FlowCSV,2470,2471,0.00691655
FlowCSV,2471,2472,0.066732
FlowCSV,2472,2473,0.00330468
FlowCSV,2473,2474,0.00122929
FlowCSV,2474,2475,0.00239157
FlowCSV,2475,2476,0.00448369
FlowCSV,2476,2477,0.00228432
FlowCSV,2477,2478,0.00460245
FlowCSV,2478,2479,0.00105724
FlowCSV,2479,2480,0.04572
FlowCSV,2480,2481,0.00280126
FlowCSV,2481,2482,0.000420286
FlowCSV,2482,2483,0.0319045
FlowCSV,2483,2484,0.0019507
FlowCSV,2484,2485,0.000219678
FlowCSV,2485,2486,1.02713e-07
FlowCSV,2486,2487,2.50577e-05
FlowCSV,2487,2488,2.54705e-05
FlowCSV,2488,2489,2.36524e-05
FlowCSV,2489,2490,2.60029e-05
FlowCSV,2490,2491,2.33881e-05
FlowCSV,2491,2492,2.23863e-05
FlowCSV,2492,2493,2.29416e-05
FlowCSV,2493,2494,2.46448e-05
FlowCSV,2494,2495,2.26909e-05
FlowCSV,2495,2496,2.38901e-05
FlowCSV,2496,2497,2.33139e-05
FlowCSV,2497,2498,2.41922e-05
FlowCSV,2498,2499,2.47156e-05
FlowCSV,2499,2500,2.69536e-05
FlowCSV,2500,2501,2.17869e-05
FlowCSV,2501,2502,2.16411e-05
FlowCSV,2502,2503,2.35909e-05
FlowCSV,2503,2504,2.08816e-05
FlowCSV,2504,2505,2.24705e-05
FlowCSV,2505,2506,2.60597e-05
FlowCSV,2506,2507,2.3156e-05
FlowCSV,2507,2508,2.49957e-05
FlowCSV,2508,2509,2.31695e-05
FlowCSV,2509,2510,2.5968e-05
FlowCSV,2510,2511,2.50056e-05
FlowCSV,2511,2512,2.60428e-05
FlowCSV,2512,2513,2.47008e-05
FlowCSV,2513,2514,0.000761972
FlowCSV,2514,2515,0.000412711
FlowCSV,2515,2516,0.00175622
FlowCSV,2516,2517,0.00144006
FlowCSV,2517,2518,0.0105342
FlowCSV,2518,2519,0.00432528
FlowCSV,2519,2520,0.0101907
FlowCSV,2520,2521,0.00916266
FlowCSV,2521,2522,0.0189475
FlowCSV,2522,2523,0.0224204
FlowCSV,2523,2524,0
FlowCSV,2524,2525,0.000460452
FlowCSV,2525,2526,0
FlowCSV,2526,2527,0.000293156
FlowCSV,2527,2528,0
FlowCSV,2528,2529,0.000128229
FlowCSV,2529,2530,2.90264e-07
FlowCSV,2530,2531,1.81428e-07
FlowCSV,2531,2532,0.000233141
FlowCSV,2532,2533,0
FlowCSV,2533,2534,0.000197013
FlowCSV,2534,2535,3.01011e-09
FlowCSV,2535,2536,0.000147751
FlowCSV,2536,2537,7.42415e-08
FlowCSV,2537,2538,0.000192156
FlowCSV,2538,2539,0
FlowCSV,2539,2540,0
FlowCSV,2540,2541,0.00121502
FlowCSV,2541,2542,0
FlowCSV,2542,2543,0.000192356
FlowCSV,2543,2544,0
FlowCSV,2544,2545,0.000213561
FlowCSV,2545,2546,2.17935e-05
FlowCSV,2546,2547,0.000278233
FlowCSV,2547,2548,7.99289e-05
FlowCSV,2548,2549,0.000323432
FlowCSV,2549,2550,0
FlowCSV,2550,2551,0.00274041
FlowCSV,2551,2552,0
FlowCSV,2552,2553,1.38589e-07
FlowCSV,2553,2554,0
FlowCSV,2554,2555,0
FlowCSV,2555,2556,0
FlowCSV,2556,2557,4.76458e-06
FlowCSV,2557,2558,1.25092e-05
FlowCSV,2558,2559,0.000161978
FlowCSV,2559,2560,0.000179059
FlowCSV,2560,2561,0.00022223
FlowCSV,2561,2562,0.00126456
FlowCSV,2562,2563,0.00150676
FlowCSV,2563,2564,0.000234135
FlowCSV,2564,2565,0.00068279
FlowCSV,2565,2566,0.00125753
FlowCSV,2566,2567,0.000362947
FlowCSV,2567,2568,0.000274245
FlowCSV,2568,2569,0.00229082
FlowCSV,2569,2570,0.000958002
FlowCSV,2570,2571,0.00201428
FlowCSV,2571,2572,0.000400522
FlowCSV,2572,2573,0.00286506
FlowCSV,2573,2574,0.000689571
FlowCSV,2574,2575,0.000193337
FlowCSV,2575,2576,0.00147344
FlowCSV,2576,2577,0.000117168
FlowCSV,2577,2578,0.000167973
FlowCSV,2578,2579,0.000154455
FlowCSV,2579,2580,0.000708997
FlowCSV,2580,2581,0.00106073
FlowCSV,2581,2582,0.0581072
FlowCSV,2582,2583,0.000453301
FlowCSV,2583,2584,0.000439985
FlowCSV,2584,2585,0.0118887
FlowCSV,2585,2586,0.000952413
FlowCSV,2586,2587,0.000926373
FlowCSV,2587,2588,0.000721688
FlowCSV,2588,2589,0.000795837
FlowCSV,2589,2590,0.000711875
FlowCSV,2590,2591,0.000601202
FlowCSV,2591,2592,0.000766149
FlowCSV,2592,2593,0.000627586
FlowCSV,2593,2594,0.000592138
FlowCSV,2594,2595,0.00059368
FlowCSV,2595,2596,0.000412958
FlowCSV,2596,2597,0.000340709
FlowCSV,2597,2598,0.000257585
FlowCSV,2598,2599,0.000203589
FlowCSV,2599,2600,0.000233295
FlowCSV,2600,2601,0.000282045
FlowCSV,2601,2602,0.0628341
FlowCSV,2602,2603,0.00023227
FlowCSV,2603,2604,0.00029332
FlowCSV,2604,2605,0.000316137
FlowCSV,2605,2606,0.00113982
FlowCSV,2606,2607,0.000260778
FlowCSV,2607,2608,0.000499598
FlowCSV,2608,2609,0.000652453
FlowCSV,2609,2610,0.000613951
FlowCSV,2610,2611,0.00132561
FlowCSV,2611,2612,0.00159427
FlowCSV,2612,2613,0.00213637
FlowCSV,2613,2614,0.00254485
FlowCSV,2614,2615,0.00321466
FlowCSV,2615,2616,0.000704055
FlowCSV,2616,2617,0.000557982
FlowCSV,2617,2618,0.000285151
FlowCSV,2618,2619,0.000397069
FlowCSV,2619,2620,0.0272836
FlowCSV,2620,2621,0.00167849
FlowCSV,2621,2622,0.00228093
FlowCSV,2622,2623,0.00234013
FlowCSV,2623,2624,0.00197616
FlowCSV,2624,2625,0.0014466
FlowCSV,2625,2626,0.00120535
FlowCSV,2626,2627,0.00152702
FlowCSV,2627,2628,0.00159429
FlowCSV,2628,2629,0.00172055
FlowCSV,2629,2630,0.00142945
FlowCSV,2630,2631,0.00131016
FlowCSV,2631,2632,0.00119669
FlowCSV,2632,2633,0.0013899
FlowCSV,2633,2634,0.00138547
FlowCSV,2634,2635,0.0015199
FlowCSV,2635,2636,0.00130245
FlowCSV,2636,2637,0.0011341
FlowCSV,2637,2638,0.00115335
FlowCSV,2638,2639,0.0010137
FlowCSV,2639,2640,0.00090568
FlowCSV,2640,2641,0.000956289
FlowCSV,2641,2642,0.00211316
FlowCSV,2642,2643,0.00224532
FlowCSV,2643,2644,0.00268934
FlowCSV,2644,2645,0.00143245
FlowCSV,2645,2646,0.000906605
FlowCSV,2646,2647,0.0443023
FlowCSV,2647,2648,0.01689
FlowCSV,2648,2649,0.0202782
FlowCSV,2649,2650,0.0201302
FlowCSV,2650,2651,0.0199956
FlowCSV,2651,2652,0.0220646
FlowCSV,2652,2653,0.022081
FlowCSV,2653,2654,0.0211812
FlowCSV,2654,2655,0.0202597
FlowCSV,2655,2656,0.016307
FlowCSV,2656,2657,0.016816
FlowCSV,2657,2658,0.0166875
FlowCSV,2658,2659,0.0159026
FlowCSV,2659,2660,0.0136319
FlowCSV,2660,2661,0.0135625
FlowCSV,2661,2662,0.0136969
FlowCSV,2662,2663,0.0135869
FlowCSV,2663,2664,0.0110859
FlowCSV,2664,2665,0.0133526
FlowCSV,2665,2666,0.0156931
FlowCSV,2666,2667,0.0160871
FlowCSV,2667,2668,0.0613204
FlowCSV,2668,2669,0.0261198
FlowCSV,2669,2670,0.00860102
FlowCSV,2670,2671,0.0144182
FlowCSV,2671,2672,0.00445105
FlowCSV,2672,2673,0.00945917
FlowCSV,2673,2674,0.00755632
FlowCSV,2674,2675,0.0123168
FlowCSV,2675,2676,0.0104949
FlowCSV,2676,2677,0.0150426
FlowCSV,2677,2678,0.00493417
FlowCSV,2678,2679,0.0276264
FlowCSV,2679,2680,0.00639037
FlowCSV,2680,2681,0.0029716
FlowCSV,2681,2682,0.00833317
FlowCSV,2682,2683,0.0131042
FlowCSV,2683,2684,0.0106398
FlowCSV,2684,2685,0.0155784
FlowCSV,2685,2686,0.0105947
FlowCSV,2686,2687,0.0168172
FlowCSV,2687,2688,0.0386196
FlowCSV,2688,2689,2.20994e-05
FlowCSV,2689,2690,3.30623e-05
FlowCSV,2690,2691,4.83829e-05
FlowCSV,2691,2692,1.8153e-05
FlowCSV,2692,2693,5.93666e-05
FlowCSV,2693,2694,0.000237555
FlowCSV,2694,2695,0.00174931
FlowCSV,2695,2696,0.000853321
FlowCSV,2696,2697,0.00063251
FlowCSV,2697,2698,0.0374053
FlowCSV,2698,2699,0.00915799
FlowCSV,2699,2700,0.00767509
FlowCSV,2700,2701,0.00689939
FlowCSV,2701,2702,0.00678089
FlowCSV,2702,2703,0.00691267
FlowCSV,2703,2704,0.00671178
FlowCSV,2704,2705,0.0070715
FlowCSV,2705,2706,0.00805311
FlowCSV,2706,2707,0.0098892
FlowCSV,2707,2708,0.00835445
FlowCSV,2708,2709,0.0113192
FlowCSV,2709,2710,0.00651338
FlowCSV,2710,2711,0.00831738
FlowCSV,2711,2712,0.00802748
FlowCSV,2712,2713,0.00867095
FlowCSV,2713,2714,0.0610087
FlowCSV,2714,2715,0.00235652
FlowCSV,2715,2716,0.00230842
FlowCSV,2716,2717,0.00306801
FlowCSV,2717,2718,0.0034795
FlowCSV,2718,2719,0.00523302
FlowCSV,2719,2720,0.00515398
FlowCSV,2720,2721,0.00325695
FlowCSV,2721,2722,0.00159693
FlowCSV,2722,2723,0.00157851
FlowCSV,2723,2724,0.00172898
FlowCSV,2724,2725,2.82548e-10
FlowCSV,2725,2726,0.00237425
FlowCSV,2726,2727,0.00370731
FlowCSV,2727,2728,0.00504064
FlowCSV,2728,2729,0.105521
FlowCSV,2729,2730,0.00660053
FlowCSV,2730,2731,0.0959614
FlowCSV,2731,2732,0.0356603
FlowCSV,2732,2733,0.0397536
FlowCSV,2733,2734,0.0324935
FlowCSV,2734,2735,0.0370388
FlowCSV,2735,2736,0.0305082
FlowCSV,2736,2737,0.0234991
FlowCSV,2737,2738,0.0187568
FlowCSV,2738,2739,0.0170247
FlowCSV,2739,2740,0.0111817
FlowCSV,2740,2741,0.0105667
FlowCSV,2741,2742,0.0151997
FlowCSV,2742,2743,0.0127856
FlowCSV,2743,2744,0.0413378
FlowCSV,2744,2745,0.00161275
FlowCSV,2745,2746,0.000552591
FlowCSV,2746,2747,0.00768271
FlowCSV,2747,2748,0.00332141
FlowCSV,2748,2749,0.0017972
FlowCSV,2749,2750,0.0035958
FlowCSV,2750,2751,0.00654728
FlowCSV,2751,2752,0.00598949
FlowCSV,2752,2753,0.00279997
FlowCSV,2753,2754,0.00330169
FlowCSV,2754,2755,0.00314997
FlowCSV,2755,2756,0.0171666
FlowCSV,2756,2757,0.0609188
FlowCSV,2757,2758,0.0378728
FlowCSV,2758,2759,0.0111361
FlowCSV,2759,2760,0.00531512
FlowCSV,2760,2761,0.0134529
FlowCSV,2761,2762,1.20377e-07
FlowCSV,2762,2763,-0
FlowCSV,2763,2764,-0
FlowCSV,2764,2765,3.81844e-09
FlowCSV,2765,2766,0.000125345
FlowCSV,2766,2767,0.000125481
FlowCSV,2767,2768,0.000142626
FlowCSV,2768,2769,0.00600745
FlowCSV,2769,2770,0.000113773
FlowCSV,2770,2771,0.00013112
FlowCSV,2771,2772,0.000779437
FlowCSV,2772,2773,0.000311473
FlowCSV,2773,2774,0.000135401
FlowCSV,2774,2775,0.00025658
FlowCSV,2775,2776,0.00487795
FlowCSV,2776,2777,0.000243731
FlowCSV,2777,2778,0.000247715
FlowCSV,2778,2779,0.000866841
FlowCSV,2779,2780,0.000156576
FlowCSV,2780,2781,0.000618797
FlowCSV,2781,2782,0.000171205
FlowCSV,2782,2783,0.0127718
FlowCSV,2783,2784,0.00417369
FlowCSV,2784,2785,0.00357534
FlowCSV,2785,2786,0.00404969
FlowCSV,2786,2787,0.00633995
FlowCSV,2787,2788,0.00869277
FlowCSV,2788,2789,0.0235248
FlowCSV,2789,2790,0.0527549
FlowCSV,2790,2791,0.0579544
FlowCSV,2791,2792,0.0443913
FlowCSV,2792,2793,0.0209347
FlowCSV,2793,2794,0.00479101
FlowCSV,2794,2795,0.00981944
FlowCSV,2795,2796,0.00653363
FlowCSV,2796,2797,0.00673744
FlowCSV,2797,2798,0.00738295
FlowCSV,2798,2799,0.00654617
FlowCSV,2799,2800,0.00795976
FlowCSV,2800,2801,0.00839173
FlowCSV,2801,2802,0.008177
FlowCSV,2802,2803,0.0074298
FlowCSV,2803,2804,0.0722559
FlowCSV,2804,2805,0.0043857
FlowCSV,2805,2806,0.00572574
FlowCSV,2806,2807,0.00669842
FlowCSV,2807,2808,0.00707341
FlowCSV,2808,2809,0.00828604
FlowCSV,2809,2810,0.0081609
FlowCSV,2810,2811,0.0100351
FlowCSV,2811,2812,0.00927207
FlowCSV,2812,2813,0.0106341
FlowCSV,2813,2814,0.00966448
FlowCSV,2814,2815,0.0895754
FlowCSV,2815,2816,0.000790651
FlowCSV,2816,2817,0.000820635
FlowCSV,2817,2818,0.000972242
FlowCSV,2818,2819,0.000802606
FlowCSV,2819,2820,0.000870093
FlowCSV,2820,2821,0.000635208
FlowCSV,2821,2822,0.00165669
FlowCSV,2822,2823,0.000668692
FlowCSV,2823,2824,0.000993967
FlowCSV,2824,2825,0.0291031
FlowCSV,2825,2826,0.000643099
FlowCSV,2826,2827,0.000540786
FlowCSV,2827,2828,0.000523543
FlowCSV,2828,2829,0.000495222
FlowCSV,2829,2830,0.000447656
FlowCSV,2830,2831,0.00083614
FlowCSV,2831,2832,0.000699142
FlowCSV,2832,2833,0.000374949
FlowCSV,2833,2834,0.000464743
FlowCSV,2834,2835,0.00095613
FlowCSV,2835,2836,0.0848862
FlowCSV,2836,2837,0.0130159
FlowCSV,2837,2838,0.00872799
FlowCSV,2838,2839,0.00712763
FlowCSV,2839,2840,0.00512548
FlowCSV,2840,2841,0.00803156
FlowCSV,2841,2842,0.00542305
FlowCSV,2842,2843,0.00876275
FlowCSV,2843,2844,0.0029779
FlowCSV,2844,2845,0.0050067
FlowCSV,2845,2846,0.0760999
FlowCSV,2846,2847,0.00310664
FlowCSV,2847,2848,0.00378863
FlowCSV,2848,2849,0.00447517
FlowCSV,2849,2850,0.00401016
FlowCSV,2850,2851,0.00410121
FlowCSV,2851,2852,0.00374797
FlowCSV,2852,2853,0.00436227
FlowCSV,2853,2854,0.00291703
FlowCSV,2854,2855,0.100789
FlowCSV,2855,2856,0.00141565
FlowCSV,2856,2857,0.00250893
FlowCSV,2857,2858,0.00189891
FlowCSV,2858,2859,0.00289884
FlowCSV,2859,2860,0.00110068
FlowCSV,2860,2861,0.00108793
FlowCSV,2861,2862,0.000435798
FlowCSV,2862,2863,0.0010324
FlowCSV,2863,2864,0.000486778
FlowCSV,2864,2865,0.000553808
FlowCSV,2865,2866,0.000786815
FlowCSV,2866,2867,0.134597
FlowCSV,2867,2868,0
FlowCSV,2868,2869,0.00639084
FlowCSV,2869,2870,0.00516515
FlowCSV,2870,2871,0.010143
FlowCSV,2871,2872,0.0155761
FlowCSV,2872,2873,0.0521717
FlowCSV,2873,2874,0.0337454
FlowCSV,2874,2875,0.0114005
FlowCSV,2875,2876,0.0121163
FlowCSV,2876,2877,0.0217599
FlowCSV,2877,2878,0.0588672
FlowCSV,2878,2879,0.0281948
FlowCSV,2879,2880,0
FlowCSV,2880,2881,0.000797607
FlowCSV,2881,2882,0.000301303
FlowCSV,2882,2883,0.00834974
FlowCSV,2883,2884,0.00448966
FlowCSV,2884,2885,0.00190798
FlowCSV,2885,2886,0.00356517
FlowCSV,2886,2887,0.00494372
FlowCSV,2887,2888,0.00555156
FlowCSV,2888,2889,0.0107839
FlowCSV,2889,2890,0.00374821
FlowCSV,2890,2891,0.00786372
FlowCSV,2891,2892,0.007226
FlowCSV,2892,2893,0.000428697
FlowCSV,2893,2894,0
FlowCSV,2894,2895,0
FlowCSV,2895,2896,0
FlowCSV,2896,2897,0.00258318
FlowCSV,2897,2898,0
FlowCSV,2898,2899,0.00185403
FlowCSV,2899,2900,0.00296449
FlowCSV,2900,2901,0.000419501
FlowCSV,2901,2902,0
FlowCSV,2902,2903,0
FlowCSV,2903,2904,0
FlowCSV,2904,2905,0.000701941
FlowCSV,2905,2906,0.00252812
FlowCSV,2906,2907,0.00536887
FlowCSV,2907,2908,0.0147785
FlowCSV,2908,2909,0.0190441
FlowCSV,2909,2910,0.0151309
FlowCSV,2910,2911,0.0164797
FlowCSV,2911,2912,0.0188097
FlowCSV,2912,2913,0.022297
FlowCSV,2913,2914,0.0249012
FlowCSV,2914,2915,0.0183927
FlowCSV,2915,2916,0.0148119
FlowCSV,2916,2917,0.0146063
FlowCSV,2917,2918,0.013516
FlowCSV,2918,2919,0.0131067
FlowCSV,2919,2920,0.0115782
FlowCSV,2920,2921,0.0116038
FlowCSV,2921,2922,0.00911605
FlowCSV,2922,2923,0.00820359
FlowCSV,2923,2924,0.0080697
FlowCSV,2924,2925,0.00737101
FlowCSV,2925,2926,0.00636854
FlowCSV,2926,2927,0.00649256
FlowCSV,2927,2928,0.00578921
FlowCSV,2928,2929,0.00372165
FlowCSV,2929,2930,0.00444964
FlowCSV,2930,2931,0.00170776
FlowCSV,2931,2932,0.000514762
FlowCSV,2932,2933,0
FlowCSV,2933,2934,0
FlowCSV,2934,2935,0
FlowCSV,2935,2936,0
FlowCSV,2936,2937,5.31476e-08
FlowCSV,2937,2938,0
FlowCSV,2938,2939,0
FlowCSV,2939,2940,0
FlowCSV,2940,2941,0
FlowCSV,2941,2942,0
FlowCSV,2942,2943,0
FlowCSV,2943,2944,0
FlowCSV,2944,2945,0
FlowCSV,2945,2946,1.58161e-06
FlowCSV,2946,2947,0
FlowCSV,2947,2948,0
FlowCSV,2948,2949,0
FlowCSV,2949,2950,0.000682087
FlowCSV,2950,2951,0.000344771
FlowCSV,2951,2952,0.000219884
FlowCSV,2952,2953,1.40138e-06
FlowCSV,2953,2954,8.90324e-08
FlowCSV,2954,2955,0.00386135
FlowCSV,2955,2956,3.67607e-05
FlowCSV,2956,2957,0.000834773
FlowCSV,2957,2958,0.000290853
FlowCSV,2958,2959,0.000785673
FlowCSV,2959,2960,0.000410617
FlowCSV,2960,2961,0.00144667
FlowCSV,2961,2962,0.00113828
FlowCSV,2962,2963,0.00103012
FlowCSV,2963,2964,0.00111098
FlowCSV,2964,2965,0.00219424
FlowCSV,2965,2966,0.00205898
FlowCSV,2966,2967,0.00215843
FlowCSV,2967,2968,0.00160751
FlowCSV,2968,2969,0.00218606
FlowCSV,2969,2970,0.00264923
FlowCSV,2970,2971,0.00146014
FlowCSV,2971,2972,0.000527274
FlowCSV,2972,2973,0.00528671
FlowCSV,2973,2974,0.00335394
FlowCSV,2974,2975,0.00514403
FlowCSV,2975,2976,0.00345699
FlowCSV,2976,2977,0.00593491
FlowCSV,2977,2978,0.00816466
FlowCSV,2978,2979,0.00464619
FlowCSV,2979,2980,0.00655041
FlowCSV,2980,2981,0.00311315
FlowCSV,2981,2982,0.00250575
FlowCSV,2982,2983,0.0014129
FlowCSV,2983,2984,0.0680222
FlowCSV,2984,2985,0
FlowCSV,2985,2986,0
FlowCSV,2986,2987,0
FlowCSV,2987,2988,0
FlowCSV,2988,2989,0
FlowCSV,2989,2990,2.25361e-06
FlowCSV,2990,2991,1.96134e-05
FlowCSV,2991,2992,2.2623e-05
FlowCSV,2992,2993,1.94208e-05
FlowCSV,2993,2994,2.40567e-05
FlowCSV,2994,2995,2.0317e-05
FlowCSV,2995,2996,1.88812e-05
FlowCSV,2996,2997,1.82711e-05
FlowCSV,2997,2998,1.83566e-05
FlowCSV,2998,2999,1.7466e-05
FlowCSV,2999,3000,1.6435e-05
FlowCSV,3000,3001,1.91602e-05
FlowCSV,3001,3002,1.7916e-05
FlowCSV,3002,3003,1.67682e-05
FlowCSV,3003,3004,1.6986e-05
FlowCSV,3004,3005,1.56322e-05
FlowCSV,3005,3006,1.72459e-05
FlowCSV,3006,3007,1.61715e-05
FlowCSV,3007,3008,1.83259e-05
FlowCSV,3008,3009,1.83316e-05
FlowCSV,3009,3010,1.89742e-05
FlowCSV,3010,3011,1.79847e-05
FlowCSV,3011,3012,1.79261e-05
FlowCSV,3012,3013,1.68777e-05
FlowCSV,3013,3014,1.80173e-05
FlowCSV,3014,3015,1.75774e-05
FlowCSV,3015,3016,1.76074e-05
FlowCSV,3016,3017,1.73697e-05
FlowCSV,3017,3018,1.79479e-05
FlowCSV,3018,3019,1.72846e-05
FlowCSV,3019,3020,1.71923e-05
FlowCSV,3020,3021,1.75295e-05
FlowCSV,3021,3022,1.74272e-05
FlowCSV,3022,3023,1.71191e-05
FlowCSV,3023,3024,1.83869e-05
FlowCSV,3024,3025,1.8202e-05
FlowCSV,3025,3026,1.96778e-05
FlowCSV,3026,3027,1.82817e-05
FlowCSV,3027,3028,1.7736e-05
FlowCSV,3028,3029,1.85744e-05
FlowCSV,3029,3030,1.7268e-05
FlowCSV,3030,3031,1.98127e-05
FlowCSV,3031,3032,1.74821e-05
FlowCSV,3032,3033,1.85646e-05
FlowCSV,3033,3034,1.7183e-05
FlowCSV,3034,3035,1.7427e-05
FlowCSV,3035,3036,1.8427e-05
FlowCSV,3036,3037,1.79309e-05
FlowCSV,3037,3038,1.88732e-05
FlowCSV,3038,3039,1.92353e-05
FlowCSV,3039,3040,1.833e-05
FlowCSV,3040,3041,1.92111e-05
FlowCSV,3041,3042,1.95911e-05
FlowCSV,3042,3043,1.80103e-05
FlowCSV,3043,3044,1.85458e-05
FlowCSV,3044,3045,1.7121e-05
FlowCSV,3045,3046,1.88645e-05
FlowCSV,3046,3047,1.71065e-05
FlowCSV,3047,3048,1.88022e-05
FlowCSV,3048,3049,1.914e-05
FlowCSV,3049,3050,1.75604e-05
FlowCSV,3050,3051,1.79117e-05
FlowCSV,3051,3052,1.78018e-05
FlowCSV,3052,3053,1.7007e-05
FlowCSV,3053,3054,1.78037e-05
FlowCSV,3054,3055,1.72275e-05
FlowCSV,3055,3056,1.75403e-05
FlowCSV,3056,3057,1.7172e-05
FlowCSV,3057,3058,1.83781e-05
FlowCSV,3058,3059,1.77179e-05
FlowCSV,3059,3060,1.63422e-05
FlowCSV,3060,3061,1.79007e-05
FlowCSV,3061,3062,1.83899e-05
FlowCSV,3062,3063,1.66951e-05
FlowCSV,3063,3064,1.85186e-05
FlowCSV,3064,3065,1.75155e-05
FlowCSV,3065,3066,1.74476e-05
FlowCSV,3066,3067,1.93144e-05
FlowCSV,3067,3068,1.83072e-05
FlowCSV,3068,3069,1.75666e-05
FlowCSV,3069,3070,1.76046e-05
FlowCSV,3070,3071,1.71584e-05
FlowCSV,3071,3072,1.73309e-05
FlowCSV,3072,3073,1.79395e-05
FlowCSV,3073,3074,1.80394e-05
FlowCSV,3074,3075,1.75381e-05
FlowCSV,3075,3076,1.77788e-05
FlowCSV,3076,3077,1.76665e-05
FlowCSV,3077,3078,1.69492e-05
FlowCSV,3078,3079,1.71184e-05
FlowCSV,3079,3080,1.63757e-05
FlowCSV,3080,3081,1.86842e-05
FlowCSV,3081,3082,1.79716e-05
FlowCSV,3082,3083,1.86823e-05
FlowCSV,3083,3084,1.68488e-05
FlowCSV,3084,3085,1.87229e-05
FlowCSV,3085,3086,1.91651e-05
FlowCSV,3086,3087,1.62377e-05
FlowCSV,3087,3088,1.99122e-05
FlowCSV,3088,3089,1.97292e-05
FlowCSV,3089,3090,2.13215e-05
FlowCSV,3090,3091,2.07286e-05
FlowCSV,3091,3092,2.0865e-05
FlowCSV,3092,3093,2.32249e-05
FlowCSV,3093,3094,2.43532e-05
FlowCSV,3094,3095,2.86977e-05
FlowCSV,3095,3096,3.23647e-05
FlowCSV,3096,3097,3.86314e-05
FlowCSV,3097,3098,2.33025e-05
FlowCSV,3098,3099,2.91764e-06
FlowCSV,3099,3100,0
FlowCSV,3100,3101,1.45247e-08
FlowCSV,3101,3102,0
FlowCSV,3102,3103,0
FlowCSV,3103,3104,0
FlowCSV,3104,3105,2.37712e-07
FlowCSV,3105,3106,1.57575e-07
FlowCSV,3106,3107,0
FlowCSV,3107,3108,0
FlowCSV,3108,3109,9.1656e-07
FlowCSV,3109,3110,3.84986e-05
FlowCSV,3110,3111,3.57357e-05
FlowCSV,3111,3112,3.88967e-05
FlowCSV,3112,3113,2.88025e-05
FlowCSV,3113,3114,3.44543e-05
FlowCSV,3114,3115,2.67662e-05
FlowCSV,3115,3116,2.64392e-05
FlowCSV,3116,3117,2.08127e-05
FlowCSV,3117,3118,2.36848e-05
FlowCSV,3118,3119,1.82488e-05
FlowCSV,3119,3120,1.83163e-05
FlowCSV,3120,3121,1.41299e-05
FlowCSV,3121,3122,1.85423e-05
FlowCSV,3122,3123,1.47863e-05
FlowCSV,3123,3124,1.50728e-05
FlowCSV,3124,3125,1.1921e-05
FlowCSV,3125,3126,1.39457e-05
FlowCSV,3126,3127,1.12461e-05
FlowCSV,3127,3128,1.17882e-05
FlowCSV,3128,3129,9.37259e-06
FlowCSV,3129,3130,1.19469e-05
FlowCSV,3130,3131,9.71415e-06
FlowCSV,3131,3132,1.02791e-05
FlowCSV,3132,3133,8.32546e-06
FlowCSV,3133,3134,1.00559e-05
FlowCSV,3134,3135,7.7701e-06
FlowCSV,3135,3136,8.57826e-06
FlowCSV,3136,3137,6.77637e-06
FlowCSV,3137,3138,8.35699e-06
FlowCSV,3138,3139,6.74239e-06
FlowCSV,3139,3140,7.04958e-06
FlowCSV,3140,3141,6.18037e-07
FlowCSV,3141,3142,1.34999e-07
FlowCSV,3142,3143,9.19156e-08
FlowCSV,3143,3144,9.08428e-08
FlowCSV,3144,3145,1.36984e-07
FlowCSV,3145,3146,2.09483e-08
FlowCSV,3146,3147,2.79501e-08
FlowCSV,3147,3148,7.57909e-06
FlowCSV,3148,3149,9.66195e-06
FlowCSV,3149,3150,8.09118e-06
FlowCSV,3150,3151,9.79057e-06
FlowCSV,3151,3152,9.13017e-06
FlowCSV,3152,3153,1.1057e-05
FlowCSV,3153,3154,1.02697e-05
FlowCSV,3154,3155,1.25507e-05
FlowCSV,3155,3156,1.23058e-05
FlowCSV,3156,3157,1.48731e-05
FlowCSV,3157,3158,1.32363e-05
FlowCSV,3158,3159,1.66494e-05
FlowCSV,3159,3160,1.63517e-05
FlowCSV,3160,3161,2.05222e-05
FlowCSV,3161,3162,1.76197e-05
FlowCSV,3162,3163,2.21112e-05
FlowCSV,3163,3164,2.27558e-05
FlowCSV,3164,3165,2.84509e-05
FlowCSV,3165,3166,2.77236e-05
FlowCSV,3166,3167,3.52746e-05
FlowCSV,3167,3168,3.62448e-05
FlowCSV,3168,3169,4.92699e-05

General Information
  File: ../recordings/2015/Elysium_trailer_3840x2160_3176f_24fps_RMN_QP24.mkv
  Dimensions: 3840 x 2160
  Coefficient Planes: 0
  Frames Rendered: 3169

Configuration Information:
  Configuring NDDI to compute optical flow.

Transmission Statistics:
  Total Pixel Data Updated (bytes): 78854860800 Total NDDI Cost (bytes): 0 Ratio: 0

Memory Statistics:
  Input Vector
    - Num Reads: 0 - Bytes Read: 0
    - Num Writes: 0 - Bytes Written: 0
  Coefficient Plane
    - Num Reads: 0 - Bytes Read: 0
    - Num Writes: 0 - Bytes Written: 0
  Frame Volume
    - Num Reads: 0 - Bytes Read: 0
    - Num Writes: 0 - Bytes Written: 0

Pixel Statistics:
  Pixel Mappings: 0
  Pixel Blends: 0

Performance Statistics:
  Average FPS: 3.37619

Quality Statistics:
  Use --psnr to enable.

CSV Headings:
Frames,Commands Sent,Bytes Transmitted,IV Num Reads,IV Bytes Read,IV Num Writes,IV Bytes Written,CP Num Reads,CP Bytes Read,CP Num Writes,CP Bytes Written,FV Num Reads,FV Bytes Read,FV Num Writes,FV Bytes Written,FV Time,Pixels Mapped,Pixels Blended,PSNR,File Name
3169 , 0 , 0 , 0 , 0 , 0 , 0 , 0 , 0 , 0 , 0 , 0 , 0 , 0 , 0 , 0 , 0 , 0 , inf,../recordings/2015/Elysium_trailer_3840x2160_3176f_24fps_RMN_QP24.mkv
