FlowCSV,1,2,0
FlowCSV,2,3,0
FlowCSV,3,4,0
FlowCSV,4,5,0
FlowCSV,5,6,0
FlowCSV,6,7,0
FlowCSV,7,8,0
FlowCSV,8,9,0
FlowCSV,9,10,0
FlowCSV,10,11,0
FlowCSV,11,12,0
FlowCSV,12,13,0
FlowCSV,13,14,0
FlowCSV,14,15,0
FlowCSV,15,16,0
FlowCSV,16,17,0
FlowCSV,17,18,0
FlowCSV,18,19,0
FlowCSV,19,20,0
FlowCSV,20,21,0
FlowCSV,21,22,0
FlowCSV,22,23,0
FlowCSV,23,24,0
FlowCSV,24,25,0.0373121
FlowCSV,25,26,0.00572863
FlowCSV,26,27,0.00379363
FlowCSV,27,28,0.00356797
FlowCSV,28,29,0.00385425
FlowCSV,29,30,0.00276028
FlowCSV,30,31,0.00197329
FlowCSV,31,32,0.0187508
FlowCSV,32,33,0.0105191
FlowCSV,33,34,0.00662867
FlowCSV,34,35,0.021617
FlowCSV,35,36,0.0056928
FlowCSV,36,37,0.0123222
FlowCSV,37,38,0.0114885
FlowCSV,38,39,0.00192822
FlowCSV,39,40,0.0065323
FlowCSV,40,41,0.00681252
FlowCSV,41,42,0.00410215
FlowCSV,42,43,0.00516168
FlowCSV,43,44,0.00403712
FlowCSV,44,45,0.00420458
FlowCSV,45,46,0.00432604
FlowCSV,46,47,0.00443566
FlowCSV,47,48,0.00110243
FlowCSV,48,49,0.163705
FlowCSV,49,50,0.00324253
FlowCSV,50,51,0.00446982
FlowCSV,51,52,0.00288151
FlowCSV,52,53,0.00258278
FlowCSV,53,54,0.0039361
FlowCSV,54,55,0.0101234
FlowCSV,55,56,0.0169868
FlowCSV,56,57,0.0197888
FlowCSV,57,58,0.0220684
FlowCSV,58,59,0.0234911
FlowCSV,59,60,0.0260857
FlowCSV,60,61,0.0185512
FlowCSV,61,62,0.00863395
FlowCSV,62,63,0.00806128
FlowCSV,63,64,0.00789889
FlowCSV,64,65,0.00320332
FlowCSV,65,66,0.00191115
FlowCSV,66,67,0.00511974
FlowCSV,67,68,0.00485656
FlowCSV,68,69,0.00444766
FlowCSV,69,70,0.00321636
FlowCSV,70,71,0.0036282
FlowCSV,71,72,0.00316344
FlowCSV,72,73,0.0011868
FlowCSV,73,74,0.00132189
FlowCSV,74,75,0.00176255
FlowCSV,75,76,0.0018401
FlowCSV,76,77,0.00386691
FlowCSV,77,78,0.00510485
FlowCSV,78,79,0.00406052
FlowCSV,79,80,0.00502815
FlowCSV,80,81,0.00486429
FlowCSV,81,82,0.00386352
FlowCSV,82,83,0.00289576
FlowCSV,83,84,0.0027376
FlowCSV,84,85,0.0027972
FlowCSV,85,86,0.00595524
FlowCSV,86,87,0.0074283
FlowCSV,87,88,0.00501865
FlowCSV,88,89,0.00347658
FlowCSV,89,90,0.00231609
FlowCSV,90,91,0.00302517
FlowCSV,91,92,0.00387203
FlowCSV,92,93,0.00532085
FlowCSV,93,94,0.00642374
FlowCSV,94,95,0.00573382
FlowCSV,95,96,0.00537933
FlowCSV,96,97,0.00407783
FlowCSV,97,98,0.00217006
FlowCSV,98,99,0.00127177
FlowCSV,99,100,0.00124212
FlowCSV,100,101,0.00207815
FlowCSV,101,102,0.00303523
FlowCSV,102,103,0.0026975
FlowCSV,103,104,0.00872176
FlowCSV,104,105,0.0309476
FlowCSV,105,106,0.0277759
FlowCSV,106,107,0.198812
FlowCSV,107,108,0.208507
FlowCSV,108,109,0.0406814
FlowCSV,109,110,0.0488003
FlowCSV,110,111,0.0297778
FlowCSV,111,112,0.191744
FlowCSV,112,113,0.0954408
FlowCSV,113,114,0.138192
FlowCSV,114,115,0.0478221
FlowCSV,115,116,0.0666372
FlowCSV,116,117,0.0498322
FlowCSV,117,118,0.139591
FlowCSV,118,119,0.0103928
FlowCSV,119,120,0.0163318
FlowCSV,120,121,0.0116463
FlowCSV,121,122,0.0109087
FlowCSV,122,123,0.0256819
FlowCSV,123,124,0.0210527
FlowCSV,124,125,0.0117605
FlowCSV,125,126,0.0103059
FlowCSV,126,127,0.0158165
FlowCSV,127,128,0.0241855
FlowCSV,128,129,0.0225933
FlowCSV,129,130,0.0259397
FlowCSV,130,131,0.0209525
FlowCSV,131,132,0.0116221
FlowCSV,132,133,0.011503
FlowCSV,133,134,0.0105998
FlowCSV,134,135,0.0120641
FlowCSV,135,136,0.19518
FlowCSV,136,137,0.00114617
FlowCSV,137,138,7.78264e-05
FlowCSV,138,139,8.76277e-05
FlowCSV,139,140,0.0015323
FlowCSV,140,141,0.000136519
FlowCSV,141,142,4.4247e-05
FlowCSV,142,143,7.28771e-05
FlowCSV,143,144,0.0001915
FlowCSV,144,145,0.000727074
FlowCSV,145,146,0.000665026
FlowCSV,146,147,0.000550414
FlowCSV,147,148,0.000395888
FlowCSV,148,149,0.000353456
FlowCSV,149,150,0.00016486
FlowCSV,150,151,0.00016921
FlowCSV,151,152,0.000251431
FlowCSV,152,153,0.00029526
FlowCSV,153,154,0.00102219
FlowCSV,154,155,0.000948629
FlowCSV,155,156,0.00105954
FlowCSV,156,157,0.00182534
FlowCSV,157,158,0.00105523
FlowCSV,158,159,0.00156446
FlowCSV,159,160,0.000912669
FlowCSV,160,161,0.000964894
FlowCSV,161,162,0.0019297
FlowCSV,162,163,0.00168076
FlowCSV,163,164,0.00164851
FlowCSV,164,165,0.00177022
FlowCSV,165,166,0.00139923
FlowCSV,166,167,0.00112476
FlowCSV,167,168,0.00139027
FlowCSV,168,169,0.00109724
FlowCSV,169,170,0.000702665
FlowCSV,170,171,0.000442467
FlowCSV,171,172,0.000248373
FlowCSV,172,173,0.000388079
FlowCSV,173,174,0.000221473
FlowCSV,174,175,0.00098238
FlowCSV,175,176,0.00109853
FlowCSV,176,177,0.00129884
FlowCSV,177,178,0.00143331
FlowCSV,178,179,0.000613687
FlowCSV,179,180,0.000725509
FlowCSV,180,181,0.00135701
FlowCSV,181,182,0.000863288
FlowCSV,182,183,0.00087669
FlowCSV,183,184,0.000503933
FlowCSV,184,185,0.000667365
FlowCSV,185,186,0.000415264
FlowCSV,186,187,0.000481055
FlowCSV,187,188,0.000641698
FlowCSV,188,189,0.000600563
FlowCSV,189,190,0.000158456
FlowCSV,190,191,0.117684
FlowCSV,191,192,0.0024472
FlowCSV,192,193,0.0042828
FlowCSV,193,194,0.00642577
FlowCSV,194,195,0.0104881
FlowCSV,195,196,0.00638844
FlowCSV,196,197,0.0074096
FlowCSV,197,198,0.0050021
FlowCSV,198,199,0.00397644
FlowCSV,199,200,0.00674899
FlowCSV,200,201,0.00718262
FlowCSV,201,202,0.00489603
FlowCSV,202,203,0.00445412
FlowCSV,203,204,0.00461904
FlowCSV,204,205,0.00284774
FlowCSV,205,206,0.00158815
FlowCSV,206,207,0.00125431
FlowCSV,207,208,0.00235367
FlowCSV,208,209,0.0025216
FlowCSV,209,210,0.00220193
FlowCSV,210,211,0.00453363
FlowCSV,211,212,0.00231993
FlowCSV,212,213,0.00403061
FlowCSV,213,214,0.00306718
FlowCSV,214,215,0.00347097
FlowCSV,215,216,0.00497798
FlowCSV,216,217,0.00221286
FlowCSV,217,218,0.00243879
FlowCSV,218,219,0.00247414
FlowCSV,219,220,0.00221682
FlowCSV,220,221,0.00286884
FlowCSV,221,222,0.00343147
FlowCSV,222,223,0.00331734
FlowCSV,223,224,0.00229313
FlowCSV,224,225,0.00262497
FlowCSV,225,226,0.00213414
FlowCSV,226,227,0.00149074
FlowCSV,227,228,0.00161786
FlowCSV,228,229,0.179866
FlowCSV,229,230,1.03387e-05
FlowCSV,230,231,0.00802278
FlowCSV,231,232,7.4649e-06
FlowCSV,232,233,0.000204837
FlowCSV,233,234,2.09415e-06
FlowCSV,234,235,0.000161559
FlowCSV,235,236,5.11429e-07
FlowCSV,236,237,0.000229489
FlowCSV,237,238,6.48459e-08
FlowCSV,238,239,0.0117465
FlowCSV,239,240,5.25446e-07
FlowCSV,240,241,0.0240506
FlowCSV,241,242,3.13721e-07
FlowCSV,242,243,0.0335754
FlowCSV,243,244,6.40815e-08
FlowCSV,244,245,0.0308484
FlowCSV,245,246,5.0952e-07
FlowCSV,246,247,0.0155885
FlowCSV,247,248,9.58703e-06
FlowCSV,248,249,0.00169738
FlowCSV,249,250,9.07665e-06
FlowCSV,250,251,0.000309699
FlowCSV,251,252,7.23751e-06
FlowCSV,252,253,0.000148156
FlowCSV,253,254,5.85811e-06
FlowCSV,254,255,0.000142363
FlowCSV,255,256,2.073e-06
FlowCSV,256,257,0.000240593
FlowCSV,257,258,6.45112e-06
FlowCSV,258,259,0.000127351
FlowCSV,259,260,5.9377e-06
FlowCSV,260,261,0.000151424
FlowCSV,261,262,2.91195e-06
FlowCSV,262,263,0.373728
FlowCSV,263,264,0.000883228
FlowCSV,264,265,0.00100676
FlowCSV,265,266,0.00110492
FlowCSV,266,267,0.00119453
FlowCSV,267,268,0.00130663
FlowCSV,268,269,0.00154476
FlowCSV,269,270,0.00132694
FlowCSV,270,271,0.00157252
FlowCSV,271,272,0.00164348
FlowCSV,272,273,0.00202379
FlowCSV,273,274,0.00163404
FlowCSV,274,275,0.0016383
FlowCSV,275,276,0.00155752
FlowCSV,276,277,0.0014596
FlowCSV,277,278,0.00204251
FlowCSV,278,279,0.00339125
FlowCSV,279,280,0.00396766
FlowCSV,280,281,0.0036891
FlowCSV,281,282,0.00415861
FlowCSV,282,283,0.00332988
FlowCSV,283,284,0.00364095
FlowCSV,284,285,0.00355539
FlowCSV,285,286,0.00356158
FlowCSV,286,287,0.0034607
FlowCSV,287,288,0.00382997
FlowCSV,288,289,0.00356833
FlowCSV,289,290,0.00370065
FlowCSV,290,291,0.00319535
FlowCSV,291,292,0.00355767
FlowCSV,292,293,0.00319582
FlowCSV,293,294,0.00354715
FlowCSV,294,295,0.00334023
FlowCSV,295,296,0.00311857
FlowCSV,296,297,0.00299812
FlowCSV,297,298,0.00265389
FlowCSV,298,299,0.00221708
FlowCSV,299,300,0.00192836
FlowCSV,300,301,0.00153724
FlowCSV,301,302,0.00118132
FlowCSV,302,303,0.00073232
FlowCSV,303,304,0.000649711
FlowCSV,304,305,0.000950632
FlowCSV,305,306,0.00112993
FlowCSV,306,307,0.00121234
FlowCSV,307,308,0.143815
FlowCSV,308,309,0.0106102
FlowCSV,309,310,0.00837005
FlowCSV,310,311,0.00922518
FlowCSV,311,312,0.00799227
FlowCSV,312,313,0.00880652
FlowCSV,313,314,0.00789545
FlowCSV,314,315,0.00774623
FlowCSV,315,316,0.00821751
FlowCSV,316,317,0.00941826
FlowCSV,317,318,0.0101107
FlowCSV,318,319,0.00717937
FlowCSV,319,320,0.00970679
FlowCSV,320,321,0.00848873
FlowCSV,321,322,0.0104025
FlowCSV,322,323,0.00974458
FlowCSV,323,324,0.0104899
FlowCSV,324,325,0.00927524
FlowCSV,325,326,0.00745258
FlowCSV,326,327,0.0093659
FlowCSV,327,328,0.00898768
FlowCSV,328,329,0.0105257
FlowCSV,329,330,0.00876574
FlowCSV,330,331,0.00757299
FlowCSV,331,332,0.00940932
FlowCSV,332,333,0.00962907
FlowCSV,333,334,0.00833356
FlowCSV,334,335,0.00862031
FlowCSV,335,336,0.00846863
FlowCSV,336,337,0.00932072
FlowCSV,337,338,0.0112741
FlowCSV,338,339,0.00723728
FlowCSV,339,340,0.00933186
FlowCSV,340,341,0.00833757
FlowCSV,341,342,0.00909598
FlowCSV,342,343,0.00776962
FlowCSV,343,344,0.00823714
FlowCSV,344,345,0.00722158
FlowCSV,345,346,0.00953198
FlowCSV,346,347,0.00877465
FlowCSV,347,348,0.0110123
FlowCSV,348,349,0.00740177
FlowCSV,349,350,0.0107762
FlowCSV,350,351,0.0963148
FlowCSV,351,352,0.00424829
FlowCSV,352,353,0.00442475
FlowCSV,353,354,0.00568339
FlowCSV,354,355,0.0068357
FlowCSV,355,356,0.0081212
FlowCSV,356,357,0.00791281
FlowCSV,357,358,0.00811322
FlowCSV,358,359,0.0057535
FlowCSV,359,360,0.00568605
FlowCSV,360,361,0.00485784
FlowCSV,361,362,0.00395362
FlowCSV,362,363,0.00464622
FlowCSV,363,364,0.00533895
FlowCSV,364,365,0.00337361
FlowCSV,365,366,0.00353879
FlowCSV,366,367,0.00592973
FlowCSV,367,368,0.00587468
FlowCSV,368,369,0.0052896
FlowCSV,369,370,0.00488653
FlowCSV,370,371,0.0110316
FlowCSV,371,372,0.0113381
FlowCSV,372,373,0.00751493
FlowCSV,373,374,0.00279961
FlowCSV,374,375,0.00537138
FlowCSV,375,376,0.00491321
FlowCSV,376,377,0.00513322
FlowCSV,377,378,0.00393804
FlowCSV,378,379,0.00371523
FlowCSV,379,380,0.00158903
FlowCSV,380,381,0.00271086
FlowCSV,381,382,0.00304743
FlowCSV,382,383,0.0034923
FlowCSV,383,384,0.00361511
FlowCSV,384,385,0.00645228
FlowCSV,385,386,0.00423232
FlowCSV,386,387,0.227418
FlowCSV,387,388,0.00671667
FlowCSV,388,389,0.00619405
FlowCSV,389,390,0.00610134
FlowCSV,390,391,0.00536287
FlowCSV,391,392,0.00359421
FlowCSV,392,393,0.00231694
FlowCSV,393,394,0.00170634
FlowCSV,394,395,0.0031366
FlowCSV,395,396,0.0043981
FlowCSV,396,397,0.00572547
FlowCSV,397,398,0.0063465
FlowCSV,398,399,0.00657969
FlowCSV,399,400,0.00576164
FlowCSV,400,401,0.00398295
FlowCSV,401,402,0.00255377
FlowCSV,402,403,0.00129439
FlowCSV,403,404,0.00104872
FlowCSV,404,405,0.000650959
FlowCSV,405,406,0.000604489
FlowCSV,406,407,0.114749
FlowCSV,407,408,0.0249327
FlowCSV,408,409,0.00841369
FlowCSV,409,410,0.041951
FlowCSV,410,411,0.0465304
FlowCSV,411,412,0.0216128
FlowCSV,412,413,0.0274782
FlowCSV,413,414,0.0409258
FlowCSV,414,415,0.02239
FlowCSV,415,416,0.0188316
FlowCSV,416,417,0.0330703
FlowCSV,417,418,0.0281981
FlowCSV,418,419,0.0135925
FlowCSV,419,420,0.0276514
FlowCSV,420,421,0.0267586
FlowCSV,421,422,0.0098847
FlowCSV,422,423,0.0173766
FlowCSV,423,424,0.0407783
FlowCSV,424,425,0.015469
FlowCSV,425,426,0.0315689
FlowCSV,426,427,0.00964223
FlowCSV,427,428,0.0171027
FlowCSV,428,429,0.0321027
FlowCSV,429,430,0.0150851
FlowCSV,430,431,0.01503
FlowCSV,431,432,0.0259364
FlowCSV,432,433,0.0161893
FlowCSV,433,434,0.0161684
FlowCSV,434,435,0.0133441
FlowCSV,435,436,0.0157076
FlowCSV,436,437,0.0129507
FlowCSV,437,438,0.0125482
FlowCSV,438,439,0.0141623
FlowCSV,439,440,0.0105411
FlowCSV,440,441,0.0148149
FlowCSV,441,442,0.0112822
FlowCSV,442,443,0.00880714
FlowCSV,443,444,0.00757003
FlowCSV,444,445,0.00712397
FlowCSV,445,446,0.00748771
FlowCSV,446,447,0.00821348
FlowCSV,447,448,0.00852439
FlowCSV,448,449,0.00745171
FlowCSV,449,450,0.00313357
FlowCSV,450,451,0.00192375
FlowCSV,451,452,0.00616722
FlowCSV,452,453,0.00687946
FlowCSV,453,454,0.00692999
FlowCSV,454,455,0.00605343
FlowCSV,455,456,0.00709679
FlowCSV,456,457,0.00644007
FlowCSV,457,458,0.00701613
FlowCSV,458,459,0.00754963
FlowCSV,459,460,0.00753669
FlowCSV,460,461,0.00719905
FlowCSV,461,462,0.00458317
FlowCSV,462,463,0.00388415
FlowCSV,463,464,0.0117992
FlowCSV,464,465,0.00120956
FlowCSV,465,466,0.000790262
FlowCSV,466,467,0.00106017
FlowCSV,467,468,0.00141553
FlowCSV,468,469,0.00116534
FlowCSV,469,470,0.118993
FlowCSV,470,471,0.000943322
FlowCSV,471,472,0.000665686
FlowCSV,472,473,0.000690622
FlowCSV,473,474,0.00105127
FlowCSV,474,475,0.00136288
FlowCSV,475,476,0.0024822
FlowCSV,476,477,0.00258715
FlowCSV,477,478,0.0028398
FlowCSV,478,479,0.00434541
FlowCSV,479,480,0.00434122
FlowCSV,480,481,0.00438935
FlowCSV,481,482,0.00381697
FlowCSV,482,483,0.00301817
FlowCSV,483,484,0.00237118
FlowCSV,484,485,0.00197491
FlowCSV,485,486,0.00172794
FlowCSV,486,487,0.00172417
FlowCSV,487,488,0.00083702
FlowCSV,488,489,0.00144538
FlowCSV,489,490,0.00148305
FlowCSV,490,491,0.00110744
FlowCSV,491,492,0.000913719
FlowCSV,492,493,0.000981551
FlowCSV,493,494,0.000989616
FlowCSV,494,495,0.00112663
FlowCSV,495,496,0.00125659
FlowCSV,496,497,0.00142169
FlowCSV,497,498,0.00150279
FlowCSV,498,499,0.00118694
FlowCSV,499,500,0.00114075
FlowCSV,500,501,0.000851608
FlowCSV,501,502,0.242434
FlowCSV,502,503,0.00188602
FlowCSV,503,504,0.000957078
FlowCSV,504,505,0.000875679
FlowCSV,505,506,0.00066303
FlowCSV,506,507,0.000693466
FlowCSV,507,508,0.00078951
FlowCSV,508,509,0.000866657
FlowCSV,509,510,0.000963263
FlowCSV,510,511,0.00122746
FlowCSV,511,512,0.000518138
FlowCSV,512,513,0.00089218
FlowCSV,513,514,0.000340292
FlowCSV,514,515,0.00207461
FlowCSV,515,516,0.000782957
FlowCSV,516,517,0.000564922
FlowCSV,517,518,0.000367636
FlowCSV,518,519,0.00032966
FlowCSV,519,520,0.000336123
FlowCSV,520,521,0.000307847
FlowCSV,521,522,0.00059229
FlowCSV,522,523,0.000949866
FlowCSV,523,524,0.000411674
FlowCSV,524,525,0.000520482
FlowCSV,525,526,0.000774699
FlowCSV,526,527,0.000777441
FlowCSV,527,528,0.000972338
FlowCSV,528,529,0.000982973
FlowCSV,529,530,0.00107948
FlowCSV,530,531,0.00101371
FlowCSV,531,532,0.000986391
FlowCSV,532,533,0.000920107
FlowCSV,533,534,0.000841673
FlowCSV,534,535,0.000697817
FlowCSV,535,536,0.000533243
FlowCSV,536,537,0.118224
FlowCSV,537,538,0.000667692
FlowCSV,538,539,0.0010848
FlowCSV,539,540,0.000560405
FlowCSV,540,541,0.000647358
FlowCSV,541,542,0.00103962
FlowCSV,542,543,0.00162954
FlowCSV,543,544,0.00387651
FlowCSV,544,545,0.00535468
FlowCSV,545,546,0.00380494
FlowCSV,546,547,0.00330641
FlowCSV,547,548,0.00285269
FlowCSV,548,549,0.00265185
FlowCSV,549,550,0.00240724
FlowCSV,550,551,0.00162042
FlowCSV,551,552,0.00174889
FlowCSV,552,553,0.00209516
FlowCSV,553,554,0.0030963
FlowCSV,554,555,0.00375085
FlowCSV,555,556,0.00535597
FlowCSV,556,557,0.00568526
FlowCSV,557,558,0.0048656
FlowCSV,558,559,0.00384893
FlowCSV,559,560,0.00249198
FlowCSV,560,561,0.00174639
FlowCSV,561,562,0.00107727
FlowCSV,562,563,0.00121682
FlowCSV,563,564,0.00131927
FlowCSV,564,565,0.00151503
FlowCSV,565,566,0.00172942
FlowCSV,566,567,0.00179142
FlowCSV,567,568,0.00188863
FlowCSV,568,569,0.00247729
FlowCSV,569,570,0.001906
FlowCSV,570,571,0.00163506
FlowCSV,571,572,0.00162413
FlowCSV,572,573,0.00130209
FlowCSV,573,574,0.00102869
FlowCSV,574,575,0.000779465
FlowCSV,575,576,0.000961266
FlowCSV,576,577,0.00123616
FlowCSV,577,578,0.00129252
FlowCSV,578,579,0.00145577
FlowCSV,579,580,0.00135022
FlowCSV,580,581,0.00130119
FlowCSV,581,582,0.00150687
FlowCSV,582,583,0.00146694
FlowCSV,583,584,0.00174154
FlowCSV,584,585,0.00179631
FlowCSV,585,586,0.00189008
FlowCSV,586,587,0.00317109
FlowCSV,587,588,0.00238476
FlowCSV,588,589,0.00210808
FlowCSV,589,590,0.00172002
FlowCSV,590,591,0.000943218
FlowCSV,591,592,0.000726102
FlowCSV,592,593,0.000467064
FlowCSV,593,594,0.000803885
FlowCSV,594,595,0.000992489
FlowCSV,595,596,0.00123624
FlowCSV,596,597,0.00196003
FlowCSV,597,598,0.00204925
FlowCSV,598,599,0.00192802
FlowCSV,599,600,0.00170347
FlowCSV,600,601,0.00137482
FlowCSV,601,602,0.00162942
FlowCSV,602,603,0.00125845
FlowCSV,603,604,0.000887667
FlowCSV,604,605,0.000621757
FlowCSV,605,606,0.000530557
FlowCSV,606,607,0.000678379
FlowCSV,607,608,0.000868426
FlowCSV,608,609,0.000652695
FlowCSV,609,610,0.000727022
FlowCSV,610,611,0.000863895
FlowCSV,611,612,0.00144261
FlowCSV,612,613,0.00160941
FlowCSV,613,614,0.00187299
FlowCSV,614,615,0.00171737
FlowCSV,615,616,0.00204206
FlowCSV,616,617,0.00201832
FlowCSV,617,618,0.00190698
FlowCSV,618,619,0.00171269
FlowCSV,619,620,0.00165564
FlowCSV,620,621,0.00138524
FlowCSV,621,622,0.00138506
FlowCSV,622,623,0.00142884
FlowCSV,623,624,0.00140849
FlowCSV,624,625,0.00134022
FlowCSV,625,626,0.00138122
FlowCSV,626,627,0.0015058
FlowCSV,627,628,0.00140736
FlowCSV,628,629,0.00106587
FlowCSV,629,630,0.00103146
FlowCSV,630,631,0.000956478
FlowCSV,631,632,0.00110261
FlowCSV,632,633,0.00157186
FlowCSV,633,634,0.00124434
FlowCSV,634,635,0.000903121
FlowCSV,635,636,0.000842395
FlowCSV,636,637,0.00079864
FlowCSV,637,638,0.000753842
FlowCSV,638,639,0.000726545
FlowCSV,639,640,0.000773406
FlowCSV,640,641,0.195981
FlowCSV,641,642,0.00184421
FlowCSV,642,643,0.00155196
FlowCSV,643,644,0.00222282
FlowCSV,644,645,0.0021564
FlowCSV,645,646,0.00221184
FlowCSV,646,647,0.00234276
FlowCSV,647,648,0.00265345
FlowCSV,648,649,0.00281206
FlowCSV,649,650,0.00298741
FlowCSV,650,651,0.00308386
FlowCSV,651,652,0.00313524
FlowCSV,652,653,0.00318769
FlowCSV,653,654,0.00333404
FlowCSV,654,655,0.00340538
FlowCSV,655,656,0.00315869
FlowCSV,656,657,0.00246749
FlowCSV,657,658,0.00182055
FlowCSV,658,659,0.00183258
FlowCSV,659,660,0.00260486
FlowCSV,660,661,0.00272408
FlowCSV,661,662,0.00255045
FlowCSV,662,663,0.00217281
FlowCSV,663,664,0.00209449
FlowCSV,664,665,0.00328737
FlowCSV,665,666,0.00244814
FlowCSV,666,667,0.00280686
FlowCSV,667,668,0.00426136
FlowCSV,668,669,0.00303378
FlowCSV,669,670,0.00246583
FlowCSV,670,671,0.00156404
FlowCSV,671,672,0.00154053
FlowCSV,672,673,0.0018219
FlowCSV,673,674,0.00143314
FlowCSV,674,675,0.000617419
FlowCSV,675,676,0.142612
FlowCSV,676,677,0.000748915
FlowCSV,677,678,0.000846743
FlowCSV,678,679,0.00100852
FlowCSV,679,680,0.0013033
FlowCSV,680,681,0.00141867
FlowCSV,681,682,0.00182674
FlowCSV,682,683,0.00219162
FlowCSV,683,684,0.00195659
FlowCSV,684,685,0.00226679
FlowCSV,685,686,0.00242861
FlowCSV,686,687,0.00233612
FlowCSV,687,688,0.00237453
FlowCSV,688,689,0.00205203
FlowCSV,689,690,0.00190067
FlowCSV,690,691,0.00155167
FlowCSV,691,692,0.000987899
FlowCSV,692,693,0.000757065
FlowCSV,693,694,0.000852021
FlowCSV,694,695,0.00091019
FlowCSV,695,696,0.00134276
FlowCSV,696,697,0.00138575
FlowCSV,697,698,0.00130479
FlowCSV,698,699,0.00131237
FlowCSV,699,700,0.167902
FlowCSV,700,701,0.00344362
FlowCSV,701,702,0.00473407
FlowCSV,702,703,0.0033111
FlowCSV,703,704,0.00228687
FlowCSV,704,705,0.00274833
FlowCSV,705,706,0.00832287
FlowCSV,706,707,0.00998908
FlowCSV,707,708,0.0131282
FlowCSV,708,709,0.0167829
FlowCSV,709,710,0.0286314
FlowCSV,710,711,0.0152964
FlowCSV,711,712,0.017132
FlowCSV,712,713,0.00682478
FlowCSV,713,714,0.0209061
FlowCSV,714,715,0.0169332
FlowCSV,715,716,0.0167233
FlowCSV,716,717,0.00768853
FlowCSV,717,718,0.00671903
FlowCSV,718,719,0.00484762
FlowCSV,719,720,0.00306793
FlowCSV,720,721,0.0016645
FlowCSV,721,722,0.006018
FlowCSV,722,723,0.0112123
FlowCSV,723,724,0.014743
FlowCSV,724,725,0.0116182
FlowCSV,725,726,0.0175303
FlowCSV,726,727,0.0158498
FlowCSV,727,728,0.0195709
FlowCSV,728,729,0.0503446
FlowCSV,729,730,0.0493989
FlowCSV,730,731,0.0289667
FlowCSV,731,732,0.0144519
FlowCSV,732,733,0.00697078
FlowCSV,733,734,0.00635121
FlowCSV,734,735,0.00817225
FlowCSV,735,736,0.00818148
FlowCSV,736,737,0.00794393
FlowCSV,737,738,0.00703966
FlowCSV,738,739,0.00742854
FlowCSV,739,740,0.0094328
FlowCSV,740,741,0.00877522
FlowCSV,741,742,0.00600776
FlowCSV,742,743,0.00359572
FlowCSV,743,744,0.00277975
FlowCSV,744,745,0.00407011
FlowCSV,745,746,0.00567718
FlowCSV,746,747,0.0043327
FlowCSV,747,748,0.002711
FlowCSV,748,749,0.00320399
FlowCSV,749,750,0.00551761
FlowCSV,750,751,0.159483
FlowCSV,751,752,0.000424274
FlowCSV,752,753,0.000345145
FlowCSV,753,754,0.000473641
FlowCSV,754,755,0.000463329
FlowCSV,755,756,0.000614162
FlowCSV,756,757,0.000568768
FlowCSV,757,758,0.000579913
FlowCSV,758,759,0.000489184
FlowCSV,759,760,0.000496569
FlowCSV,760,761,0.000580097
FlowCSV,761,762,0.000612831
FlowCSV,762,763,0.000693222
FlowCSV,763,764,0.000493947
FlowCSV,764,765,0.000431613
FlowCSV,765,766,0.000892168
FlowCSV,766,767,0.00122938
FlowCSV,767,768,0.00145763
FlowCSV,768,769,0.00161974
FlowCSV,769,770,0.00144913
FlowCSV,770,771,0.00133851
FlowCSV,771,772,0.00134538
FlowCSV,772,773,0.00102712
FlowCSV,773,774,0.00108938
FlowCSV,774,775,0.000982214
FlowCSV,775,776,0.000909815
FlowCSV,776,777,0.000924077
FlowCSV,777,778,0.00104567
FlowCSV,778,779,0.000901425
FlowCSV,779,780,0.00075628
FlowCSV,780,781,0.000619364
FlowCSV,781,782,0.000496854
FlowCSV,782,783,0.000462974
FlowCSV,783,784,0.000225358
FlowCSV,784,785,0.000209943
FlowCSV,785,786,0.113775
FlowCSV,786,787,0.0125422
FlowCSV,787,788,0.0138407
FlowCSV,788,789,0.0188718
FlowCSV,789,790,0.0293383
FlowCSV,790,791,0.0259891
FlowCSV,791,792,0.0202658
FlowCSV,792,793,0.0144152
FlowCSV,793,794,0.0100107
FlowCSV,794,795,0.00527319
FlowCSV,795,796,0.00145779
FlowCSV,796,797,0.00273029
FlowCSV,797,798,0.00313113
FlowCSV,798,799,0.00335095
FlowCSV,799,800,0.00345744
FlowCSV,800,801,0.00468431
FlowCSV,801,802,0.0076194
FlowCSV,802,803,0.0102415
FlowCSV,803,804,0.011009
FlowCSV,804,805,0.0120516
FlowCSV,805,806,0.0124502
FlowCSV,806,807,0.0132488
FlowCSV,807,808,0.0123054
FlowCSV,808,809,0.00998705
FlowCSV,809,810,0.00737743
FlowCSV,810,811,0.00543262
FlowCSV,811,812,0.00269462
FlowCSV,812,813,0.0029921
FlowCSV,813,814,0.00410771
FlowCSV,814,815,0.00289215
FlowCSV,815,816,0.00136835
FlowCSV,816,817,0.00151846
FlowCSV,817,818,0.000590288
FlowCSV,818,819,0.0013784
FlowCSV,819,820,0.00345548
FlowCSV,820,821,0.00526338
FlowCSV,821,822,0.00776016
FlowCSV,822,823,0.0091087
FlowCSV,823,824,0.0895875
FlowCSV,824,825,0.00271426
FlowCSV,825,826,0.00232352
FlowCSV,826,827,0.00214805
FlowCSV,827,828,0.00141525
FlowCSV,828,829,0.00117415
FlowCSV,829,830,0.00131897
FlowCSV,830,831,0.00149982
FlowCSV,831,832,0.00132312
FlowCSV,832,833,0.00143581
FlowCSV,833,834,0.0014085
FlowCSV,834,835,0.00152326
FlowCSV,835,836,0.0016551
FlowCSV,836,837,0.001805
FlowCSV,837,838,0.00150425
FlowCSV,838,839,0.0017149
FlowCSV,839,840,0.00180548
FlowCSV,840,841,0.00166969
FlowCSV,841,842,0.0017143
FlowCSV,842,843,0.00159007
FlowCSV,843,844,0.00147552
FlowCSV,844,845,0.00153258
FlowCSV,845,846,0.00128994
FlowCSV,846,847,0.00176595
FlowCSV,847,848,0.00118351
FlowCSV,848,849,0.000806303
FlowCSV,849,850,0.000666763
FlowCSV,850,851,0.00041261
FlowCSV,851,852,0.000431928
FlowCSV,852,853,0.000558851
FlowCSV,853,854,0.000775594
FlowCSV,854,855,0.00112228
FlowCSV,855,856,0.00149981
FlowCSV,856,857,0.00154803
FlowCSV,857,858,0.00177973
FlowCSV,858,859,0.139961
FlowCSV,859,860,0.00181966
FlowCSV,860,861,0.00179959
FlowCSV,861,862,0.00171866
FlowCSV,862,863,0.00179879
FlowCSV,863,864,0.00172893
FlowCSV,864,865,0.00188294
FlowCSV,865,866,0.00174215
FlowCSV,866,867,0.00166636
FlowCSV,867,868,0.00152369
FlowCSV,868,869,0.0010786
FlowCSV,869,870,0.00128115
FlowCSV,870,871,0.00187459
FlowCSV,871,872,0.00291553
FlowCSV,872,873,0.00356359
FlowCSV,873,874,0.00297944
FlowCSV,874,875,0.00258977
FlowCSV,875,876,0.0021333
FlowCSV,876,877,0.00270362
FlowCSV,877,878,0.00198617
FlowCSV,878,879,0.00183732
FlowCSV,879,880,0.00155876
FlowCSV,880,881,0.0010965
FlowCSV,881,882,0.00245045
FlowCSV,882,883,0.00190012
FlowCSV,883,884,0.00196997
FlowCSV,884,885,0.00148134
FlowCSV,885,886,0.00185046
FlowCSV,886,887,0.00285544
FlowCSV,887,888,0.00329805
FlowCSV,888,889,0.00302584
FlowCSV,889,890,0.00338756
FlowCSV,890,891,0.0029486
FlowCSV,891,892,0.00269297
FlowCSV,892,893,0.00124011
FlowCSV,893,894,0.00205428
FlowCSV,894,895,0.00196916
FlowCSV,895,896,0.00124669
FlowCSV,896,897,0.000936747
FlowCSV,897,898,0.000829489
FlowCSV,898,899,0.00100619
FlowCSV,899,900,0.000788447
FlowCSV,900,901,0.000603986
FlowCSV,901,902,0.000379395
FlowCSV,902,903,0.000777039
FlowCSV,903,904,0.000518215
FlowCSV,904,905,0.000490564
FlowCSV,905,906,0.000493255
FlowCSV,906,907,0.000438442
FlowCSV,907,908,0.000436316
FlowCSV,908,909,0.000613574
FlowCSV,909,910,0.0009353
FlowCSV,910,911,0.00073978
FlowCSV,911,912,0.203604
FlowCSV,912,913,0.00919412
FlowCSV,913,914,0.0089748
FlowCSV,914,915,0.0069078
FlowCSV,915,916,0.00735533
FlowCSV,916,917,0.00851605
FlowCSV,917,918,0.00729762
FlowCSV,918,919,0.00403834
FlowCSV,919,920,0.0036089
FlowCSV,920,921,0.00531991
FlowCSV,921,922,0.00379624
FlowCSV,922,923,0.00176241
FlowCSV,923,924,0.00308282
FlowCSV,924,925,0.00432912
FlowCSV,925,926,0.0036093
FlowCSV,926,927,0.0029879
FlowCSV,927,928,0.00288513
FlowCSV,928,929,0.00311078
FlowCSV,929,930,0.0030652
FlowCSV,930,931,0.00376017
FlowCSV,931,932,0.00267379
FlowCSV,932,933,0.00206484
FlowCSV,933,934,0.00486851
FlowCSV,934,935,0.00556431
FlowCSV,935,936,0.00583412
FlowCSV,936,937,0.00572101
FlowCSV,937,938,0.00618553
FlowCSV,938,939,0.00623028
FlowCSV,939,940,0.00535275
FlowCSV,940,941,0.0042969
FlowCSV,941,942,0.00343711
FlowCSV,942,943,0.00340472
FlowCSV,943,944,0.0034292
FlowCSV,944,945,0.00397352
FlowCSV,945,946,0.00309118
FlowCSV,946,947,0.003302
FlowCSV,947,948,0.00486705
FlowCSV,948,949,0.00694981
FlowCSV,949,950,0.00817318
FlowCSV,950,951,0.00843779
FlowCSV,951,952,0.00792054
FlowCSV,952,953,0.00766525
FlowCSV,953,954,0.00719529
FlowCSV,954,955,0.00508687
FlowCSV,955,956,0.00304247
FlowCSV,956,957,0.131227
FlowCSV,957,958,0.00306149
FlowCSV,958,959,0.00357909
FlowCSV,959,960,0.00410103
FlowCSV,960,961,0.00480397
FlowCSV,961,962,0.00557383
FlowCSV,962,963,0.00771971
FlowCSV,963,964,0.00510239
FlowCSV,964,965,0.00431326
FlowCSV,965,966,0.00456063
FlowCSV,966,967,0.00345873
FlowCSV,967,968,0.00168778
FlowCSV,968,969,0.00144275
FlowCSV,969,970,0.00134103
FlowCSV,970,971,0.0035896
FlowCSV,971,972,0.00450035
FlowCSV,972,973,0.00550566
FlowCSV,973,974,0.00618233
FlowCSV,974,975,0.00565007
FlowCSV,975,976,0.00724645
FlowCSV,976,977,0.00669159
FlowCSV,977,978,0.00739408
FlowCSV,978,979,0.00785023
FlowCSV,979,980,0.00905657
FlowCSV,980,981,0.0119932
FlowCSV,981,982,0.0130818
FlowCSV,982,983,0.0184391
FlowCSV,983,984,0.0214999
FlowCSV,984,985,0.0184542
FlowCSV,985,986,0.018845
FlowCSV,986,987,0.0150648
FlowCSV,987,988,0.0124344
FlowCSV,988,989,0.0109786
FlowCSV,989,990,0.00855555
FlowCSV,990,991,0.0079462
FlowCSV,991,992,0.00916278
FlowCSV,992,993,0.00745343
FlowCSV,993,994,0.00725023
FlowCSV,994,995,0.00565567
FlowCSV,995,996,0.0062042
FlowCSV,996,997,0.00693557
FlowCSV,997,998,0.00673852
FlowCSV,998,999,0.00632379
FlowCSV,999,1000,0.00566577
FlowCSV,1000,1001,0.00428653
FlowCSV,1001,1002,0.00336119
FlowCSV,1002,1003,0.00271489
FlowCSV,1003,1004,0.00382835
FlowCSV,1004,1005,0.00406089
FlowCSV,1005,1006,0.00532478
FlowCSV,1006,1007,0.00453831
FlowCSV,1007,1008,0.00316607
FlowCSV,1008,1009,0.00400006
FlowCSV,1009,1010,0.00553868
FlowCSV,1010,1011,0.00716021
FlowCSV,1011,1012,0.00556189
FlowCSV,1012,1013,0.00595119
FlowCSV,1013,1014,0.00519333
FlowCSV,1014,1015,0.00363671
FlowCSV,1015,1016,0.00215337
FlowCSV,1016,1017,0.00342176
FlowCSV,1017,1018,0.00377822
FlowCSV,1018,1019,0.00437934
FlowCSV,1019,1020,0.0055571
FlowCSV,1020,1021,0.00468167
FlowCSV,1021,1022,0.00265636
FlowCSV,1022,1023,0.00332308
FlowCSV,1023,1024,0.00390591
FlowCSV,1024,1025,0.00258628
FlowCSV,1025,1026,0.00271631
FlowCSV,1026,1027,0.00458007
FlowCSV,1027,1028,0.00551817
FlowCSV,1028,1029,0.00496808
FlowCSV,1029,1030,0.00396408
FlowCSV,1030,1031,0.0032641
FlowCSV,1031,1032,0.00409959
FlowCSV,1032,1033,0.00428399
FlowCSV,1033,1034,0.00423576
FlowCSV,1034,1035,0.0039281
FlowCSV,1035,1036,0.00452252
FlowCSV,1036,1037,0.00439064
FlowCSV,1037,1038,0.0044847
FlowCSV,1038,1039,0.00442226
FlowCSV,1039,1040,0.00577726
FlowCSV,1040,1041,0.0063495
FlowCSV,1041,1042,0.00634005
FlowCSV,1042,1043,0.00421995
FlowCSV,1043,1044,0.00375022
FlowCSV,1044,1045,0.00278797
FlowCSV,1045,1046,0.00174526
FlowCSV,1046,1047,0.00217994
FlowCSV,1047,1048,0.00105687
FlowCSV,1048,1049,0.00102006
FlowCSV,1049,1050,0.00152639
FlowCSV,1050,1051,0.0019482
FlowCSV,1051,1052,0.00138758
FlowCSV,1052,1053,0.00158627
FlowCSV,1053,1054,0.00211613
FlowCSV,1054,1055,0.00221416
FlowCSV,1055,1056,0.00195598
FlowCSV,1056,1057,0.00265377
FlowCSV,1057,1058,0.00329599
FlowCSV,1058,1059,0.0045341
FlowCSV,1059,1060,0.00374339
FlowCSV,1060,1061,0.00332866
FlowCSV,1061,1062,0.0028554
FlowCSV,1062,1063,0.00277083
FlowCSV,1063,1064,0.00261156
FlowCSV,1064,1065,0.00221403
FlowCSV,1065,1066,0.00230818
FlowCSV,1066,1067,0.00227311
FlowCSV,1067,1068,0.00224494
FlowCSV,1068,1069,0.00117245
FlowCSV,1069,1070,0.00191805
FlowCSV,1070,1071,0.00180467
FlowCSV,1071,1072,0.00130259
FlowCSV,1072,1073,0.00110032
FlowCSV,1073,1074,0.00128259
FlowCSV,1074,1075,0.000853202
FlowCSV,1075,1076,0.000927203
FlowCSV,1076,1077,0.000805118
FlowCSV,1077,1078,0.000730709
FlowCSV,1078,1079,0.000753356
FlowCSV,1079,1080,0.00110404
FlowCSV,1080,1081,0.00101894
FlowCSV,1081,1082,0.00143319
FlowCSV,1082,1083,0.00137095
FlowCSV,1083,1084,0.00116319
FlowCSV,1084,1085,0.00137414
FlowCSV,1085,1086,0.00155404
FlowCSV,1086,1087,0.00126831
FlowCSV,1087,1088,0.000815699
FlowCSV,1088,1089,0.0014783
FlowCSV,1089,1090,0.00127656
FlowCSV,1090,1091,0.00122498
FlowCSV,1091,1092,0.00146628
FlowCSV,1092,1093,0.00223836
FlowCSV,1093,1094,0.00232511
FlowCSV,1094,1095,0.00182856
FlowCSV,1095,1096,0.0019297
FlowCSV,1096,1097,0.00250457
FlowCSV,1097,1098,0.00209462
FlowCSV,1098,1099,0.00215565
FlowCSV,1099,1100,0.00240141
FlowCSV,1100,1101,0.00340411
FlowCSV,1101,1102,0.00389996
FlowCSV,1102,1103,0.00314416
FlowCSV,1103,1104,0.00194855
FlowCSV,1104,1105,0.00174803
FlowCSV,1105,1106,0.00219957
FlowCSV,1106,1107,0.00191819
FlowCSV,1107,1108,0.00148589
FlowCSV,1108,1109,0.00175615
FlowCSV,1109,1110,0.00216208
FlowCSV,1110,1111,0.00219206
FlowCSV,1111,1112,0.00178259
FlowCSV,1112,1113,0.00179659
FlowCSV,1113,1114,0.000957774
FlowCSV,1114,1115,0.0011454
FlowCSV,1115,1116,0.00126361
FlowCSV,1116,1117,0.00140866
FlowCSV,1117,1118,0.00155522
FlowCSV,1118,1119,0.00275468
FlowCSV,1119,1120,0.00324958
FlowCSV,1120,1121,0.00236784
FlowCSV,1121,1122,0.00192578
FlowCSV,1122,1123,0.0034883
FlowCSV,1123,1124,0.00356782
FlowCSV,1124,1125,0.00352137
FlowCSV,1125,1126,0.00292201
FlowCSV,1126,1127,0.00371111
FlowCSV,1127,1128,0.00319315
FlowCSV,1128,1129,0.00264709
FlowCSV,1129,1130,0.00288548
FlowCSV,1130,1131,0.00450674
FlowCSV,1131,1132,0.003976
FlowCSV,1132,1133,0.00208767
FlowCSV,1133,1134,0.00388737
FlowCSV,1134,1135,0.00292794
FlowCSV,1135,1136,0.00266765
FlowCSV,1136,1137,0.00281164
FlowCSV,1137,1138,0.00202764
FlowCSV,1138,1139,0.00216053
FlowCSV,1139,1140,0.0023855
FlowCSV,1140,1141,0.00235505
FlowCSV,1141,1142,0.00218741
FlowCSV,1142,1143,0.00151838
FlowCSV,1143,1144,0.000605406
FlowCSV,1144,1145,0.00122894
FlowCSV,1145,1146,0.00260866
FlowCSV,1146,1147,0.00268553
FlowCSV,1147,1148,0.00258058
FlowCSV,1148,1149,0.0027402
FlowCSV,1149,1150,0.00146361
FlowCSV,1150,1151,0.000836971
FlowCSV,1151,1152,0.00184525
FlowCSV,1152,1153,0.00208655
FlowCSV,1153,1154,0.00175065
FlowCSV,1154,1155,0.00134007
FlowCSV,1155,1156,0.00168783
FlowCSV,1156,1157,0.00145403
FlowCSV,1157,1158,0.00161324
FlowCSV,1158,1159,0.00141342
FlowCSV,1159,1160,0.000804838
FlowCSV,1160,1161,0.00125325
FlowCSV,1161,1162,0.00112972
FlowCSV,1162,1163,0.00056426
FlowCSV,1163,1164,0.000498146
FlowCSV,1164,1165,0.0008121
FlowCSV,1165,1166,0.000935177
FlowCSV,1166,1167,0.000964354
FlowCSV,1167,1168,0.000840473
FlowCSV,1168,1169,0.000579477
FlowCSV,1169,1170,0.172081
FlowCSV,1170,1171,0.00349903
FlowCSV,1171,1172,0.00433807
FlowCSV,1172,1173,0.00467204
FlowCSV,1173,1174,0.00256642
FlowCSV,1174,1175,0.00162152
FlowCSV,1175,1176,0.0021702
FlowCSV,1176,1177,0.0015943
FlowCSV,1177,1178,0.0013553
FlowCSV,1178,1179,0.00118161
FlowCSV,1179,1180,0.0016255
FlowCSV,1180,1181,0.00234881
FlowCSV,1181,1182,0.0028186
FlowCSV,1182,1183,0.00341932
FlowCSV,1183,1184,0.00434734
FlowCSV,1184,1185,0.00562179
FlowCSV,1185,1186,0.00639945
FlowCSV,1186,1187,0.00646046
FlowCSV,1187,1188,0.00549483
FlowCSV,1188,1189,0.00485919
FlowCSV,1189,1190,0.00427126
FlowCSV,1190,1191,0.00410963
FlowCSV,1191,1192,0.00518953
FlowCSV,1192,1193,0.00504609
FlowCSV,1193,1194,0.00492809
FlowCSV,1194,1195,0.00271946
FlowCSV,1195,1196,0.00162601
FlowCSV,1196,1197,0.00232921
FlowCSV,1197,1198,0.00230263
FlowCSV,1198,1199,0.00268806
FlowCSV,1199,1200,0.00217446
FlowCSV,1200,1201,0.00277006
FlowCSV,1201,1202,0.00159999
FlowCSV,1202,1203,0.00171502
FlowCSV,1203,1204,0.00143752
FlowCSV,1204,1205,0.00130989
FlowCSV,1205,1206,0.00114562
FlowCSV,1206,1207,0.0012643
FlowCSV,1207,1208,0.00139689
FlowCSV,1208,1209,0.00191191
FlowCSV,1209,1210,0.00191573
FlowCSV,1210,1211,0.00149854
FlowCSV,1211,1212,0.00140656
FlowCSV,1212,1213,0.00210129
FlowCSV,1213,1214,0.00408229
FlowCSV,1214,1215,0.00250114
FlowCSV,1215,1216,0.00295651
FlowCSV,1216,1217,0.00282088
FlowCSV,1217,1218,0.00295613
FlowCSV,1218,1219,0.00298981
FlowCSV,1219,1220,0.00302379
FlowCSV,1220,1221,0.00467673
FlowCSV,1221,1222,0.00476701
FlowCSV,1222,1223,0.00367003
FlowCSV,1223,1224,0.00305454
FlowCSV,1224,1225,0.00469874
FlowCSV,1225,1226,0.0031969
FlowCSV,1226,1227,0.00398793
FlowCSV,1227,1228,0.00385429
FlowCSV,1228,1229,0.00395008
FlowCSV,1229,1230,0.00349144
FlowCSV,1230,1231,0.00285916
FlowCSV,1231,1232,0.0033947
FlowCSV,1232,1233,0.00279491
FlowCSV,1233,1234,0.00199161
FlowCSV,1234,1235,0.00141435
FlowCSV,1235,1236,0.00124431
FlowCSV,1236,1237,0.0014743
FlowCSV,1237,1238,0.00196836
FlowCSV,1238,1239,0.00279119
FlowCSV,1239,1240,0.00391149
FlowCSV,1240,1241,0.00519178
FlowCSV,1241,1242,0.00591933
FlowCSV,1242,1243,0.00606934
FlowCSV,1243,1244,0.00665005
FlowCSV,1244,1245,0.00417447
FlowCSV,1245,1246,0.00274499
FlowCSV,1246,1247,0.00239502
FlowCSV,1247,1248,0.0026139
FlowCSV,1248,1249,0.00268407
FlowCSV,1249,1250,0.00268648
FlowCSV,1250,1251,0.00252602
FlowCSV,1251,1252,0.00260552
FlowCSV,1252,1253,0.101125
FlowCSV,1253,1254,0.00209964
FlowCSV,1254,1255,0.00362704
FlowCSV,1255,1256,0.00520245
FlowCSV,1256,1257,0.00575694
FlowCSV,1257,1258,0.00669677
FlowCSV,1258,1259,0.00872021
FlowCSV,1259,1260,0.00297056
FlowCSV,1260,1261,0.00377706
FlowCSV,1261,1262,0.00258162
FlowCSV,1262,1263,0.00297241
FlowCSV,1263,1264,0.00321752
FlowCSV,1264,1265,0.00250161
FlowCSV,1265,1266,0.00228658
FlowCSV,1266,1267,0.00392863
FlowCSV,1267,1268,0.0046776
FlowCSV,1268,1269,0.00448583
FlowCSV,1269,1270,0.00367564
FlowCSV,1270,1271,0.00282629
FlowCSV,1271,1272,0.0025854
FlowCSV,1272,1273,0.00216647
FlowCSV,1273,1274,0.00187605
FlowCSV,1274,1275,0.00180603
FlowCSV,1275,1276,0.00147937
FlowCSV,1276,1277,0.00136464
FlowCSV,1277,1278,0.00135555
FlowCSV,1278,1279,0.00120201
FlowCSV,1279,1280,0.000909821
FlowCSV,1280,1281,0.000947473
FlowCSV,1281,1282,0.000527486
FlowCSV,1282,1283,0.000395015
FlowCSV,1283,1284,0.000811421
FlowCSV,1284,1285,0.000988755
FlowCSV,1285,1286,0.000914929
FlowCSV,1286,1287,0.00083883
FlowCSV,1287,1288,0.00129999
FlowCSV,1288,1289,0.00139967
FlowCSV,1289,1290,0.00126796
FlowCSV,1290,1291,0.00138852
FlowCSV,1291,1292,0.00194199
FlowCSV,1292,1293,0.00230438
FlowCSV,1293,1294,0.00153734
FlowCSV,1294,1295,0.00195546
FlowCSV,1295,1296,0.00161333
FlowCSV,1296,1297,0.000594705
FlowCSV,1297,1298,0.00139185
FlowCSV,1298,1299,0.00137852
FlowCSV,1299,1300,0.00154744
FlowCSV,1300,1301,0.00159017
FlowCSV,1301,1302,0.00107414
FlowCSV,1302,1303,0.000865916
FlowCSV,1303,1304,0.00134487
FlowCSV,1304,1305,0.00140927
FlowCSV,1305,1306,0.00131242
FlowCSV,1306,1307,0.00149137
FlowCSV,1307,1308,0.00147196
FlowCSV,1308,1309,0.0010752
FlowCSV,1309,1310,0.00094591
FlowCSV,1310,1311,0.000721945
FlowCSV,1311,1312,0.000687775
FlowCSV,1312,1313,0.000950978
FlowCSV,1313,1314,0.000892298
FlowCSV,1314,1315,0.00105513
FlowCSV,1315,1316,0.00128844
FlowCSV,1316,1317,0.00212539
FlowCSV,1317,1318,0.00266617
FlowCSV,1318,1319,0.00241517
FlowCSV,1319,1320,0.00195026
FlowCSV,1320,1321,0.00129414
FlowCSV,1321,1322,0.00101659
FlowCSV,1322,1323,0.0010258
FlowCSV,1323,1324,0.00159381
FlowCSV,1324,1325,0.00152103
FlowCSV,1325,1326,0.00162477
FlowCSV,1326,1327,0.000614524
FlowCSV,1327,1328,0.00112901
FlowCSV,1328,1329,0.000821262
FlowCSV,1329,1330,0.000682087
FlowCSV,1330,1331,0.0007076
FlowCSV,1331,1332,0.000510918
FlowCSV,1332,1333,0.000377003
FlowCSV,1333,1334,0.00027779
FlowCSV,1334,1335,0.000462662
FlowCSV,1335,1336,0.000312515
FlowCSV,1336,1337,0.00044805
FlowCSV,1337,1338,0.000466
FlowCSV,1338,1339,0.000530003
FlowCSV,1339,1340,0.000807546
FlowCSV,1340,1341,0.000793035
FlowCSV,1341,1342,0.000857067
FlowCSV,1342,1343,0.00105657
FlowCSV,1343,1344,0.001187
FlowCSV,1344,1345,0.00119498
FlowCSV,1345,1346,0.00107983
FlowCSV,1346,1347,0.000523986
FlowCSV,1347,1348,0.000510475
FlowCSV,1348,1349,0.148694
FlowCSV,1349,1350,0.0145259
FlowCSV,1350,1351,0.0227444
FlowCSV,1351,1352,0.0238643
FlowCSV,1352,1353,0.0246128
FlowCSV,1353,1354,0.0118304
FlowCSV,1354,1355,0.0148066
FlowCSV,1355,1356,0.0161017
FlowCSV,1356,1357,0.00817793
FlowCSV,1357,1358,0.024908
FlowCSV,1358,1359,0.0466221
FlowCSV,1359,1360,0.0290621
FlowCSV,1360,1361,0.0287234
FlowCSV,1361,1362,0.0223749
FlowCSV,1362,1363,0.0163047
FlowCSV,1363,1364,0.0151449
FlowCSV,1364,1365,0.0125383
FlowCSV,1365,1366,0.0164972
FlowCSV,1366,1367,0.0199314
FlowCSV,1367,1368,0.00964896
FlowCSV,1368,1369,0.00478765
FlowCSV,1369,1370,0.00308033
FlowCSV,1370,1371,0.00152671
FlowCSV,1371,1372,0.00290045
FlowCSV,1372,1373,0.00262866
FlowCSV,1373,1374,0.00437863
FlowCSV,1374,1375,0.00601325
FlowCSV,1375,1376,0.0084627
FlowCSV,1376,1377,0.00951463
FlowCSV,1377,1378,0.00729805
FlowCSV,1378,1379,0.00514009
FlowCSV,1379,1380,0.00732648
FlowCSV,1380,1381,0.00607228
FlowCSV,1381,1382,0.00276059
FlowCSV,1382,1383,0.00213012
FlowCSV,1383,1384,0.00586979
FlowCSV,1384,1385,0.00419331
FlowCSV,1385,1386,0.00193989
FlowCSV,1386,1387,0.00188878
FlowCSV,1387,1388,0.00139856
FlowCSV,1388,1389,0.00104226
FlowCSV,1389,1390,0.00186079
FlowCSV,1390,1391,0.00246458
FlowCSV,1391,1392,0.00480322
FlowCSV,1392,1393,0.0018518
FlowCSV,1393,1394,0.00686354
FlowCSV,1394,1395,0.00818278
FlowCSV,1395,1396,0.0112015
FlowCSV,1396,1397,0.0100381
FlowCSV,1397,1398,0.00459884
FlowCSV,1398,1399,0.00397669
FlowCSV,1399,1400,0.00600001
FlowCSV,1400,1401,0.00152332
FlowCSV,1401,1402,0.00534735
FlowCSV,1402,1403,0.00862536
FlowCSV,1403,1404,0.00891592
FlowCSV,1404,1405,0.00530605
FlowCSV,1405,1406,0.0017823
FlowCSV,1406,1407,0.000813021
FlowCSV,1407,1408,0.000604216
FlowCSV,1408,1409,0.000834235
FlowCSV,1409,1410,0.00214042
FlowCSV,1410,1411,0.00254075
FlowCSV,1411,1412,0.15127
FlowCSV,1412,1413,0.00107798
FlowCSV,1413,1414,0.00103963
FlowCSV,1414,1415,0.00117036
FlowCSV,1415,1416,0.000978163
FlowCSV,1416,1417,0.000958517
FlowCSV,1417,1418,0.00143996
FlowCSV,1418,1419,0.00171846
FlowCSV,1419,1420,0.00137778
FlowCSV,1420,1421,0.00245389
FlowCSV,1421,1422,0.00244907
FlowCSV,1422,1423,0.00163131
FlowCSV,1423,1424,0.00111507
FlowCSV,1424,1425,0.000889258
FlowCSV,1425,1426,0.000939012
FlowCSV,1426,1427,0.00100238
FlowCSV,1427,1428,0.00115046
FlowCSV,1428,1429,0.000984267
FlowCSV,1429,1430,0.000874323
FlowCSV,1430,1431,0.00066055
FlowCSV,1431,1432,0.000793936
FlowCSV,1432,1433,0.000792144
FlowCSV,1433,1434,0.000908069
FlowCSV,1434,1435,0.000587073
FlowCSV,1435,1436,0.000511153
FlowCSV,1436,1437,0.000462873
FlowCSV,1437,1438,0.000548678
FlowCSV,1438,1439,0.000474946
FlowCSV,1439,1440,0.000435186
FlowCSV,1440,1441,0.000490324
FlowCSV,1441,1442,0.000905871
FlowCSV,1442,1443,0.00161752
FlowCSV,1443,1444,0.00215927
FlowCSV,1444,1445,0.00243129
FlowCSV,1445,1446,0.00202199
FlowCSV,1446,1447,0.00107749
FlowCSV,1447,1448,0.00083047
FlowCSV,1448,1449,0.00184082
FlowCSV,1449,1450,0.00228183
FlowCSV,1450,1451,0.00205054
FlowCSV,1451,1452,0.00101158
FlowCSV,1452,1453,0.000491226
FlowCSV,1453,1454,0.00055347
FlowCSV,1454,1455,0.00109772
FlowCSV,1455,1456,0.00113247
FlowCSV,1456,1457,0.00136922
FlowCSV,1457,1458,0.00120277
FlowCSV,1458,1459,0.00109739
FlowCSV,1459,1460,0.157352
FlowCSV,1460,1461,0.00821399
FlowCSV,1461,1462,0.0304249
FlowCSV,1462,1463,0.0364783
FlowCSV,1463,1464,0.0092097
FlowCSV,1464,1465,0.0177832
FlowCSV,1465,1466,0.024943
FlowCSV,1466,1467,0.0115937
FlowCSV,1467,1468,0.0118526
FlowCSV,1468,1469,0.0273705
FlowCSV,1469,1470,0.0167444
FlowCSV,1470,1471,0.00669739
FlowCSV,1471,1472,0.00366007
FlowCSV,1472,1473,0.00159731
FlowCSV,1473,1474,0.00744051
FlowCSV,1474,1475,0.00843813
FlowCSV,1475,1476,0.00671039
FlowCSV,1476,1477,0.00192733
FlowCSV,1477,1478,0.00338236
FlowCSV,1478,1479,0.00922741
FlowCSV,1479,1480,0.0131645
FlowCSV,1480,1481,0.0250043
FlowCSV,1481,1482,0.01789
FlowCSV,1482,1483,0.00637588
FlowCSV,1483,1484,0.00226456
FlowCSV,1484,1485,0.00493605
FlowCSV,1485,1486,0.00405388
FlowCSV,1486,1487,0.00324701
FlowCSV,1487,1488,0.00957731
FlowCSV,1488,1489,0.0133942
FlowCSV,1489,1490,0.00923709
FlowCSV,1490,1491,0.0134416
FlowCSV,1491,1492,0.132785
FlowCSV,1492,1493,0.00238978
FlowCSV,1493,1494,0.00315162
FlowCSV,1494,1495,0.00346393
FlowCSV,1495,1496,0.00251545
FlowCSV,1496,1497,0.00255145
FlowCSV,1497,1498,0.00505809
FlowCSV,1498,1499,0.0169348
FlowCSV,1499,1500,0.0497429
FlowCSV,1500,1501,0.0194307
FlowCSV,1501,1502,0.0126488
FlowCSV,1502,1503,0.00509148
FlowCSV,1503,1504,0.0610188
FlowCSV,1504,1505,0.0100117
FlowCSV,1505,1506,0.0176202
FlowCSV,1506,1507,0.0129547
FlowCSV,1507,1508,0.00688016
FlowCSV,1508,1509,0.00358261
FlowCSV,1509,1510,0.00155011
FlowCSV,1510,1511,0.00138941
FlowCSV,1511,1512,0.0017755
FlowCSV,1512,1513,0.0027654
FlowCSV,1513,1514,0.00435297
FlowCSV,1514,1515,0.00468511
FlowCSV,1515,1516,0.00232766
FlowCSV,1516,1517,0.00310471
FlowCSV,1517,1518,0.00298053
FlowCSV,1518,1519,0.00285447
FlowCSV,1519,1520,0.00169882
FlowCSV,1520,1521,0.00302566
FlowCSV,1521,1522,0.124447
FlowCSV,1522,1523,0.0100188
FlowCSV,1523,1524,0.00984411
FlowCSV,1524,1525,0.0140696
FlowCSV,1525,1526,0.0240924
FlowCSV,1526,1527,0.0265625
FlowCSV,1527,1528,0.0278767
FlowCSV,1528,1529,0.0228327
FlowCSV,1529,1530,0.0216219
FlowCSV,1530,1531,0.0127532
FlowCSV,1531,1532,0.00924581
FlowCSV,1532,1533,0.00653568
FlowCSV,1533,1534,0.00273468
FlowCSV,1534,1535,0.00250128
FlowCSV,1535,1536,0.00404735
FlowCSV,1536,1537,0.0041533
FlowCSV,1537,1538,0.00443513
FlowCSV,1538,1539,0.00754286
FlowCSV,1539,1540,0.0121471
FlowCSV,1540,1541,0.0181373
FlowCSV,1541,1542,0.0208912
FlowCSV,1542,1543,0.0239472
FlowCSV,1543,1544,0.0259889
FlowCSV,1544,1545,0.0218536
FlowCSV,1545,1546,0.0191464
FlowCSV,1546,1547,0.0126636
FlowCSV,1547,1548,0.00898787
FlowCSV,1548,1549,0.00698178
FlowCSV,1549,1550,0.00729516
FlowCSV,1550,1551,0.0109483
FlowCSV,1551,1552,0.0148565
FlowCSV,1552,1553,0.0188145
FlowCSV,1553,1554,0.0222195
FlowCSV,1554,1555,0.026032
FlowCSV,1555,1556,0.0242107
FlowCSV,1556,1557,0.0233017
FlowCSV,1557,1558,0.019876
FlowCSV,1558,1559,0.0166639
FlowCSV,1559,1560,0.0114609
FlowCSV,1560,1561,0.017189
FlowCSV,1561,1562,0.0135772
FlowCSV,1562,1563,0.00904955
FlowCSV,1563,1564,0.0101069
FlowCSV,1564,1565,0.0138796
FlowCSV,1565,1566,0.0118443
FlowCSV,1566,1567,0.0130338
FlowCSV,1567,1568,0.0149639
FlowCSV,1568,1569,0.0138895
FlowCSV,1569,1570,0.0240683
FlowCSV,1570,1571,0.0492954
FlowCSV,1571,1572,0.0893456
FlowCSV,1572,1573,0.0779682
FlowCSV,1573,1574,0.0300612
FlowCSV,1574,1575,0.0280318
FlowCSV,1575,1576,0.0488457
FlowCSV,1576,1577,0.0560466
FlowCSV,1577,1578,0.0618548
FlowCSV,1578,1579,0.0570787
FlowCSV,1579,1580,0.0532258
FlowCSV,1580,1581,0.0431193
FlowCSV,1581,1582,0.0346708
FlowCSV,1582,1583,0.0341563
FlowCSV,1583,1584,0.0325621
FlowCSV,1584,1585,0.0339938
FlowCSV,1585,1586,0.0256843
FlowCSV,1586,1587,0.0115791
FlowCSV,1587,1588,0.0029806
FlowCSV,1588,1589,0.0147836
FlowCSV,1589,1590,0.0093536
FlowCSV,1590,1591,0.0053325
FlowCSV,1591,1592,0.00651278
FlowCSV,1592,1593,0.0056778
FlowCSV,1593,1594,0.00405522
FlowCSV,1594,1595,0.00394891
FlowCSV,1595,1596,0.00127313
FlowCSV,1596,1597,0.00373032
FlowCSV,1597,1598,0.000850765
FlowCSV,1598,1599,0.00361829
FlowCSV,1599,1600,0.00114441
FlowCSV,1600,1601,0.00486957
FlowCSV,1601,1602,0.00315071
FlowCSV,1602,1603,0.011453
FlowCSV,1603,1604,0.00331273
FlowCSV,1604,1605,0.00848559
FlowCSV,1605,1606,0.012882
FlowCSV,1606,1607,0.0134221
FlowCSV,1607,1608,0.0135153
FlowCSV,1608,1609,0.00410183
FlowCSV,1609,1610,0.00246777
FlowCSV,1610,1611,0.00664786
FlowCSV,1611,1612,0.00856928
FlowCSV,1612,1613,0.00616775
FlowCSV,1613,1614,0.0057584
FlowCSV,1614,1615,0.0072531
FlowCSV,1615,1616,0.00815374
FlowCSV,1616,1617,0.00481331
FlowCSV,1617,1618,0.00646495
FlowCSV,1618,1619,0.00583081
FlowCSV,1619,1620,0.00571404
FlowCSV,1620,1621,0.0181015
FlowCSV,1621,1622,0.0270047
FlowCSV,1622,1623,0.0276844
FlowCSV,1623,1624,0.0322201
FlowCSV,1624,1625,0.0325416
FlowCSV,1625,1626,0.0186726
FlowCSV,1626,1627,0.0101002
FlowCSV,1627,1628,0.00996216
FlowCSV,1628,1629,0.00253141
FlowCSV,1629,1630,0.00481899
FlowCSV,1630,1631,0.00549966
FlowCSV,1631,1632,0.00414023
FlowCSV,1632,1633,0.00146016
FlowCSV,1633,1634,0.004031
FlowCSV,1634,1635,0.00937928
FlowCSV,1635,1636,0.00958593
FlowCSV,1636,1637,0.010979
FlowCSV,1637,1638,0.0125639
FlowCSV,1638,1639,0.32079
FlowCSV,1639,1640,0
FlowCSV,1640,1641,0
FlowCSV,1641,1642,0
FlowCSV,1642,1643,0
FlowCSV,1643,1644,0
FlowCSV,1644,1645,0
FlowCSV,1645,1646,0
FlowCSV,1646,1647,0
FlowCSV,1647,1648,0
FlowCSV,1648,1649,0
FlowCSV,1649,1650,0
FlowCSV,1650,1651,0
FlowCSV,1651,1652,0
FlowCSV,1652,1653,0
FlowCSV,1653,1654,0
FlowCSV,1654,1655,0
FlowCSV,1655,1656,0
FlowCSV,1656,1657,0
FlowCSV,1657,1658,0
FlowCSV,1658,1659,0
FlowCSV,1659,1660,0
FlowCSV,1660,1661,0
FlowCSV,1661,1662,0
FlowCSV,1662,1663,0
FlowCSV,1663,1664,0

General Information
  File: ../recordings/acmmm2011/video/limitless-1080.mov
  Dimensions: 1920 x 816
  Coefficient Planes: 0
  Frames Rendered: 1664

Configuration Information:
  Configuring NDDI to compute optical flow.

Transmission Statistics:
  Total Pixel Data Updated (bytes): 7821066240 Total NDDI Cost (bytes): 0 Ratio: 0

Memory Statistics:
  Input Vector
    - Num Reads: 0 - Bytes Read: 0
    - Num Writes: 0 - Bytes Written: 0
  Coefficient Plane
    - Num Reads: 0 - Bytes Read: 0
    - Num Writes: 0 - Bytes Written: 0
  Frame Volume
    - Num Reads: 0 - Bytes Read: 0
    - Num Writes: 0 - Bytes Written: 0

Pixel Statistics:
  Pixel Mappings: 0
  Pixel Blends: 0

Performance Statistics:
  Average FPS: 16.5351

Quality Statistics:
  Use --psnr to enable.

CSV Headings:
Frames,Commands Sent,Bytes Transmitted,IV Num Reads,IV Bytes Read,IV Num Writes,IV Bytes Written,CP Num Reads,CP Bytes Read,CP Num Writes,CP Bytes Written,FV Num Reads,FV Bytes Read,FV Num Writes,FV Bytes Written,FV Time,Pixels Mapped,Pixels Blended,PSNR,File Name
1664 , 0 , 0 , 0 , 0 , 0 , 0 , 0 , 0 , 0 , 0 , 0 , 0 , 0 , 0 , 0 , 0 , 0 , inf,../recordings/acmmm2011/video/limitless-1080.mov
